Date,Forward,Contract,Route,Price
1/1/2024,M1,M_Jan_2024,BCI5TC,24000
1/1/2024,M2,M_Feb_2024,BCI5TC,14875
1/1/2024,M3,M_Mar_2024,BCI5TC,15625
1/1/2024,Q0,M_Apr_2024,BCI5TC,13250
1/1/2024,Q1,Q_1_2024,BCI5TC,17950
1/1/2024,Q2,Q_2_2024,BCI5TC,19750
1/1/2024,Q3,Q_3_2024,BCI5TC,21000
1/1/2024,Y0,Q_4_2024,BCI5TC,21571
1/1/2024,Y1,Y_2024,BCI5TC,20050
1/1/2024,Y2,Y_2025,BCI5TC,18000
1/1/2024,Y3,Y_2026,BCI5TC,17586
1/1/2024,M0,Y_2027,BCI5TC,17421
1/2/2024,M1,M_Jan_2024,BCI5TC,22375
1/2/2024,M2,M_Feb_2024,BCI5TC,13575
1/2/2024,M3,M_Mar_2024,BCI5TC,14875
1/2/2024,Q0,M_Apr_2024,BCI5TC,16900
1/2/2024,Q1,Q_1_2024,BCI5TC,16900
1/2/2024,Q2,Q_2_2024,BCI5TC,18850
1/2/2024,Q3,Q_3_2024,BCI5TC,21175
1/2/2024,Y0,Q_4_2024,BCI5TC,21289
1/2/2024,Y1,Y_2024,BCI5TC,19625
1/2/2024,Y2,Y_2025,BCI5TC,17750
1/2/2024,Y3,Y_2026,BCI5TC,17450
1/2/2024,M0,Y_2027,BCI5TC,17307
1/3/2024,M1,M_Jan_2024,BCI5TC,22175
1/3/2024,M2,M_Feb_2024,BCI5TC,13375
1/3/2024,M3,M_Mar_2024,BCI5TC,14975
1/3/2024,Q0,M_Apr_2024,BCI5TC,17125
1/3/2024,Q1,Q_1_2024,BCI5TC,16800
1/3/2024,Q2,Q_2_2024,BCI5TC,18825
1/3/2024,Q3,Q_3_2024,BCI5TC,21000
1/3/2024,Y0,Q_4_2024,BCI5TC,21346
1/3/2024,Y1,Y_2024,BCI5TC,19450
1/3/2024,Y2,Y_2025,BCI5TC,17800
1/3/2024,Y3,Y_2026,BCI5TC,17471
1/3/2024,M0,Y_2027,BCI5TC,17339
1/4/2024,M1,M_Jan_2024,BCI5TC,24125
1/4/2024,M2,M_Feb_2024,BCI5TC,15250
1/4/2024,M3,M_Mar_2024,BCI5TC,16250
1/4/2024,Q0,M_Apr_2024,BCI5TC,17425
1/4/2024,Q1,Q_1_2024,BCI5TC,18525
1/4/2024,Q2,Q_2_2024,BCI5TC,19650
1/4/2024,Q3,Q_3_2024,BCI5TC,21700
1/4/2024,Y0,Q_4_2024,BCI5TC,21886
1/4/2024,Y1,Y_2024,BCI5TC,20475
1/4/2024,Y2,Y_2025,BCI5TC,18175
1/4/2024,Y3,Y_2026,BCI5TC,17629
1/4/2024,M0,Y_2027,BCI5TC,17479
1/5/2024,M1,M_Jan_2024,BCI5TC,22875
1/5/2024,M2,M_Feb_2024,BCI5TC,14625
1/5/2024,M3,M_Mar_2024,BCI5TC,15750
1/5/2024,Q0,M_Apr_2024,BCI5TC,17375
1/5/2024,Q1,Q_1_2024,BCI5TC,17750
1/5/2024,Q2,Q_2_2024,BCI5TC,19200
1/5/2024,Q3,Q_3_2024,BCI5TC,21350
1/5/2024,Y0,Q_4_2024,BCI5TC,21493
1/5/2024,Y1,Y_2024,BCI5TC,20000
1/5/2024,Y2,Y_2025,BCI5TC,18000
1/5/2024,Y3,Y_2026,BCI5TC,17561
1/5/2024,M0,Y_2027,BCI5TC,17407
1/8/2024,M1,M_Jan_2024,BCI5TC,22875
1/8/2024,M2,M_Feb_2024,BCI5TC,14625
1/8/2024,M3,M_Mar_2024,BCI5TC,15750
1/8/2024,Q0,M_Apr_2024,BCI5TC,17375
1/8/2024,Q1,Q_1_2024,BCI5TC,17750
1/8/2024,Q2,Q_2_2024,BCI5TC,19200
1/8/2024,Q3,Q_3_2024,BCI5TC,21350
1/8/2024,Y0,Q_4_2024,BCI5TC,20914
1/8/2024,Y1,Y_2024,BCI5TC,20000
1/8/2024,Y2,Y_2025,BCI5TC,18000
1/8/2024,Y3,Y_2026,BCI5TC,17264
1/8/2024,M0,Y_2027,BCI5TC,17257
1/9/2024,M1,M_Jan_2024,BCI5TC,20225
1/9/2024,M2,M_Feb_2024,BCI5TC,11800
1/9/2024,M3,M_Mar_2024,BCI5TC,13750
1/9/2024,Q0,M_Apr_2024,BCI5TC,15975
1/9/2024,Q1,Q_1_2024,BCI5TC,15250
1/9/2024,Q2,Q_2_2024,BCI5TC,17500
1/9/2024,Q3,Q_3_2024,BCI5TC,20250
1/9/2024,Y0,Q_4_2024,BCI5TC,20643
1/9/2024,Y1,Y_2024,BCI5TC,18400
1/9/2024,Y2,Y_2025,BCI5TC,17250
1/9/2024,Y3,Y_2026,BCI5TC,17207
1/9/2024,M0,Y_2027,BCI5TC,17186
1/10/2024,M1,M_Jan_2024,BCI5TC,20550
1/10/2024,M2,M_Feb_2024,BCI5TC,12375
1/10/2024,M3,M_Mar_2024,BCI5TC,14450
1/10/2024,Q0,M_Apr_2024,BCI5TC,16075
1/10/2024,Q1,Q_1_2024,BCI5TC,15762.5
1/10/2024,Q2,Q_2_2024,BCI5TC,17725
1/10/2024,Q3,Q_3_2024,BCI5TC,20500
1/10/2024,Y0,Q_4_2024,BCI5TC,20971
1/10/2024,Y1,Y_2024,BCI5TC,18850
1/10/2024,Y2,Y_2025,BCI5TC,17450
1/10/2024,Y3,Y_2026,BCI5TC,17257
1/10/2024,M0,Y_2027,BCI5TC,17229
1/11/2024,M1,M_Jan_2024,BCI5TC,19500
1/11/2024,M2,M_Feb_2024,BCI5TC,11625
1/11/2024,M3,M_Mar_2024,BCI5TC,13875
1/11/2024,Q0,M_Apr_2024,BCI5TC,15800
1/11/2024,Q1,Q_1_2024,BCI5TC,15000
1/11/2024,Q2,Q_2_2024,BCI5TC,17325
1/11/2024,Q3,Q_3_2024,BCI5TC,20375
1/11/2024,Y0,Q_4_2024,BCI5TC,20707
1/11/2024,Y1,Y_2024,BCI5TC,18400
1/11/2024,Y2,Y_2025,BCI5TC,17250
1/11/2024,Y3,Y_2026,BCI5TC,17179
1/11/2024,M0,Y_2027,BCI5TC,17214
1/12/2024,M1,M_Jan_2024,BCI5TC,18875
1/12/2024,M2,M_Feb_2024,BCI5TC,11550
1/12/2024,M3,M_Mar_2024,BCI5TC,13825
1/12/2024,Q0,M_Apr_2024,BCI5TC,15500
1/12/2024,Q1,Q_1_2024,BCI5TC,14700
1/12/2024,Q2,Q_2_2024,BCI5TC,17125
1/12/2024,Q3,Q_3_2024,BCI5TC,20025
1/12/2024,Y0,Q_4_2024,BCI5TC,20493
1/12/2024,Y1,Y_2024,BCI5TC,18075
1/12/2024,Y2,Y_2025,BCI5TC,17000
1/12/2024,Y3,Y_2026,BCI5TC,17071
1/12/2024,M0,Y_2027,BCI5TC,17186
1/15/2024,M1,M_Jan_2024,BCI5TC,17375
1/15/2024,M2,M_Feb_2024,BCI5TC,10125
1/15/2024,M3,M_Mar_2024,BCI5TC,12875
1/15/2024,Q0,M_Apr_2024,BCI5TC,14925
1/15/2024,Q1,Q_1_2024,BCI5TC,13600
1/15/2024,Q2,Q_2_2024,BCI5TC,16675
1/15/2024,Q3,Q_3_2024,BCI5TC,19625
1/15/2024,Y0,Q_4_2024,BCI5TC,20186
1/15/2024,Y1,Y_2024,BCI5TC,17575
1/15/2024,Y2,Y_2025,BCI5TC,16650
1/15/2024,Y3,Y_2026,BCI5TC,16821
1/15/2024,M0,Y_2027,BCI5TC,16971
1/16/2024,M1,M_Jan_2024,BCI5TC,18550
1/16/2024,M2,M_Feb_2024,BCI5TC,11625
1/16/2024,M3,M_Mar_2024,BCI5TC,14400
1/16/2024,Q0,M_Apr_2024,BCI5TC,16000
1/16/2024,Q1,Q_1_2024,BCI5TC,14875
1/16/2024,Q2,Q_2_2024,BCI5TC,17375
1/16/2024,Q3,Q_3_2024,BCI5TC,20250
1/16/2024,Y0,Q_4_2024,BCI5TC,20832
1/16/2024,Y1,Y_2024,BCI5TC,18325
1/16/2024,Y2,Y_2025,BCI5TC,16925
1/16/2024,Y3,Y_2026,BCI5TC,17004
1/16/2024,M0,Y_2027,BCI5TC,17100
1/17/2024,M1,M_Jan_2024,BCI5TC,18675
1/17/2024,M2,M_Feb_2024,BCI5TC,11975
1/17/2024,M3,M_Mar_2024,BCI5TC,15000
1/17/2024,Q0,M_Apr_2024,BCI5TC,16500
1/17/2024,Q1,Q_1_2024,BCI5TC,15100
1/17/2024,Q2,Q_2_2024,BCI5TC,17425
1/17/2024,Q3,Q_3_2024,BCI5TC,20500
1/17/2024,Y0,Q_4_2024,BCI5TC,20968
1/17/2024,Y1,Y_2024,BCI5TC,18425
1/17/2024,Y2,Y_2025,BCI5TC,17125
1/17/2024,Y3,Y_2026,BCI5TC,17257
1/17/2024,M0,Y_2027,BCI5TC,17286
1/18/2024,M1,M_Jan_2024,BCI5TC,20500
1/18/2024,M2,M_Feb_2024,BCI5TC,14625
1/18/2024,M3,M_Mar_2024,BCI5TC,17625
1/18/2024,Q0,M_Apr_2024,BCI5TC,18750
1/18/2024,Q1,Q_1_2024,BCI5TC,17575
1/18/2024,Q2,Q_2_2024,BCI5TC,19500
1/18/2024,Q3,Q_3_2024,BCI5TC,21500
1/18/2024,Y0,Q_4_2024,BCI5TC,22018
1/18/2024,Y1,Y_2024,BCI5TC,20225
1/18/2024,Y2,Y_2025,BCI5TC,17875
1/18/2024,Y3,Y_2026,BCI5TC,17729
1/18/2024,M0,Y_2027,BCI5TC,17621
1/19/2024,M1,M_Jan_2024,BCI5TC,20950
1/19/2024,M2,M_Feb_2024,BCI5TC,14250
1/19/2024,M3,M_Mar_2024,BCI5TC,17275
1/19/2024,Q0,M_Apr_2024,BCI5TC,18500
1/19/2024,Q1,Q_1_2024,BCI5TC,17337.5
1/19/2024,Q2,Q_2_2024,BCI5TC,18600
1/19/2024,Q3,Q_3_2024,BCI5TC,20850
1/19/2024,Y0,Q_4_2024,BCI5TC,21293
1/19/2024,Y1,Y_2024,BCI5TC,19412.5
1/19/2024,Y2,Y_2025,BCI5TC,17775
1/19/2024,Y3,Y_2026,BCI5TC,17614
1/19/2024,M0,Y_2027,BCI5TC,17550
1/22/2024,M1,M_Jan_2024,BCI5TC,19750
1/22/2024,M2,M_Feb_2024,BCI5TC,12625
1/22/2024,M3,M_Mar_2024,BCI5TC,16025
1/22/2024,Q0,M_Apr_2024,BCI5TC,16900
1/22/2024,Q1,Q_1_2024,BCI5TC,16150
1/22/2024,Q2,Q_2_2024,BCI5TC,17775
1/22/2024,Q3,Q_3_2024,BCI5TC,20500
1/22/2024,Y0,Q_4_2024,BCI5TC,20879
1/22/2024,Y1,Y_2024,BCI5TC,18800
1/22/2024,Y2,Y_2025,BCI5TC,17400
1/22/2024,Y3,Y_2026,BCI5TC,17393
1/22/2024,M0,Y_2027,BCI5TC,17400
1/23/2024,M1,M_Jan_2024,BCI5TC,20000
1/23/2024,M2,M_Feb_2024,BCI5TC,13625
1/23/2024,M3,M_Mar_2024,BCI5TC,16200
1/23/2024,Q0,M_Apr_2024,BCI5TC,17450
1/23/2024,Q1,Q_1_2024,BCI5TC,16625
1/23/2024,Q2,Q_2_2024,BCI5TC,18875
1/23/2024,Q3,Q_3_2024,BCI5TC,20875
1/23/2024,Y0,Q_4_2024,BCI5TC,21143
1/23/2024,Y1,Y_2024,BCI5TC,19400
1/23/2024,Y2,Y_2025,BCI5TC,17625
1/23/2024,Y3,Y_2026,BCI5TC,17500
1/23/2024,M0,Y_2027,BCI5TC,17464
1/24/2024,M1,M_Jan_2024,BCI5TC,21125
1/24/2024,M2,M_Feb_2024,BCI5TC,15050
1/24/2024,M3,M_Mar_2024,BCI5TC,18000
1/24/2024,Q0,M_Apr_2024,BCI5TC,19000
1/24/2024,Q1,Q_1_2024,BCI5TC,18025
1/24/2024,Q2,Q_2_2024,BCI5TC,19875
1/24/2024,Q3,Q_3_2024,BCI5TC,21575
1/24/2024,Y0,Q_4_2024,BCI5TC,21875
1/24/2024,Y1,Y_2024,BCI5TC,20300
1/24/2024,Y2,Y_2025,BCI5TC,17875
1/24/2024,Y3,Y_2026,BCI5TC,17682
1/24/2024,M0,Y_2027,BCI5TC,17607
1/25/2024,M1,M_Jan_2024,BCI5TC,20800
1/25/2024,M2,M_Feb_2024,BCI5TC,13575
1/25/2024,M3,M_Mar_2024,BCI5TC,17075
1/25/2024,Q0,M_Apr_2024,BCI5TC,18325
1/25/2024,Q1,Q_1_2024,BCI5TC,17175
1/25/2024,Q2,Q_2_2024,BCI5TC,19750
1/25/2024,Q3,Q_3_2024,BCI5TC,20900
1/25/2024,Y0,Q_4_2024,BCI5TC,21457
1/25/2024,Y1,Y_2024,BCI5TC,19787.5
1/25/2024,Y2,Y_2025,BCI5TC,17725
1/25/2024,Y3,Y_2026,BCI5TC,17629
1/25/2024,M0,Y_2027,BCI5TC,17550
1/26/2024,M1,M_Jan_2024,BCI5TC,20900
1/26/2024,M2,M_Feb_2024,BCI5TC,13875
1/26/2024,M3,M_Mar_2024,BCI5TC,16975
1/26/2024,Q0,M_Apr_2024,BCI5TC,18500
1/26/2024,Q1,Q_1_2024,BCI5TC,17000
1/26/2024,Q2,Q_2_2024,BCI5TC,19600
1/26/2024,Q3,Q_3_2024,BCI5TC,21000
1/26/2024,Y0,Q_4_2024,BCI5TC,21725
1/26/2024,Y1,Y_2024,BCI5TC,19800
1/26/2024,Y2,Y_2025,BCI5TC,17825
1/26/2024,Y3,Y_2026,BCI5TC,17618
1/26/2024,M0,Y_2027,BCI5TC,17532
1/29/2024,M1,M_Jan_2024,BCI5TC,20750
1/29/2024,M2,M_Feb_2024,BCI5TC,12450
1/29/2024,M3,M_Mar_2024,BCI5TC,15800
1/29/2024,Q0,M_Apr_2024,BCI5TC,18000
1/29/2024,Q1,Q_1_2024,BCI5TC,16337.5
1/29/2024,Q2,Q_2_2024,BCI5TC,19450
1/29/2024,Q3,Q_3_2024,BCI5TC,20875
1/29/2024,Y0,Q_4_2024,BCI5TC,21489
1/29/2024,Y1,Y_2024,BCI5TC,19587.5
1/29/2024,Y2,Y_2025,BCI5TC,17550
1/29/2024,Y3,Y_2026,BCI5TC,17525
1/29/2024,M0,Y_2027,BCI5TC,17464
1/30/2024,M1,M_Jan_2024,BCI5TC,20500
1/30/2024,M2,M_Feb_2024,BCI5TC,13075
1/30/2024,M3,M_Mar_2024,BCI5TC,17125
1/30/2024,Q0,M_Apr_2024,BCI5TC,19625
1/30/2024,Q1,Q_1_2024,BCI5TC,16962.5
1/30/2024,Q2,Q_2_2024,BCI5TC,20500
1/30/2024,Q3,Q_3_2024,BCI5TC,21500
1/30/2024,Y0,Q_4_2024,BCI5TC,22036
1/30/2024,Y1,Y_2024,BCI5TC,20375
1/30/2024,Y2,Y_2025,BCI5TC,17800
1/30/2024,Y3,Y_2026,BCI5TC,17661
1/30/2024,M0,Y_2027,BCI5TC,17550
1/31/2024,M1,M_Jan_2024,BCI5TC,14750
1/31/2024,M2,M_Feb_2024,BCI5TC,18125
1/31/2024,M3,M_Mar_2024,BCI5TC,20500
1/31/2024,Q0,M_Apr_2024,BCI5TC,19625
1/31/2024,Q1,Q_1_2024,BCI5TC,16900
1/31/2024,Q2,Q_2_2024,BCI5TC,21500
1/31/2024,Q3,Q_3_2024,BCI5TC,22625
1/31/2024,Y0,Q_4_2024,BCI5TC,22996
1/31/2024,Y1,Y_2024,BCI5TC,20250
1/31/2024,Y2,Y_2025,BCI5TC,18700
1/31/2024,Y3,Y_2026,BCI5TC,18279
1/31/2024,M0,Y_2027,BCI5TC,17907
2/1/2024,M1,M_Feb_2024,BCI5TC,14250
2/1/2024,M2,M_Mar_2024,BCI5TC,17450
2/1/2024,M3,M_Apr_2024,BCI5TC,20450
2/1/2024,Q0,M_May_2024,BCI5TC,21250
2/1/2024,Q1,Q_1_2024,BCI5TC,16900
2/1/2024,Q2,Q_2_2024,BCI5TC,21250
2/1/2024,Q3,Q_3_2024,BCI5TC,22200
2/1/2024,Y0,Q_4_2024,BCI5TC,22804
2/1/2024,Y1,Y_2024,BCI5TC,20250
2/1/2024,Y2,Y_2025,BCI5TC,18625
2/1/2024,Y3,Y_2026,BCI5TC,18571
2/1/2024,M0,Y_2027,BCI5TC,18011
2/2/2024,M1,M_Feb_2024,BCI5TC,15125
2/2/2024,M2,M_Mar_2024,BCI5TC,18125
2/2/2024,M3,M_Apr_2024,BCI5TC,20675
2/2/2024,Q0,M_May_2024,BCI5TC,21375
2/2/2024,Q1,Q_1_2024,BCI5TC,16900
2/2/2024,Q2,Q_2_2024,BCI5TC,21750
2/2/2024,Q3,Q_3_2024,BCI5TC,22375
2/2/2024,Y0,Q_4_2024,BCI5TC,22957
2/2/2024,Y1,Y_2024,BCI5TC,20250
2/2/2024,Y2,Y_2025,BCI5TC,18925
2/2/2024,Y3,Y_2026,BCI5TC,18693
2/2/2024,M0,Y_2027,BCI5TC,18179
2/5/2024,M1,M_Feb_2024,BCI5TC,17825
2/5/2024,M2,M_Mar_2024,BCI5TC,20475
2/5/2024,M3,M_Apr_2024,BCI5TC,22750
2/5/2024,Q0,M_May_2024,BCI5TC,22500
2/5/2024,Q1,Q_1_2024,BCI5TC,16900
2/5/2024,Q2,Q_2_2024,BCI5TC,23375
2/5/2024,Q3,Q_3_2024,BCI5TC,23625
2/5/2024,Y0,Q_4_2024,BCI5TC,24021
2/5/2024,Y1,Y_2024,BCI5TC,20250
2/5/2024,Y2,Y_2025,BCI5TC,19725
2/5/2024,Y3,Y_2026,BCI5TC,19086
2/5/2024,M0,Y_2027,BCI5TC,18493
2/6/2024,M1,M_Feb_2024,BCI5TC,19025
2/6/2024,M2,M_Mar_2024,BCI5TC,21375
2/6/2024,M3,M_Apr_2024,BCI5TC,24075
2/6/2024,Q0,M_May_2024,BCI5TC,24375
2/6/2024,Q1,Q_1_2024,BCI5TC,16900
2/6/2024,Q2,Q_2_2024,BCI5TC,24150
2/6/2024,Q3,Q_3_2024,BCI5TC,24425
2/6/2024,Y0,Q_4_2024,BCI5TC,24507
2/6/2024,Y1,Y_2024,BCI5TC,20250
2/6/2024,Y2,Y_2025,BCI5TC,19825
2/6/2024,Y3,Y_2026,BCI5TC,19136
2/6/2024,M0,Y_2027,BCI5TC,18521
2/7/2024,M1,M_Feb_2024,BCI5TC,19025
2/7/2024,M2,M_Mar_2024,BCI5TC,19050
2/7/2024,M3,M_Apr_2024,BCI5TC,24075
2/7/2024,Q0,M_May_2024,BCI5TC,24375
2/7/2024,Q1,Q_1_2024,BCI5TC,16900
2/7/2024,Q2,Q_2_2024,BCI5TC,22500
2/7/2024,Q3,Q_3_2024,BCI5TC,24425
2/7/2024,Y0,Q_4_2024,BCI5TC,23650
2/7/2024,Y1,Y_2024,BCI5TC,20250
2/7/2024,Y2,Y_2025,BCI5TC,19400
2/7/2024,Y3,Y_2026,BCI5TC,18886
2/7/2024,M0,Y_2027,BCI5TC,18486
2/8/2024,M1,M_Feb_2024,BCI5TC,18750
2/8/2024,M2,M_Mar_2024,BCI5TC,21500
2/8/2024,M3,M_Apr_2024,BCI5TC,24300
2/8/2024,Q0,M_May_2024,BCI5TC,24250
2/8/2024,Q1,Q_1_2024,BCI5TC,16900
2/8/2024,Q2,Q_2_2024,BCI5TC,24250
2/8/2024,Q3,Q_3_2024,BCI5TC,24300
2/8/2024,Y0,Q_4_2024,BCI5TC,24696
2/8/2024,Y1,Y_2024,BCI5TC,20250
2/8/2024,Y2,Y_2025,BCI5TC,19700
2/8/2024,Y3,Y_2026,BCI5TC,19064
2/8/2024,M0,Y_2027,BCI5TC,18600
2/9/2024,M1,M_Feb_2024,BCI5TC,18750
2/9/2024,M2,M_Mar_2024,BCI5TC,21500
2/9/2024,M3,M_Apr_2024,BCI5TC,24300
2/9/2024,Q0,M_May_2024,BCI5TC,24250
2/9/2024,Q1,Q_1_2024,BCI5TC,16900
2/9/2024,Q2,Q_2_2024,BCI5TC,24250
2/9/2024,Q3,Q_3_2024,BCI5TC,24300
2/9/2024,Y0,Q_4_2024,BCI5TC,24279
2/9/2024,Y1,Y_2024,BCI5TC,20250
2/9/2024,Y2,Y_2025,BCI5TC,19700
2/9/2024,Y3,Y_2026,BCI5TC,18982
2/9/2024,M0,Y_2027,BCI5TC,18546
2/12/2024,M1,M_Feb_2024,BCI5TC,18000
2/12/2024,M2,M_Mar_2024,BCI5TC,21000
2/12/2024,M3,M_Apr_2024,BCI5TC,23750
2/12/2024,Q0,M_May_2024,BCI5TC,23500
2/12/2024,Q1,Q_1_2024,BCI5TC,16900
2/12/2024,Q2,Q_2_2024,BCI5TC,23400
2/12/2024,Q3,Q_3_2024,BCI5TC,23700
2/12/2024,Y0,Q_4_2024,BCI5TC,24229
2/12/2024,Y1,Y_2024,BCI5TC,20250
2/12/2024,Y2,Y_2025,BCI5TC,19525
2/12/2024,Y3,Y_2026,BCI5TC,18979
2/12/2024,M0,Y_2027,BCI5TC,18543
2/13/2024,M1,M_Feb_2024,BCI5TC,18000
2/13/2024,M2,M_Mar_2024,BCI5TC,21000
2/13/2024,M3,M_Apr_2024,BCI5TC,23750
2/13/2024,Q0,M_May_2024,BCI5TC,23500
2/13/2024,Q1,Q_1_2024,BCI5TC,16900
2/13/2024,Q2,Q_2_2024,BCI5TC,23400
2/13/2024,Q3,Q_3_2024,BCI5TC,23700
2/13/2024,Y0,Q_4_2024,BCI5TC,24329
2/13/2024,Y1,Y_2024,BCI5TC,20250
2/13/2024,Y2,Y_2025,BCI5TC,19525
2/13/2024,Y3,Y_2026,BCI5TC,19075
2/13/2024,M0,Y_2027,BCI5TC,18571
2/14/2024,M1,M_Feb_2024,BCI5TC,19125
2/14/2024,M2,M_Mar_2024,BCI5TC,21475
2/14/2024,M3,M_Apr_2024,BCI5TC,24125
2/14/2024,Q0,M_May_2024,BCI5TC,24375
2/14/2024,Q1,Q_1_2024,BCI5TC,16900
2/14/2024,Q2,Q_2_2024,BCI5TC,24250
2/14/2024,Q3,Q_3_2024,BCI5TC,24500
2/14/2024,Y0,Q_4_2024,BCI5TC,24696
2/14/2024,Y1,Y_2024,BCI5TC,20250
2/14/2024,Y2,Y_2025,BCI5TC,19850
2/14/2024,Y3,Y_2026,BCI5TC,19175
2/14/2024,M0,Y_2027,BCI5TC,18586
2/15/2024,M1,M_Feb_2024,BCI5TC,19125
2/15/2024,M2,M_Mar_2024,BCI5TC,21600
2/15/2024,M3,M_Apr_2024,BCI5TC,24200
2/15/2024,Q0,M_May_2024,BCI5TC,24625
2/15/2024,Q1,Q_1_2024,BCI5TC,16900
2/15/2024,Q2,Q_2_2024,BCI5TC,24450
2/15/2024,Q3,Q_3_2024,BCI5TC,24625
2/15/2024,Y0,Q_4_2024,BCI5TC,24789
2/15/2024,Y1,Y_2024,BCI5TC,20250
2/15/2024,Y2,Y_2025,BCI5TC,19975
2/15/2024,Y3,Y_2026,BCI5TC,19193
2/15/2024,M0,Y_2027,BCI5TC,18529
2/16/2024,M1,M_Feb_2024,BCI5TC,19250
2/16/2024,M2,M_Mar_2024,BCI5TC,21625
2/16/2024,M3,M_Apr_2024,BCI5TC,24375
2/16/2024,Q0,M_May_2024,BCI5TC,24625
2/16/2024,Q1,Q_1_2024,BCI5TC,16900
2/16/2024,Q2,Q_2_2024,BCI5TC,24625
2/16/2024,Q3,Q_3_2024,BCI5TC,24775
2/16/2024,Y0,Q_4_2024,BCI5TC,25045
2/16/2024,Y1,Y_2024,BCI5TC,20250
2/16/2024,Y2,Y_2025,BCI5TC,20050
2/16/2024,Y3,Y_2026,BCI5TC,19232
2/16/2024,M0,Y_2027,BCI5TC,18543
2/19/2024,M1,M_Feb_2024,BCI5TC,19350
2/19/2024,M2,M_Mar_2024,BCI5TC,21375
2/19/2024,M3,M_Apr_2024,BCI5TC,24375
2/19/2024,Q0,M_May_2024,BCI5TC,24775
2/19/2024,Q1,Q_1_2024,BCI5TC,16900
2/19/2024,Q2,Q_2_2024,BCI5TC,24650
2/19/2024,Q3,Q_3_2024,BCI5TC,24975
2/19/2024,Y0,Q_4_2024,BCI5TC,25168
2/19/2024,Y1,Y_2024,BCI5TC,20250
2/19/2024,Y2,Y_2025,BCI5TC,20075
2/19/2024,Y3,Y_2026,BCI5TC,19343
2/19/2024,M0,Y_2027,BCI5TC,18564
2/20/2024,M1,M_Feb_2024,BCI5TC,18800
2/20/2024,M2,M_Mar_2024,BCI5TC,20425
2/20/2024,M3,M_Apr_2024,BCI5TC,24000
2/20/2024,Q0,M_May_2024,BCI5TC,24550
2/20/2024,Q1,Q_1_2024,BCI5TC,16900
2/20/2024,Q2,Q_2_2024,BCI5TC,24000
2/20/2024,Q3,Q_3_2024,BCI5TC,24450
2/20/2024,Y0,Q_4_2024,BCI5TC,24857
2/20/2024,Y1,Y_2024,BCI5TC,20250
2/20/2024,Y2,Y_2025,BCI5TC,19800
2/20/2024,Y3,Y_2026,BCI5TC,19193
2/20/2024,M0,Y_2027,BCI5TC,18396
2/21/2024,M1,M_Feb_2024,BCI5TC,20000
2/21/2024,M2,M_Mar_2024,BCI5TC,23125
2/21/2024,M3,M_Apr_2024,BCI5TC,25900
2/21/2024,Q0,M_May_2024,BCI5TC,26275
2/21/2024,Q1,Q_1_2024,BCI5TC,16900
2/21/2024,Q2,Q_2_2024,BCI5TC,26050
2/21/2024,Q3,Q_3_2024,BCI5TC,26000
2/21/2024,Y0,Q_4_2024,BCI5TC,26032
2/21/2024,Y1,Y_2024,BCI5TC,20250
2/21/2024,Y2,Y_2025,BCI5TC,20500
2/21/2024,Y3,Y_2026,BCI5TC,19461
2/21/2024,M0,Y_2027,BCI5TC,18579
2/22/2024,M1,M_Feb_2024,BCI5TC,20750
2/22/2024,M2,M_Mar_2024,BCI5TC,24250
2/22/2024,M3,M_Apr_2024,BCI5TC,26750
2/22/2024,Q0,M_May_2024,BCI5TC,26825
2/22/2024,Q1,Q_1_2024,BCI5TC,16900
2/22/2024,Q2,Q_2_2024,BCI5TC,26700
2/22/2024,Q3,Q_3_2024,BCI5TC,26525
2/22/2024,Y0,Q_4_2024,BCI5TC,26586
2/22/2024,Y1,Y_2024,BCI5TC,20250
2/22/2024,Y2,Y_2025,BCI5TC,20950
2/22/2024,Y3,Y_2026,BCI5TC,19689
2/22/2024,M0,Y_2027,BCI5TC,18768
2/23/2024,M1,M_Feb_2024,BCI5TC,21250
2/23/2024,M2,M_Mar_2024,BCI5TC,24250
2/23/2024,M3,M_Apr_2024,BCI5TC,26750
2/23/2024,Q0,M_May_2024,BCI5TC,26825
2/23/2024,Q1,Q_1_2024,BCI5TC,16900
2/23/2024,Q2,Q_2_2024,BCI5TC,29475
2/23/2024,Q3,Q_3_2024,BCI5TC,27650
2/23/2024,Y0,Q_4_2024,BCI5TC,27461
2/23/2024,Y1,Y_2024,BCI5TC,20250
2/23/2024,Y2,Y_2025,BCI5TC,20950
2/23/2024,Y3,Y_2026,BCI5TC,20136
2/23/2024,M0,Y_2027,BCI5TC,19050
2/26/2024,M1,M_Feb_2024,BCI5TC,21000
2/26/2024,M2,M_Mar_2024,BCI5TC,25325
2/26/2024,M3,M_Apr_2024,BCI5TC,27625
2/26/2024,Q0,M_May_2024,BCI5TC,27625
2/26/2024,Q1,Q_1_2024,BCI5TC,16900
2/26/2024,Q2,Q_2_2024,BCI5TC,27500
2/26/2024,Q3,Q_3_2024,BCI5TC,26375
2/26/2024,Y0,Q_4_2024,BCI5TC,26407
2/26/2024,Y1,Y_2024,BCI5TC,20250
2/26/2024,Y2,Y_2025,BCI5TC,20825
2/26/2024,Y3,Y_2026,BCI5TC,19907
2/26/2024,M0,Y_2027,BCI5TC,18936
2/27/2024,M1,M_Feb_2024,BCI5TC,21269
2/27/2024,M2,M_Mar_2024,BCI5TC,27375
2/27/2024,M3,M_Apr_2024,BCI5TC,28750
2/27/2024,Q0,M_May_2024,BCI5TC,28750
2/27/2024,Q1,Q_1_2024,BCI5TC,16900
2/27/2024,Q2,Q_2_2024,BCI5TC,28375
2/27/2024,Q3,Q_3_2024,BCI5TC,27175
2/27/2024,Y0,Q_4_2024,BCI5TC,27039
2/27/2024,Y1,Y_2024,BCI5TC,20250
2/27/2024,Y2,Y_2025,BCI5TC,21300
2/27/2024,Y3,Y_2026,BCI5TC,20114
2/27/2024,M0,Y_2027,BCI5TC,19057
2/28/2024,M1,M_Feb_2024,BCI5TC,21500
2/28/2024,M2,M_Mar_2024,BCI5TC,30350
2/28/2024,M3,M_Apr_2024,BCI5TC,31175
2/28/2024,Q0,M_May_2024,BCI5TC,30875
2/28/2024,Q1,Q_1_2024,BCI5TC,16900
2/28/2024,Q2,Q_2_2024,BCI5TC,30500
2/28/2024,Q3,Q_3_2024,BCI5TC,28250
2/28/2024,Y0,Q_4_2024,BCI5TC,27664
2/28/2024,Y1,Y_2024,BCI5TC,20250
2/28/2024,Y2,Y_2025,BCI5TC,21875
2/28/2024,Y3,Y_2026,BCI5TC,20486
2/28/2024,M0,Y_2027,BCI5TC,19436
2/29/2024,M1,M_Feb_2024,BCI5TC,30000
2/29/2024,M2,M_Mar_2024,BCI5TC,30875
2/29/2024,M3,M_Apr_2024,BCI5TC,30875
2/29/2024,Q0,M_May_2024,BCI5TC,30875
2/29/2024,Q1,Q_1_2024,BCI5TC,16900
2/29/2024,Q2,Q_2_2024,BCI5TC,30125
2/29/2024,Q3,Q_3_2024,BCI5TC,27400
2/29/2024,Y0,Q_4_2024,BCI5TC,26818
2/29/2024,Y1,Y_2024,BCI5TC,20250
2/29/2024,Y2,Y_2025,BCI5TC,21550
2/29/2024,Y3,Y_2026,BCI5TC,20350
2/29/2024,M0,Y_2027,BCI5TC,19336
3/1/2024,M1,M_Mar_2024,BCI5TC,34750
3/1/2024,M2,M_Apr_2024,BCI5TC,34500
3/1/2024,M3,M_May_2024,BCI5TC,33000
3/1/2024,Q0,M_Jun_2024,BCI5TC,30750
3/1/2024,Q1,Q_1_2024,BCI5TC,16900
3/1/2024,Q2,Q_2_2024,BCI5TC,32800
3/1/2024,Q3,Q_3_2024,BCI5TC,28500
3/1/2024,Y0,Q_4_2024,BCI5TC,27907
3/1/2024,Y1,Y_2024,BCI5TC,20250
3/1/2024,Y2,Y_2025,BCI5TC,22125
3/1/2024,Y3,Y_2026,BCI5TC,20643
3/1/2024,M0,Y_2027,BCI5TC,19539
3/4/2024,M1,M_Mar_2024,BCI5TC,34250
3/4/2024,M2,M_Apr_2024,BCI5TC,33750
3/4/2024,M3,M_May_2024,BCI5TC,31750
3/4/2024,Q0,M_Jun_2024,BCI5TC,29750
3/4/2024,Q1,Q_1_2024,BCI5TC,16900
3/4/2024,Q2,Q_2_2024,BCI5TC,31750
3/4/2024,Q3,Q_3_2024,BCI5TC,27250
3/4/2024,Y0,Q_4_2024,BCI5TC,26900
3/4/2024,Y1,Y_2024,BCI5TC,20250
3/4/2024,Y2,Y_2025,BCI5TC,21750
3/4/2024,Y3,Y_2026,BCI5TC,20364
3/4/2024,M0,Y_2027,BCI5TC,19450
3/5/2024,M1,M_Mar_2024,BCI5TC,33375
3/5/2024,M2,M_Apr_2024,BCI5TC,32800
3/5/2024,M3,M_May_2024,BCI5TC,31875
3/5/2024,Q0,M_Jun_2024,BCI5TC,30125
3/5/2024,Q1,Q_1_2024,BCI5TC,16900
3/5/2024,Q2,Q_2_2024,BCI5TC,31700
3/5/2024,Q3,Q_3_2024,BCI5TC,27250
3/5/2024,Y0,Q_4_2024,BCI5TC,26871
3/5/2024,Y1,Y_2024,BCI5TC,20250
3/5/2024,Y2,Y_2025,BCI5TC,21375
3/5/2024,Y3,Y_2026,BCI5TC,20171
3/5/2024,M0,Y_2027,BCI5TC,19361
3/6/2024,M1,M_Mar_2024,BCI5TC,32000
3/6/2024,M2,M_Apr_2024,BCI5TC,33550
3/6/2024,M3,M_May_2024,BCI5TC,32875
3/6/2024,Q0,M_Jun_2024,BCI5TC,30750
3/6/2024,Q1,Q_1_2024,BCI5TC,16900
3/6/2024,Q2,Q_2_2024,BCI5TC,32425
3/6/2024,Q3,Q_3_2024,BCI5TC,28000
3/6/2024,Y0,Q_4_2024,BCI5TC,27286
3/6/2024,Y1,Y_2024,BCI5TC,20250
3/6/2024,Y2,Y_2025,BCI5TC,21400
3/6/2024,Y3,Y_2026,BCI5TC,20193
3/6/2024,M0,Y_2027,BCI5TC,19482
3/7/2024,M1,M_Mar_2024,BCI5TC,34750
3/7/2024,M2,M_Apr_2024,BCI5TC,36000
3/7/2024,M3,M_May_2024,BCI5TC,34250
3/7/2024,Q0,M_Jun_2024,BCI5TC,31750
3/7/2024,Q1,Q_1_2024,BCI5TC,16900
3/7/2024,Q2,Q_2_2024,BCI5TC,34075
3/7/2024,Q3,Q_3_2024,BCI5TC,28487.5
3/7/2024,Y0,Q_4_2024,BCI5TC,27525
3/7/2024,Y1,Y_2024,BCI5TC,20250
3/7/2024,Y2,Y_2025,BCI5TC,21925
3/7/2024,Y3,Y_2026,BCI5TC,20496
3/7/2024,M0,Y_2027,BCI5TC,19571
3/8/2024,M1,M_Mar_2024,BCI5TC,36500
3/8/2024,M2,M_Apr_2024,BCI5TC,37125
3/8/2024,M3,M_May_2024,BCI5TC,35375
3/8/2024,Q0,M_Jun_2024,BCI5TC,32750
3/8/2024,Q1,Q_1_2024,BCI5TC,16900
3/8/2024,Q2,Q_2_2024,BCI5TC,35125
3/8/2024,Q3,Q_3_2024,BCI5TC,29000
3/8/2024,Y0,Q_4_2024,BCI5TC,27843
3/8/2024,Y1,Y_2024,BCI5TC,20250
3/8/2024,Y2,Y_2025,BCI5TC,22125
3/8/2024,Y3,Y_2026,BCI5TC,20743
3/8/2024,M0,Y_2027,BCI5TC,19786
3/11/2024,M1,M_Mar_2024,BCI5TC,33625
3/11/2024,M2,M_Apr_2024,BCI5TC,33750
3/11/2024,M3,M_May_2024,BCI5TC,33250
3/11/2024,Q0,M_Jun_2024,BCI5TC,30500
3/11/2024,Q1,Q_1_2024,BCI5TC,16900
3/11/2024,Q2,Q_2_2024,BCI5TC,32500
3/11/2024,Q3,Q_3_2024,BCI5TC,27950
3/11/2024,Y0,Q_4_2024,BCI5TC,26950
3/11/2024,Y1,Y_2024,BCI5TC,20250
3/11/2024,Y2,Y_2025,BCI5TC,21375
3/11/2024,Y3,Y_2026,BCI5TC,20418
3/11/2024,M0,Y_2027,BCI5TC,19536
3/12/2024,M1,M_Mar_2024,BCI5TC,34500
3/12/2024,M2,M_Apr_2024,BCI5TC,36375
3/12/2024,M3,M_May_2024,BCI5TC,34875
3/12/2024,Q0,M_Jun_2024,BCI5TC,31125
3/12/2024,Q1,Q_1_2024,BCI5TC,16900
3/12/2024,Q2,Q_2_2024,BCI5TC,34125
3/12/2024,Q3,Q_3_2024,BCI5TC,28375
3/12/2024,Y0,Q_4_2024,BCI5TC,27318
3/12/2024,Y1,Y_2024,BCI5TC,20250
3/12/2024,Y2,Y_2025,BCI5TC,21575
3/12/2024,Y3,Y_2026,BCI5TC,20489
3/12/2024,M0,Y_2027,BCI5TC,19589
3/13/2024,M1,M_Mar_2024,BCI5TC,33750
3/13/2024,M2,M_Apr_2024,BCI5TC,34000
3/13/2024,M3,M_May_2024,BCI5TC,32500
3/13/2024,Q0,M_Jun_2024,BCI5TC,30250
3/13/2024,Q1,Q_1_2024,BCI5TC,16900
3/13/2024,Q2,Q_2_2024,BCI5TC,32250
3/13/2024,Q3,Q_3_2024,BCI5TC,27625
3/13/2024,Y0,Q_4_2024,BCI5TC,26729
3/13/2024,Y1,Y_2024,BCI5TC,20250
3/13/2024,Y2,Y_2025,BCI5TC,21450
3/13/2024,Y3,Y_2026,BCI5TC,20354
3/13/2024,M0,Y_2027,BCI5TC,19479
3/14/2024,M1,M_Mar_2024,BCI5TC,33250
3/14/2024,M2,M_Apr_2024,BCI5TC,33500
3/14/2024,M3,M_May_2024,BCI5TC,31750
3/14/2024,Q0,M_Jun_2024,BCI5TC,29750
3/14/2024,Q1,Q_1_2024,BCI5TC,16900
3/14/2024,Q2,Q_2_2024,BCI5TC,31700
3/14/2024,Q3,Q_3_2024,BCI5TC,27000
3/14/2024,Y0,Q_4_2024,BCI5TC,26414
3/14/2024,Y1,Y_2024,BCI5TC,20250
3/14/2024,Y2,Y_2025,BCI5TC,21050
3/14/2024,Y3,Y_2026,BCI5TC,20175
3/14/2024,M0,Y_2027,BCI5TC,19500
3/15/2024,M1,M_Mar_2024,BCI5TC,32875
3/15/2024,M2,M_Apr_2024,BCI5TC,31500
3/15/2024,M3,M_May_2024,BCI5TC,30750
3/15/2024,Q0,M_Jun_2024,BCI5TC,29250
3/15/2024,Q1,Q_1_2024,BCI5TC,16900
3/15/2024,Q2,Q_2_2024,BCI5TC,30500
3/15/2024,Q3,Q_3_2024,BCI5TC,26500
3/15/2024,Y0,Q_4_2024,BCI5TC,25939
3/15/2024,Y1,Y_2024,BCI5TC,20250
3/15/2024,Y2,Y_2025,BCI5TC,21000
3/15/2024,Y3,Y_2026,BCI5TC,19879
3/15/2024,M0,Y_2027,BCI5TC,19414
3/18/2024,M1,M_Mar_2024,BCI5TC,34000
3/18/2024,M2,M_Apr_2024,BCI5TC,34250
3/18/2024,M3,M_May_2024,BCI5TC,32250
3/18/2024,Q0,M_Jun_2024,BCI5TC,29000
3/18/2024,Q1,Q_1_2024,BCI5TC,16900
3/18/2024,Q2,Q_2_2024,BCI5TC,31750
3/18/2024,Q3,Q_3_2024,BCI5TC,27325
3/18/2024,Y0,Q_4_2024,BCI5TC,26511
3/18/2024,Y1,Y_2024,BCI5TC,20250
3/18/2024,Y2,Y_2025,BCI5TC,21175
3/18/2024,Y3,Y_2026,BCI5TC,19946
3/18/2024,M0,Y_2027,BCI5TC,19496
3/19/2024,M1,M_Mar_2024,BCI5TC,32000
3/19/2024,M2,M_Apr_2024,BCI5TC,30500
3/19/2024,M3,M_May_2024,BCI5TC,29500
3/19/2024,Q0,M_Jun_2024,BCI5TC,27000
3/19/2024,Q1,Q_1_2024,BCI5TC,16900
3/19/2024,Q2,Q_2_2024,BCI5TC,29050
3/19/2024,Q3,Q_3_2024,BCI5TC,26000
3/19/2024,Y0,Q_4_2024,BCI5TC,25511
3/19/2024,Y1,Y_2024,BCI5TC,20250
3/19/2024,Y2,Y_2025,BCI5TC,20375
3/19/2024,Y3,Y_2026,BCI5TC,19486
3/19/2024,M0,Y_2027,BCI5TC,19186
3/20/2024,M1,M_Mar_2024,BCI5TC,31750
3/20/2024,M2,M_Apr_2024,BCI5TC,27500
3/20/2024,M3,M_May_2024,BCI5TC,28700
3/20/2024,Q0,M_Jun_2024,BCI5TC,27125
3/20/2024,Q1,Q_1_2024,BCI5TC,16900
3/20/2024,Q2,Q_2_2024,BCI5TC,27850
3/20/2024,Q3,Q_3_2024,BCI5TC,26000
3/20/2024,Y0,Q_4_2024,BCI5TC,25639
3/20/2024,Y1,Y_2024,BCI5TC,20250
3/20/2024,Y2,Y_2025,BCI5TC,20000
3/20/2024,Y3,Y_2026,BCI5TC,19293
3/20/2024,M0,Y_2027,BCI5TC,19046
3/21/2024,M1,M_Mar_2024,BCI5TC,32250
3/21/2024,M2,M_Apr_2024,BCI5TC,30625
3/21/2024,M3,M_May_2024,BCI5TC,31500
3/21/2024,Q0,M_Jun_2024,BCI5TC,29250
3/21/2024,Q1,Q_1_2024,BCI5TC,16900
3/21/2024,Q2,Q_2_2024,BCI5TC,30450
3/21/2024,Q3,Q_3_2024,BCI5TC,27375
3/21/2024,Y0,Q_4_2024,BCI5TC,26864
3/21/2024,Y1,Y_2024,BCI5TC,20250
3/21/2024,Y2,Y_2025,BCI5TC,20800
3/21/2024,Y3,Y_2026,BCI5TC,19611
3/21/2024,M0,Y_2027,BCI5TC,19157
3/22/2024,M1,M_Mar_2024,BCI5TC,32250
3/22/2024,M2,M_Apr_2024,BCI5TC,28250
3/22/2024,M3,M_May_2024,BCI5TC,29750
3/22/2024,Q0,M_Jun_2024,BCI5TC,28250
3/22/2024,Q1,Q_1_2024,BCI5TC,16900
3/22/2024,Q2,Q_2_2024,BCI5TC,28750
3/22/2024,Q3,Q_3_2024,BCI5TC,26750
3/22/2024,Y0,Q_4_2024,BCI5TC,26218
3/22/2024,Y1,Y_2024,BCI5TC,20250
3/22/2024,Y2,Y_2025,BCI5TC,20650
3/22/2024,Y3,Y_2026,BCI5TC,19396
3/22/2024,M0,Y_2027,BCI5TC,19054
3/25/2024,M1,M_Mar_2024,BCI5TC,31750
3/25/2024,M2,M_Apr_2024,BCI5TC,26250
3/25/2024,M3,M_May_2024,BCI5TC,28250
3/25/2024,Q0,M_Jun_2024,BCI5TC,27250
3/25/2024,Q1,Q_1_2024,BCI5TC,16900
3/25/2024,Q2,Q_2_2024,BCI5TC,27250
3/25/2024,Q3,Q_3_2024,BCI5TC,26375
3/25/2024,Y0,Q_4_2024,BCI5TC,25871
3/25/2024,Y1,Y_2024,BCI5TC,20250
3/25/2024,Y2,Y_2025,BCI5TC,20000
3/25/2024,Y3,Y_2026,BCI5TC,19014
3/25/2024,M0,Y_2027,BCI5TC,18754
3/26/2024,M1,M_Mar_2024,BCI5TC,31200
3/26/2024,M2,M_Apr_2024,BCI5TC,22925
3/26/2024,M3,M_May_2024,BCI5TC,26000
3/26/2024,Q0,M_Jun_2024,BCI5TC,25625
3/26/2024,Q1,Q_1_2024,BCI5TC,16900
3/26/2024,Q2,Q_2_2024,BCI5TC,24875
3/26/2024,Q3,Q_3_2024,BCI5TC,25375
3/26/2024,Y0,Q_4_2024,BCI5TC,25161
3/26/2024,Y1,Y_2024,BCI5TC,20250
3/26/2024,Y2,Y_2025,BCI5TC,19075
3/26/2024,Y3,Y_2026,BCI5TC,18636
3/26/2024,M0,Y_2027,BCI5TC,18500
3/27/2024,M1,M_Mar_2024,BCI5TC,31200
3/27/2024,M2,M_Apr_2024,BCI5TC,23500
3/27/2024,M3,M_May_2024,BCI5TC,26750
3/27/2024,Q0,M_Jun_2024,BCI5TC,26750
3/27/2024,Q1,Q_1_2024,BCI5TC,16900
3/27/2024,Q2,Q_2_2024,BCI5TC,25500
3/27/2024,Q3,Q_3_2024,BCI5TC,26500
3/27/2024,Y0,Q_4_2024,BCI5TC,25750
3/27/2024,Y1,Y_2024,BCI5TC,20250
3/27/2024,Y2,Y_2025,BCI5TC,19250
3/27/2024,Y3,Y_2026,BCI5TC,18607
3/27/2024,M0,Y_2027,BCI5TC,18582
3/28/2024,M1,M_Mar_2024,BCI5TC,25125
3/28/2024,M2,M_Apr_2024,BCI5TC,28125
3/28/2024,M3,M_May_2024,BCI5TC,28125
3/28/2024,Q0,M_Jun_2024,BCI5TC,26750
3/28/2024,Q1,Q_1_2024,BCI5TC,27000
3/28/2024,Q2,Q_2_2024,BCI5TC,27875
3/28/2024,Q3,Q_3_2024,BCI5TC,26625
3/28/2024,Y0,Q_4_2024,BCI5TC,15782
3/28/2024,Y1,Y_2024,BCI5TC,20250
3/28/2024,Y2,Y_2025,BCI5TC,20125
3/28/2024,Y3,Y_2026,BCI5TC,19157
3/28/2024,M0,Y_2027,BCI5TC,18836
3/29/2024,M1,M_Mar_2024,BCI5TC,25125
3/29/2024,M2,M_Apr_2024,BCI5TC,28125
3/29/2024,M3,M_May_2024,BCI5TC,28125
3/29/2024,Q0,M_Jun_2024,BCI5TC,26750
3/29/2024,Q1,Q_1_2024,BCI5TC,27000
3/29/2024,Q2,Q_2_2024,BCI5TC,27875
3/29/2024,Q3,Q_3_2024,BCI5TC,26625
3/29/2024,Y0,Q_4_2024,BCI5TC,15782
3/29/2024,Y1,Y_2024,BCI5TC,20250
3/29/2024,Y2,Y_2025,BCI5TC,20125
3/29/2024,Y3,Y_2026,BCI5TC,19157
3/29/2024,M0,Y_2027,BCI5TC,18836
4/1/2024,M1,M_Apr_2024,BCI5TC,25125
4/1/2024,M2,M_May_2024,BCI5TC,28125
4/1/2024,M3,M_Jun_2024,BCI5TC,28125
4/1/2024,Q0,M_Jul_2024,BCI5TC,26750
4/1/2024,Q1,Q_2_2024,BCI5TC,27000
4/1/2024,Q2,Q_3_2024,BCI5TC,27875
4/1/2024,Q3,Q_4_2024,BCI5TC,26625
4/1/2024,Y0,Q_1_2025,BCI5TC,15782
4/1/2024,Y1,Y_2024,BCI5TC,20250
4/1/2024,Y2,Y_2025,BCI5TC,20125
4/1/2024,Y3,Y_2026,BCI5TC,19157
4/1/2024,M0,Y_2027,BCI5TC,18836
4/2/2024,M1,M_Apr_2024,BCI5TC,20525
4/2/2024,M2,M_May_2024,BCI5TC,24500
4/2/2024,M3,M_Jun_2024,BCI5TC,26250
4/2/2024,Q0,M_Jul_2024,BCI5TC,26000
4/2/2024,Q1,Q_2_2024,BCI5TC,23750
4/2/2024,Q2,Q_3_2024,BCI5TC,25625
4/2/2024,Q3,Q_4_2024,BCI5TC,25400
4/2/2024,Y0,Q_1_2025,BCI5TC,15104
4/2/2024,Y1,Y_2024,BCI5TC,20250
4/2/2024,Y2,Y_2025,BCI5TC,19700
4/2/2024,Y3,Y_2026,BCI5TC,18782
4/2/2024,M0,Y_2027,BCI5TC,18593
4/3/2024,M1,M_Apr_2024,BCI5TC,22625
4/3/2024,M2,M_May_2024,BCI5TC,26750
4/3/2024,M3,M_Jun_2024,BCI5TC,27750
4/3/2024,Q0,M_Jul_2024,BCI5TC,27550
4/3/2024,Q1,Q_2_2024,BCI5TC,26125
4/3/2024,Q2,Q_3_2024,BCI5TC,27325
4/3/2024,Q3,Q_4_2024,BCI5TC,26550
4/3/2024,Y0,Q_1_2025,BCI5TC,15986
4/3/2024,Y1,Y_2024,BCI5TC,20250
4/3/2024,Y2,Y_2025,BCI5TC,20325
4/3/2024,Y3,Y_2026,BCI5TC,19361
4/3/2024,M0,Y_2027,BCI5TC,18946
4/4/2024,M1,M_Apr_2024,BCI5TC,22625
4/4/2024,M2,M_May_2024,BCI5TC,26750
4/4/2024,M3,M_Jun_2024,BCI5TC,27750
4/4/2024,Q0,M_Jul_2024,BCI5TC,27550
4/4/2024,Q1,Q_2_2024,BCI5TC,26125
4/4/2024,Q2,Q_3_2024,BCI5TC,27325
4/4/2024,Q3,Q_4_2024,BCI5TC,26550
4/4/2024,Y0,Q_1_2025,BCI5TC,15264
4/4/2024,Y1,Y_2024,BCI5TC,20250
4/4/2024,Y2,Y_2025,BCI5TC,20325
4/4/2024,Y3,Y_2026,BCI5TC,19021
4/4/2024,M0,Y_2027,BCI5TC,18796
4/5/2024,M1,M_Apr_2024,BCI5TC,19250
4/5/2024,M2,M_May_2024,BCI5TC,24500
4/5/2024,M3,M_Jun_2024,BCI5TC,26875
4/5/2024,Q0,M_Jul_2024,BCI5TC,26750
4/5/2024,Q1,Q_2_2024,BCI5TC,23650
4/5/2024,Q2,Q_3_2024,BCI5TC,25850
4/5/2024,Q3,Q_4_2024,BCI5TC,25350
4/5/2024,Y0,Q_1_2025,BCI5TC,15279
4/5/2024,Y1,Y_2024,BCI5TC,20250
4/5/2024,Y2,Y_2025,BCI5TC,19875
4/5/2024,Y3,Y_2026,BCI5TC,19111
4/5/2024,M0,Y_2027,BCI5TC,18861
4/8/2024,M1,M_Apr_2024,BCI5TC,18925
4/8/2024,M2,M_May_2024,BCI5TC,23875
4/8/2024,M3,M_Jun_2024,BCI5TC,26500
4/8/2024,Q0,M_Jul_2024,BCI5TC,26250
4/8/2024,Q1,Q_2_2024,BCI5TC,23100
4/8/2024,Q2,Q_3_2024,BCI5TC,26000
4/8/2024,Q3,Q_4_2024,BCI5TC,25550
4/8/2024,Y0,Q_1_2025,BCI5TC,15229
4/8/2024,Y1,Y_2024,BCI5TC,20250
4/8/2024,Y2,Y_2025,BCI5TC,19875
4/8/2024,Y3,Y_2026,BCI5TC,19107
4/8/2024,M0,Y_2027,BCI5TC,18854
4/9/2024,M1,M_Apr_2024,BCI5TC,20250
4/9/2024,M2,M_May_2024,BCI5TC,25750
4/9/2024,M3,M_Jun_2024,BCI5TC,27500
4/9/2024,Q0,M_Jul_2024,BCI5TC,27500
4/9/2024,Q1,Q_2_2024,BCI5TC,24500
4/9/2024,Q2,Q_3_2024,BCI5TC,27000
4/9/2024,Q3,Q_4_2024,BCI5TC,26300
4/9/2024,Y0,Q_1_2025,BCI5TC,15850
4/9/2024,Y1,Y_2024,BCI5TC,20250
4/9/2024,Y2,Y_2025,BCI5TC,20500
4/9/2024,Y3,Y_2026,BCI5TC,19471
4/9/2024,M0,Y_2027,BCI5TC,19157
4/10/2024,M1,M_Apr_2024,BCI5TC,21625
4/10/2024,M2,M_May_2024,BCI5TC,27000
4/10/2024,M3,M_Jun_2024,BCI5TC,28375
4/10/2024,Q0,M_Jul_2024,BCI5TC,27750
4/10/2024,Q1,Q_2_2024,BCI5TC,25700
4/10/2024,Q2,Q_3_2024,BCI5TC,27325
4/10/2024,Q3,Q_4_2024,BCI5TC,26700
4/10/2024,Y0,Q_1_2025,BCI5TC,16014
4/10/2024,Y1,Y_2024,BCI5TC,20250
4/10/2024,Y2,Y_2025,BCI5TC,20700
4/10/2024,Y3,Y_2026,BCI5TC,19746
4/10/2024,M0,Y_2027,BCI5TC,19304
4/11/2024,M1,M_Apr_2024,BCI5TC,22750
4/11/2024,M2,M_May_2024,BCI5TC,28000
4/11/2024,M3,M_Jun_2024,BCI5TC,28750
4/11/2024,Q0,M_Jul_2024,BCI5TC,28000
4/11/2024,Q1,Q_2_2024,BCI5TC,26400
4/11/2024,Q2,Q_3_2024,BCI5TC,27750
4/11/2024,Q3,Q_4_2024,BCI5TC,27000
4/11/2024,Y0,Q_1_2025,BCI5TC,16236
4/11/2024,Y1,Y_2024,BCI5TC,20250
4/11/2024,Y2,Y_2025,BCI5TC,21050
4/11/2024,Y3,Y_2026,BCI5TC,19893
4/11/2024,M0,Y_2027,BCI5TC,19332
4/12/2024,M1,M_Apr_2024,BCI5TC,22250
4/12/2024,M2,M_May_2024,BCI5TC,27250
4/12/2024,M3,M_Jun_2024,BCI5TC,28175
4/12/2024,Q0,M_Jul_2024,BCI5TC,27250
4/12/2024,Q1,Q_2_2024,BCI5TC,25915
4/12/2024,Q2,Q_3_2024,BCI5TC,26975
4/12/2024,Q3,Q_4_2024,BCI5TC,26225
4/12/2024,Y0,Q_1_2025,BCI5TC,16057
4/12/2024,Y1,Y_2024,BCI5TC,20250
4/12/2024,Y2,Y_2025,BCI5TC,20825
4/12/2024,Y3,Y_2026,BCI5TC,19929
4/12/2024,M0,Y_2027,BCI5TC,19321
4/15/2024,M1,M_Apr_2024,BCI5TC,22250
4/15/2024,M2,M_May_2024,BCI5TC,27800
4/15/2024,M3,M_Jun_2024,BCI5TC,28750
4/15/2024,Q0,M_Jul_2024,BCI5TC,28000
4/15/2024,Q1,Q_2_2024,BCI5TC,26250
4/15/2024,Q2,Q_3_2024,BCI5TC,27750
4/15/2024,Q3,Q_4_2024,BCI5TC,26750
4/15/2024,Y0,Q_1_2025,BCI5TC,16093
4/15/2024,Y1,Y_2024,BCI5TC,20250
4/15/2024,Y2,Y_2025,BCI5TC,21000
4/15/2024,Y3,Y_2026,BCI5TC,19861
4/15/2024,M0,Y_2027,BCI5TC,19229
4/16/2024,M1,M_Apr_2024,BCI5TC,22375
4/16/2024,M2,M_May_2024,BCI5TC,27800
4/16/2024,M3,M_Jun_2024,BCI5TC,28500
4/16/2024,Q0,M_Jul_2024,BCI5TC,28050
4/16/2024,Q1,Q_2_2024,BCI5TC,26200
4/16/2024,Q2,Q_3_2024,BCI5TC,27625
4/16/2024,Q3,Q_4_2024,BCI5TC,26775
4/16/2024,Y0,Q_1_2025,BCI5TC,16150
4/16/2024,Y1,Y_2024,BCI5TC,20250
4/16/2024,Y2,Y_2025,BCI5TC,21075
4/16/2024,Y3,Y_2026,BCI5TC,19968
4/16/2024,M0,Y_2027,BCI5TC,19289
4/17/2024,M1,M_Apr_2024,BCI5TC,22550
4/17/2024,M2,M_May_2024,BCI5TC,28875
4/17/2024,M3,M_Jun_2024,BCI5TC,29250
4/17/2024,Q0,M_Jul_2024,BCI5TC,28500
4/17/2024,Q1,Q_2_2024,BCI5TC,26875
4/17/2024,Q2,Q_3_2024,BCI5TC,28000
4/17/2024,Q3,Q_4_2024,BCI5TC,27075
4/17/2024,Y0,Q_1_2025,BCI5TC,16282
4/17/2024,Y1,Y_2024,BCI5TC,20250
4/17/2024,Y2,Y_2025,BCI5TC,21250
4/17/2024,Y3,Y_2026,BCI5TC,20104
4/17/2024,M0,Y_2027,BCI5TC,19346
4/18/2024,M1,M_Apr_2024,BCI5TC,22000
4/18/2024,M2,M_May_2024,BCI5TC,26925
4/18/2024,M3,M_Jun_2024,BCI5TC,27850
4/18/2024,Q0,M_Jul_2024,BCI5TC,27500
4/18/2024,Q1,Q_2_2024,BCI5TC,25575
4/18/2024,Q2,Q_3_2024,BCI5TC,27250
4/18/2024,Q3,Q_4_2024,BCI5TC,26750
4/18/2024,Y0,Q_1_2025,BCI5TC,16096
4/18/2024,Y1,Y_2024,BCI5TC,20250
4/18/2024,Y2,Y_2025,BCI5TC,21125
4/18/2024,Y3,Y_2026,BCI5TC,20046
4/18/2024,M0,Y_2027,BCI5TC,19296
4/19/2024,M1,M_Apr_2024,BCI5TC,22150
4/19/2024,M2,M_May_2024,BCI5TC,27125
4/19/2024,M3,M_Jun_2024,BCI5TC,27625
4/19/2024,Q0,M_Jul_2024,BCI5TC,28250
4/19/2024,Q1,Q_2_2024,BCI5TC,25625
4/19/2024,Q2,Q_3_2024,BCI5TC,27375
4/19/2024,Q3,Q_4_2024,BCI5TC,27375
4/19/2024,Y0,Q_1_2025,BCI5TC,16093
4/19/2024,Y1,Y_2024,BCI5TC,20250
4/19/2024,Y2,Y_2025,BCI5TC,21175
4/19/2024,Y3,Y_2026,BCI5TC,20014
4/19/2024,M0,Y_2027,BCI5TC,19296
4/22/2024,M1,M_Apr_2024,BCI5TC,22150
4/22/2024,M2,M_May_2024,BCI5TC,27125
4/22/2024,M3,M_Jun_2024,BCI5TC,27625
4/22/2024,Q0,M_Jul_2024,BCI5TC,28250
4/22/2024,Q1,Q_2_2024,BCI5TC,25625
4/22/2024,Q2,Q_3_2024,BCI5TC,27375
4/22/2024,Q3,Q_4_2024,BCI5TC,27375
4/22/2024,Y0,Q_1_2025,BCI5TC,15864
4/22/2024,Y1,Y_2024,BCI5TC,20250
4/22/2024,Y2,Y_2025,BCI5TC,21175
4/22/2024,Y3,Y_2026,BCI5TC,19900
4/22/2024,M0,Y_2027,BCI5TC,19236
4/23/2024,M1,M_Apr_2024,BCI5TC,20875
4/23/2024,M2,M_May_2024,BCI5TC,25875
4/23/2024,M3,M_Jun_2024,BCI5TC,28750
4/23/2024,Q0,M_Jul_2024,BCI5TC,28375
4/23/2024,Q1,Q_2_2024,BCI5TC,25150
4/23/2024,Q2,Q_3_2024,BCI5TC,27825
4/23/2024,Q3,Q_4_2024,BCI5TC,27100
4/23/2024,Y0,Q_1_2025,BCI5TC,16286
4/23/2024,Y1,Y_2024,BCI5TC,20250
4/23/2024,Y2,Y_2025,BCI5TC,21250
4/23/2024,Y3,Y_2026,BCI5TC,20029
4/23/2024,M0,Y_2027,BCI5TC,19318
4/24/2024,M1,M_Apr_2024,BCI5TC,20375
4/24/2024,M2,M_May_2024,BCI5TC,24450
4/24/2024,M3,M_Jun_2024,BCI5TC,27650
4/24/2024,Q0,M_Jul_2024,BCI5TC,28075
4/24/2024,Q1,Q_2_2024,BCI5TC,24175
4/24/2024,Q2,Q_3_2024,BCI5TC,27200
4/24/2024,Q3,Q_4_2024,BCI5TC,27100
4/24/2024,Y0,Q_1_2025,BCI5TC,16229
4/24/2024,Y1,Y_2024,BCI5TC,20250
4/24/2024,Y2,Y_2025,BCI5TC,21425
4/24/2024,Y3,Y_2026,BCI5TC,20086
4/24/2024,M0,Y_2027,BCI5TC,19321
4/25/2024,M1,M_Apr_2024,BCI5TC,20250
4/25/2024,M2,M_May_2024,BCI5TC,24175
4/25/2024,M3,M_Jun_2024,BCI5TC,27475
4/25/2024,Q0,M_Jul_2024,BCI5TC,27500
4/25/2024,Q1,Q_2_2024,BCI5TC,23975
4/25/2024,Q2,Q_3_2024,BCI5TC,27200
4/25/2024,Q3,Q_4_2024,BCI5TC,27125
4/25/2024,Y0,Q_1_2025,BCI5TC,16246
4/25/2024,Y1,Y_2024,BCI5TC,20250
4/25/2024,Y2,Y_2025,BCI5TC,21325
4/25/2024,Y3,Y_2026,BCI5TC,20157
4/25/2024,M0,Y_2027,BCI5TC,19332
4/26/2024,M1,M_Apr_2024,BCI5TC,20125
4/26/2024,M2,M_May_2024,BCI5TC,23500
4/26/2024,M3,M_Jun_2024,BCI5TC,27000
4/26/2024,Q0,M_Jul_2024,BCI5TC,26925
4/26/2024,Q1,Q_2_2024,BCI5TC,23675
4/26/2024,Q2,Q_3_2024,BCI5TC,26850
4/26/2024,Q3,Q_4_2024,BCI5TC,27125
4/26/2024,Y0,Q_1_2025,BCI5TC,16171
4/26/2024,Y1,Y_2024,BCI5TC,20250
4/26/2024,Y2,Y_2025,BCI5TC,21275
4/26/2024,Y3,Y_2026,BCI5TC,20139
4/26/2024,M0,Y_2027,BCI5TC,19318
4/29/2024,M1,M_Apr_2024,BCI5TC,20250
4/29/2024,M2,M_May_2024,BCI5TC,22375
4/29/2024,M3,M_Jun_2024,BCI5TC,26300
4/29/2024,Q0,M_Jul_2024,BCI5TC,26750
4/29/2024,Q1,Q_2_2024,BCI5TC,22975
4/29/2024,Q2,Q_3_2024,BCI5TC,26450
4/29/2024,Q3,Q_4_2024,BCI5TC,26700
4/29/2024,Y0,Q_1_2025,BCI5TC,16021
4/29/2024,Y1,Y_2024,BCI5TC,20250
4/29/2024,Y2,Y_2025,BCI5TC,21175
4/29/2024,Y3,Y_2026,BCI5TC,20054
4/29/2024,M0,Y_2027,BCI5TC,19279
4/30/2024,M1,M_Apr_2024,BCI5TC,20250
4/30/2024,M2,M_May_2024,BCI5TC,22375
4/30/2024,M3,M_Jun_2024,BCI5TC,26300
4/30/2024,Q0,M_Jul_2024,BCI5TC,26750
4/30/2024,Q1,Q_2_2024,BCI5TC,22975
4/30/2024,Q2,Q_3_2024,BCI5TC,26450
4/30/2024,Q3,Q_4_2024,BCI5TC,26700
4/30/2024,Y0,Q_1_2025,BCI5TC,16175
4/30/2024,Y1,Y_2024,BCI5TC,20250
4/30/2024,Y2,Y_2025,BCI5TC,21175
4/30/2024,Y3,Y_2026,BCI5TC,20361
4/30/2024,M0,Y_2027,BCI5TC,19368
5/1/2024,M1,M_May_2024,BCI5TC,23750
5/1/2024,M2,M_Jun_2024,BCI5TC,27625
5/1/2024,M3,M_Jul_2024,BCI5TC,27500
5/1/2024,Q0,M_Aug_2024,BCI5TC,27325
5/1/2024,Q1,Q_2_2024,BCI5TC,22975
5/1/2024,Q2,Q_3_2024,BCI5TC,27350
5/1/2024,Q3,Q_4_2024,BCI5TC,27300
5/1/2024,Y0,Q_1_2025,BCI5TC,16175
5/1/2024,Y1,Y_2024,BCI5TC,20250
5/1/2024,Y2,Y_2025,BCI5TC,21600
5/1/2024,Y3,Y_2026,BCI5TC,20396
5/1/2024,M0,Y_2027,BCI5TC,19379
5/2/2024,M1,M_May_2024,BCI5TC,26000
5/2/2024,M2,M_Jun_2024,BCI5TC,29875
5/2/2024,M3,M_Jul_2024,BCI5TC,28950
5/2/2024,Q0,M_Aug_2024,BCI5TC,28375
5/2/2024,Q1,Q_2_2024,BCI5TC,22975
5/2/2024,Q2,Q_3_2024,BCI5TC,28200
5/2/2024,Q3,Q_4_2024,BCI5TC,28000
5/2/2024,Y0,Q_1_2025,BCI5TC,16400
5/2/2024,Y1,Y_2024,BCI5TC,20250
5/2/2024,Y2,Y_2025,BCI5TC,21850
5/2/2024,Y3,Y_2026,BCI5TC,20604
5/2/2024,M0,Y_2027,BCI5TC,19471
5/3/2024,M1,M_May_2024,BCI5TC,26575
5/3/2024,M2,M_Jun_2024,BCI5TC,30300
5/3/2024,M3,M_Jul_2024,BCI5TC,29000
5/3/2024,Q0,M_Aug_2024,BCI5TC,28500
5/3/2024,Q1,Q_2_2024,BCI5TC,22975
5/3/2024,Q2,Q_3_2024,BCI5TC,28125
5/3/2024,Q3,Q_4_2024,BCI5TC,27800
5/3/2024,Y0,Q_1_2025,BCI5TC,16557
5/3/2024,Y1,Y_2024,BCI5TC,20250
5/3/2024,Y2,Y_2025,BCI5TC,22125
5/3/2024,Y3,Y_2026,BCI5TC,20700
5/3/2024,M0,Y_2027,BCI5TC,19525
5/6/2024,M1,M_May_2024,BCI5TC,26575
5/6/2024,M2,M_Jun_2024,BCI5TC,30300
5/6/2024,M3,M_Jul_2024,BCI5TC,29000
5/6/2024,Q0,M_Aug_2024,BCI5TC,28500
5/6/2024,Q1,Q_2_2024,BCI5TC,22975
5/6/2024,Q2,Q_3_2024,BCI5TC,28125
5/6/2024,Q3,Q_4_2024,BCI5TC,27800
5/6/2024,Y0,Q_1_2025,BCI5TC,16557
5/6/2024,Y1,Y_2024,BCI5TC,20250
5/6/2024,Y2,Y_2025,BCI5TC,22125
5/6/2024,Y3,Y_2026,BCI5TC,20700
5/6/2024,M0,Y_2027,BCI5TC,19525
5/7/2024,M1,M_May_2024,BCI5TC,29750
5/7/2024,M2,M_Jun_2024,BCI5TC,31750
5/7/2024,M3,M_Jul_2024,BCI5TC,29200
5/7/2024,Q0,M_Aug_2024,BCI5TC,29000
5/7/2024,Q1,Q_2_2024,BCI5TC,22975
5/7/2024,Q2,Q_3_2024,BCI5TC,28625
5/7/2024,Q3,Q_4_2024,BCI5TC,28125
5/7/2024,Y0,Q_1_2025,BCI5TC,16871
5/7/2024,Y1,Y_2024,BCI5TC,20250
5/7/2024,Y2,Y_2025,BCI5TC,22175
5/7/2024,Y3,Y_2026,BCI5TC,20896
5/7/2024,M0,Y_2027,BCI5TC,19668
5/8/2024,M1,M_May_2024,BCI5TC,28000
5/8/2024,M2,M_Jun_2024,BCI5TC,30125
5/8/2024,M3,M_Jul_2024,BCI5TC,27375
5/8/2024,Q0,M_Aug_2024,BCI5TC,27250
5/8/2024,Q1,Q_2_2024,BCI5TC,22975
5/8/2024,Q2,Q_3_2024,BCI5TC,27200
5/8/2024,Q3,Q_4_2024,BCI5TC,27000
5/8/2024,Y0,Q_1_2025,BCI5TC,16411
5/8/2024,Y1,Y_2024,BCI5TC,20250
5/8/2024,Y2,Y_2025,BCI5TC,21750
5/8/2024,Y3,Y_2026,BCI5TC,20471
5/8/2024,M0,Y_2027,BCI5TC,19546
5/9/2024,M1,M_May_2024,BCI5TC,27125
5/9/2024,M2,M_Jun_2024,BCI5TC,29650
5/9/2024,M3,M_Jul_2024,BCI5TC,27125
5/9/2024,Q0,M_Aug_2024,BCI5TC,27050
5/9/2024,Q1,Q_2_2024,BCI5TC,22975
5/9/2024,Q2,Q_3_2024,BCI5TC,26925
5/9/2024,Q3,Q_4_2024,BCI5TC,27075
5/9/2024,Y0,Q_1_2025,BCI5TC,16136
5/9/2024,Y1,Y_2024,BCI5TC,20250
5/9/2024,Y2,Y_2025,BCI5TC,21300
5/9/2024,Y3,Y_2026,BCI5TC,20279
5/9/2024,M0,Y_2027,BCI5TC,19482
5/10/2024,M1,M_May_2024,BCI5TC,27500
5/10/2024,M2,M_Jun_2024,BCI5TC,30250
5/10/2024,M3,M_Jul_2024,BCI5TC,27675
5/10/2024,Q0,M_Aug_2024,BCI5TC,27375
5/10/2024,Q1,Q_2_2024,BCI5TC,22975
5/10/2024,Q2,Q_3_2024,BCI5TC,27425
5/10/2024,Q3,Q_4_2024,BCI5TC,27125
5/10/2024,Y0,Q_1_2025,BCI5TC,16182
5/10/2024,Y1,Y_2024,BCI5TC,20250
5/10/2024,Y2,Y_2025,BCI5TC,21500
5/10/2024,Y3,Y_2026,BCI5TC,20275
5/10/2024,M0,Y_2027,BCI5TC,19443
5/13/2024,M1,M_May_2024,BCI5TC,25000
5/13/2024,M2,M_Jun_2024,BCI5TC,28000
5/13/2024,M3,M_Jul_2024,BCI5TC,27050
5/13/2024,Q0,M_Aug_2024,BCI5TC,26875
5/13/2024,Q1,Q_2_2024,BCI5TC,22975
5/13/2024,Q2,Q_3_2024,BCI5TC,26850
5/13/2024,Q3,Q_4_2024,BCI5TC,26950
5/13/2024,Y0,Q_1_2025,BCI5TC,15957
5/13/2024,Y1,Y_2024,BCI5TC,20250
5/13/2024,Y2,Y_2025,BCI5TC,21375
5/13/2024,Y3,Y_2026,BCI5TC,20261
5/13/2024,M0,Y_2027,BCI5TC,19375
5/14/2024,M1,M_May_2024,BCI5TC,24250
5/14/2024,M2,M_Jun_2024,BCI5TC,27325
5/14/2024,M3,M_Jul_2024,BCI5TC,27050
5/14/2024,Q0,M_Aug_2024,BCI5TC,26500
5/14/2024,Q1,Q_2_2024,BCI5TC,22975
5/14/2024,Q2,Q_3_2024,BCI5TC,26725
5/14/2024,Q3,Q_4_2024,BCI5TC,27050
5/14/2024,Y0,Q_1_2025,BCI5TC,15954
5/14/2024,Y1,Y_2024,BCI5TC,20250
5/14/2024,Y2,Y_2025,BCI5TC,21400
5/14/2024,Y3,Y_2026,BCI5TC,20221
5/14/2024,M0,Y_2027,BCI5TC,19375
5/15/2024,M1,M_May_2024,BCI5TC,23000
5/15/2024,M2,M_Jun_2024,BCI5TC,25875
5/15/2024,M3,M_Jul_2024,BCI5TC,26250
5/15/2024,Q0,M_Aug_2024,BCI5TC,26450
5/15/2024,Q1,Q_2_2024,BCI5TC,22975
5/15/2024,Q2,Q_3_2024,BCI5TC,26250
5/15/2024,Q3,Q_4_2024,BCI5TC,26650
5/15/2024,Y0,Q_1_2025,BCI5TC,15761
5/15/2024,Y1,Y_2024,BCI5TC,20250
5/15/2024,Y2,Y_2025,BCI5TC,21000
5/15/2024,Y3,Y_2026,BCI5TC,20086
5/15/2024,M0,Y_2027,BCI5TC,19307
5/16/2024,M1,M_May_2024,BCI5TC,24250
5/16/2024,M2,M_Jun_2024,BCI5TC,27750
5/16/2024,M3,M_Jul_2024,BCI5TC,27150
5/16/2024,Q0,M_Aug_2024,BCI5TC,26750
5/16/2024,Q1,Q_2_2024,BCI5TC,22975
5/16/2024,Q2,Q_3_2024,BCI5TC,27000
5/16/2024,Q3,Q_4_2024,BCI5TC,27125
5/16/2024,Y0,Q_1_2025,BCI5TC,16046
5/16/2024,Y1,Y_2024,BCI5TC,20250
5/16/2024,Y2,Y_2025,BCI5TC,21500
5/16/2024,Y3,Y_2026,BCI5TC,20393
5/16/2024,M0,Y_2027,BCI5TC,19432
5/17/2024,M1,M_May_2024,BCI5TC,24450
5/17/2024,M2,M_Jun_2024,BCI5TC,28125
5/17/2024,M3,M_Jul_2024,BCI5TC,27500
5/17/2024,Q0,M_Aug_2024,BCI5TC,26750
5/17/2024,Q1,Q_2_2024,BCI5TC,22975
5/17/2024,Q2,Q_3_2024,BCI5TC,27250
5/17/2024,Q3,Q_4_2024,BCI5TC,27250
5/17/2024,Y0,Q_1_2025,BCI5TC,16068
5/17/2024,Y1,Y_2024,BCI5TC,20250
5/17/2024,Y2,Y_2025,BCI5TC,21500
5/17/2024,Y3,Y_2026,BCI5TC,20450
5/17/2024,M0,Y_2027,BCI5TC,19439
5/20/2024,M1,M_May_2024,BCI5TC,23575
5/20/2024,M2,M_Jun_2024,BCI5TC,26700
5/20/2024,M3,M_Jul_2024,BCI5TC,26875
5/20/2024,Q0,M_Aug_2024,BCI5TC,26625
5/20/2024,Q1,Q_2_2024,BCI5TC,22975
5/20/2024,Q2,Q_3_2024,BCI5TC,26875
5/20/2024,Q3,Q_4_2024,BCI5TC,27050
5/20/2024,Y0,Q_1_2025,BCI5TC,15939
5/20/2024,Y1,Y_2024,BCI5TC,20250
5/20/2024,Y2,Y_2025,BCI5TC,21325
5/20/2024,Y3,Y_2026,BCI5TC,20407
5/20/2024,M0,Y_2027,BCI5TC,19389
5/21/2024,M1,M_May_2024,BCI5TC,23025
5/21/2024,M2,M_Jun_2024,BCI5TC,25875
5/21/2024,M3,M_Jul_2024,BCI5TC,26625
5/21/2024,Q0,M_Aug_2024,BCI5TC,26500
5/21/2024,Q1,Q_2_2024,BCI5TC,22975
5/21/2024,Q2,Q_3_2024,BCI5TC,26825
5/21/2024,Q3,Q_4_2024,BCI5TC,27000
5/21/2024,Y0,Q_1_2025,BCI5TC,15889
5/21/2024,Y1,Y_2024,BCI5TC,20250
5/21/2024,Y2,Y_2025,BCI5TC,21200
5/21/2024,Y3,Y_2026,BCI5TC,20332
5/21/2024,M0,Y_2027,BCI5TC,19368
5/22/2024,M1,M_May_2024,BCI5TC,22950
5/22/2024,M2,M_Jun_2024,BCI5TC,24875
5/22/2024,M3,M_Jul_2024,BCI5TC,25500
5/22/2024,Q0,M_Aug_2024,BCI5TC,25875
5/22/2024,Q1,Q_2_2024,BCI5TC,22975
5/22/2024,Q2,Q_3_2024,BCI5TC,25850
5/22/2024,Q3,Q_4_2024,BCI5TC,27000
5/22/2024,Y0,Q_1_2025,BCI5TC,15621
5/22/2024,Y1,Y_2024,BCI5TC,20250
5/22/2024,Y2,Y_2025,BCI5TC,21000
5/22/2024,Y3,Y_2026,BCI5TC,20225
5/22/2024,M0,Y_2027,BCI5TC,19286
5/23/2024,M1,M_May_2024,BCI5TC,23000
5/23/2024,M2,M_Jun_2024,BCI5TC,25250
5/23/2024,M3,M_Jul_2024,BCI5TC,25375
5/23/2024,Q0,M_Aug_2024,BCI5TC,25625
5/23/2024,Q1,Q_2_2024,BCI5TC,22975
5/23/2024,Q2,Q_3_2024,BCI5TC,25675
5/23/2024,Q3,Q_4_2024,BCI5TC,26800
5/23/2024,Y0,Q_1_2025,BCI5TC,15543
5/23/2024,Y1,Y_2024,BCI5TC,20250
5/23/2024,Y2,Y_2025,BCI5TC,20975
5/23/2024,Y3,Y_2026,BCI5TC,20193
5/23/2024,M0,Y_2027,BCI5TC,19264
5/24/2024,M1,M_May_2024,BCI5TC,23025
5/24/2024,M2,M_Jun_2024,BCI5TC,26100
5/24/2024,M3,M_Jul_2024,BCI5TC,26100
5/24/2024,Q0,M_Aug_2024,BCI5TC,26075
5/24/2024,Q1,Q_2_2024,BCI5TC,22975
5/24/2024,Q2,Q_3_2024,BCI5TC,26125
5/24/2024,Q3,Q_4_2024,BCI5TC,27125
5/24/2024,Y0,Q_1_2025,BCI5TC,15661
5/24/2024,Y1,Y_2024,BCI5TC,20250
5/24/2024,Y2,Y_2025,BCI5TC,21225
5/24/2024,Y3,Y_2026,BCI5TC,20250
5/24/2024,M0,Y_2027,BCI5TC,19275
5/27/2024,M1,M_May_2024,BCI5TC,23025
5/27/2024,M2,M_Jun_2024,BCI5TC,26100
5/27/2024,M3,M_Jul_2024,BCI5TC,26100
5/27/2024,Q0,M_Aug_2024,BCI5TC,26075
5/27/2024,Q1,Q_2_2024,BCI5TC,22975
5/27/2024,Q2,Q_3_2024,BCI5TC,26125
5/27/2024,Q3,Q_4_2024,BCI5TC,27125
5/27/2024,Y0,Q_1_2025,BCI5TC,15661
5/27/2024,Y1,Y_2024,BCI5TC,20250
5/27/2024,Y2,Y_2025,BCI5TC,21225
5/27/2024,Y3,Y_2026,BCI5TC,20250
5/27/2024,M0,Y_2027,BCI5TC,19275
5/28/2024,M1,M_May_2024,BCI5TC,23000
5/28/2024,M2,M_Jun_2024,BCI5TC,25125
5/28/2024,M3,M_Jul_2024,BCI5TC,25250
5/28/2024,Q0,M_Aug_2024,BCI5TC,25125
5/28/2024,Q1,Q_2_2024,BCI5TC,22975
5/28/2024,Q2,Q_3_2024,BCI5TC,25475
5/28/2024,Q3,Q_4_2024,BCI5TC,26700
5/28/2024,Y0,Q_1_2025,BCI5TC,15543
5/28/2024,Y1,Y_2024,BCI5TC,20250
5/28/2024,Y2,Y_2025,BCI5TC,21100
5/28/2024,Y3,Y_2026,BCI5TC,20179
5/28/2024,M0,Y_2027,BCI5TC,19236
5/29/2024,M1,M_May_2024,BCI5TC,23050
5/29/2024,M2,M_Jun_2024,BCI5TC,25625
5/29/2024,M3,M_Jul_2024,BCI5TC,25750
5/29/2024,Q0,M_Aug_2024,BCI5TC,25525
5/29/2024,Q1,Q_2_2024,BCI5TC,22975
5/29/2024,Q2,Q_3_2024,BCI5TC,25750
5/29/2024,Q3,Q_4_2024,BCI5TC,26950
5/29/2024,Y0,Q_1_2025,BCI5TC,15693
5/29/2024,Y1,Y_2024,BCI5TC,20250
5/29/2024,Y2,Y_2025,BCI5TC,21150
5/29/2024,Y3,Y_2026,BCI5TC,20350
5/29/2024,M0,Y_2027,BCI5TC,19318
5/30/2024,M1,M_May_2024,BCI5TC,23075
5/30/2024,M2,M_Jun_2024,BCI5TC,26750
5/30/2024,M3,M_Jul_2024,BCI5TC,26500
5/30/2024,Q0,M_Aug_2024,BCI5TC,26000
5/30/2024,Q1,Q_2_2024,BCI5TC,22975
5/30/2024,Q2,Q_3_2024,BCI5TC,26150
5/30/2024,Q3,Q_4_2024,BCI5TC,27250
5/30/2024,Y0,Q_1_2025,BCI5TC,15736
5/30/2024,Y1,Y_2024,BCI5TC,20250
5/30/2024,Y2,Y_2025,BCI5TC,21150
5/30/2024,Y3,Y_2026,BCI5TC,20361
5/30/2024,M0,Y_2027,BCI5TC,19289
5/31/2024,M1,M_May_2024,BCI5TC,26250
5/31/2024,M2,M_Jun_2024,BCI5TC,26250
5/31/2024,M3,M_Jul_2024,BCI5TC,26125
5/31/2024,Q0,M_Aug_2024,BCI5TC,26000
5/31/2024,Q1,Q_2_2024,BCI5TC,22975
5/31/2024,Q2,Q_3_2024,BCI5TC,25875
5/31/2024,Q3,Q_4_2024,BCI5TC,27200
5/31/2024,Y0,Q_1_2025,BCI5TC,15700
5/31/2024,Y1,Y_2024,BCI5TC,20250
5/31/2024,Y2,Y_2025,BCI5TC,21175
5/31/2024,Y3,Y_2026,BCI5TC,20361
5/31/2024,M0,Y_2027,BCI5TC,19289
6/3/2024,M1,M_Jun_2024,BCI5TC,25375
6/3/2024,M2,M_Jul_2024,BCI5TC,25625
6/3/2024,M3,M_Aug_2024,BCI5TC,25500
6/3/2024,Q0,M_Sep_2024,BCI5TC,26125
6/3/2024,Q1,Q_2_2024,BCI5TC,22975
6/3/2024,Q2,Q_3_2024,BCI5TC,25675
6/3/2024,Q3,Q_4_2024,BCI5TC,27000
6/3/2024,Y0,Q_1_2025,BCI5TC,15650
6/3/2024,Y1,Y_2024,BCI5TC,20250
6/3/2024,Y2,Y_2025,BCI5TC,21175
6/3/2024,Y3,Y_2026,BCI5TC,20336
6/3/2024,M0,Y_2027,BCI5TC,19264
6/4/2024,M1,M_Jun_2024,BCI5TC,25700
6/4/2024,M2,M_Jul_2024,BCI5TC,25750
6/4/2024,M3,M_Aug_2024,BCI5TC,25800
6/4/2024,Q0,M_Sep_2024,BCI5TC,25800
6/4/2024,Q1,Q_2_2024,BCI5TC,22975
6/4/2024,Q2,Q_3_2024,BCI5TC,25750
6/4/2024,Q3,Q_4_2024,BCI5TC,27175
6/4/2024,Y0,Q_1_2025,BCI5TC,15611
6/4/2024,Y1,Y_2024,BCI5TC,20250
6/4/2024,Y2,Y_2025,BCI5TC,21325
6/4/2024,Y3,Y_2026,BCI5TC,20286
6/4/2024,M0,Y_2027,BCI5TC,19271
6/5/2024,M1,M_Jun_2024,BCI5TC,25575
6/5/2024,M2,M_Jul_2024,BCI5TC,25425
6/5/2024,M3,M_Aug_2024,BCI5TC,25250
6/5/2024,Q0,M_Sep_2024,BCI5TC,26425
6/5/2024,Q1,Q_2_2024,BCI5TC,22975
6/5/2024,Q2,Q_3_2024,BCI5TC,25675
6/5/2024,Q3,Q_4_2024,BCI5TC,27075
6/5/2024,Y0,Q_1_2025,BCI5TC,15589
6/5/2024,Y1,Y_2024,BCI5TC,20250
6/5/2024,Y2,Y_2025,BCI5TC,21125
6/5/2024,Y3,Y_2026,BCI5TC,20271
6/5/2024,M0,Y_2027,BCI5TC,19275
6/6/2024,M1,M_Jun_2024,BCI5TC,25750
6/6/2024,M2,M_Jul_2024,BCI5TC,24875
6/6/2024,M3,M_Aug_2024,BCI5TC,25125
6/6/2024,Q0,M_Sep_2024,BCI5TC,26100
6/6/2024,Q1,Q_2_2024,BCI5TC,22975
6/6/2024,Q2,Q_3_2024,BCI5TC,25350
6/6/2024,Q3,Q_4_2024,BCI5TC,26950
6/6/2024,Y0,Q_1_2025,BCI5TC,15543
6/6/2024,Y1,Y_2024,BCI5TC,20250
6/6/2024,Y2,Y_2025,BCI5TC,21075
6/6/2024,Y3,Y_2026,BCI5TC,20221
6/6/2024,M0,Y_2027,BCI5TC,19264
6/7/2024,M1,M_Jun_2024,BCI5TC,25750
6/7/2024,M2,M_Jul_2024,BCI5TC,24875
6/7/2024,M3,M_Aug_2024,BCI5TC,25125
6/7/2024,Q0,M_Sep_2024,BCI5TC,26100
6/7/2024,Q1,Q_2_2024,BCI5TC,22975
6/7/2024,Q2,Q_3_2024,BCI5TC,25350
6/7/2024,Q3,Q_4_2024,BCI5TC,26950
6/7/2024,Y0,Q_1_2025,BCI5TC,15550
6/7/2024,Y1,Y_2024,BCI5TC,20250
6/7/2024,Y2,Y_2025,BCI5TC,21075
6/7/2024,Y3,Y_2026,BCI5TC,20257
6/7/2024,M0,Y_2027,BCI5TC,19261
6/10/2024,M1,M_Jun_2024,BCI5TC,24500
6/10/2024,M2,M_Jul_2024,BCI5TC,23325
6/10/2024,M3,M_Aug_2024,BCI5TC,24075
6/10/2024,Q0,M_Sep_2024,BCI5TC,24825
6/10/2024,Q1,Q_2_2024,BCI5TC,22975
6/10/2024,Q2,Q_3_2024,BCI5TC,24075
6/10/2024,Q3,Q_4_2024,BCI5TC,26350
6/10/2024,Y0,Q_1_2025,BCI5TC,15371
6/10/2024,Y1,Y_2024,BCI5TC,20250
6/10/2024,Y2,Y_2025,BCI5TC,20925
6/10/2024,Y3,Y_2026,BCI5TC,20146
6/10/2024,M0,Y_2027,BCI5TC,19211
6/11/2024,M1,M_Jun_2024,BCI5TC,23250
6/11/2024,M2,M_Jul_2024,BCI5TC,22575
6/11/2024,M3,M_Aug_2024,BCI5TC,23100
6/11/2024,Q0,M_Sep_2024,BCI5TC,25000
6/11/2024,Q1,Q_2_2024,BCI5TC,22975
6/11/2024,Q2,Q_3_2024,BCI5TC,23525
6/11/2024,Q3,Q_4_2024,BCI5TC,25900
6/11/2024,Y0,Q_1_2025,BCI5TC,15129
6/11/2024,Y1,Y_2024,BCI5TC,20250
6/11/2024,Y2,Y_2025,BCI5TC,20725
6/11/2024,Y3,Y_2026,BCI5TC,20007
6/11/2024,M0,Y_2027,BCI5TC,19154
6/12/2024,M1,M_Jun_2024,BCI5TC,24625
6/12/2024,M2,M_Jul_2024,BCI5TC,25125
6/12/2024,M3,M_Aug_2024,BCI5TC,24750
6/12/2024,Q0,M_Sep_2024,BCI5TC,25225
6/12/2024,Q1,Q_2_2024,BCI5TC,22975
6/12/2024,Q2,Q_3_2024,BCI5TC,24875
6/12/2024,Q3,Q_4_2024,BCI5TC,26525
6/12/2024,Y0,Q_1_2025,BCI5TC,15396
6/12/2024,Y1,Y_2024,BCI5TC,20250
6/12/2024,Y2,Y_2025,BCI5TC,20950
6/12/2024,Y3,Y_2026,BCI5TC,20171
6/12/2024,M0,Y_2027,BCI5TC,19239
6/13/2024,M1,M_Jun_2024,BCI5TC,24625
6/13/2024,M2,M_Jul_2024,BCI5TC,25125
6/13/2024,M3,M_Aug_2024,BCI5TC,24750
6/13/2024,Q0,M_Sep_2024,BCI5TC,25225
6/13/2024,Q1,Q_2_2024,BCI5TC,22975
6/13/2024,Q2,Q_3_2024,BCI5TC,24875
6/13/2024,Q3,Q_4_2024,BCI5TC,26525
6/13/2024,Y0,Q_1_2025,BCI5TC,15364
6/13/2024,Y1,Y_2024,BCI5TC,20250
6/13/2024,Y2,Y_2025,BCI5TC,20950
6/13/2024,Y3,Y_2026,BCI5TC,20179
6/13/2024,M0,Y_2027,BCI5TC,19254
6/14/2024,M1,M_Jun_2024,BCI5TC,24625
6/14/2024,M2,M_Jul_2024,BCI5TC,25125
6/14/2024,M3,M_Aug_2024,BCI5TC,24750
6/14/2024,Q0,M_Sep_2024,BCI5TC,25225
6/14/2024,Q1,Q_2_2024,BCI5TC,22975
6/14/2024,Q2,Q_3_2024,BCI5TC,24875
6/14/2024,Q3,Q_4_2024,BCI5TC,26525
6/14/2024,Y0,Q_1_2025,BCI5TC,15186
6/14/2024,Y1,Y_2024,BCI5TC,20250
6/14/2024,Y2,Y_2025,BCI5TC,20950
6/14/2024,Y3,Y_2026,BCI5TC,20071
6/14/2024,M0,Y_2027,BCI5TC,19246
6/17/2024,M1,M_Jun_2024,BCI5TC,25075
6/17/2024,M2,M_Jul_2024,BCI5TC,24875
6/17/2024,M3,M_Aug_2024,BCI5TC,24150
6/17/2024,Q0,M_Sep_2024,BCI5TC,24800
6/17/2024,Q1,Q_2_2024,BCI5TC,22975
6/17/2024,Q2,Q_3_2024,BCI5TC,24350
6/17/2024,Q3,Q_4_2024,BCI5TC,26375
6/17/2024,Y0,Q_1_2025,BCI5TC,15179
6/17/2024,Y1,Y_2024,BCI5TC,20250
6/17/2024,Y2,Y_2025,BCI5TC,20900
6/17/2024,Y3,Y_2026,BCI5TC,20129
6/17/2024,M0,Y_2027,BCI5TC,19375
6/18/2024,M1,M_Jun_2024,BCI5TC,24750
6/18/2024,M2,M_Jul_2024,BCI5TC,24875
6/18/2024,M3,M_Aug_2024,BCI5TC,24000
6/18/2024,Q0,M_Sep_2024,BCI5TC,24250
6/18/2024,Q1,Q_2_2024,BCI5TC,22975
6/18/2024,Q2,Q_3_2024,BCI5TC,24300
6/18/2024,Q3,Q_4_2024,BCI5TC,26250
6/18/2024,Y0,Q_1_2025,BCI5TC,15232
6/18/2024,Y1,Y_2024,BCI5TC,20250
6/18/2024,Y2,Y_2025,BCI5TC,20875
6/18/2024,Y3,Y_2026,BCI5TC,20175
6/18/2024,M0,Y_2027,BCI5TC,19396
6/19/2024,M1,M_Jun_2024,BCI5TC,24875
6/19/2024,M2,M_Jul_2024,BCI5TC,24775
6/19/2024,M3,M_Aug_2024,BCI5TC,23725
6/19/2024,Q0,M_Sep_2024,BCI5TC,24050
6/19/2024,Q1,Q_2_2024,BCI5TC,22975
6/19/2024,Q2,Q_3_2024,BCI5TC,24200
6/19/2024,Q3,Q_4_2024,BCI5TC,26050
6/19/2024,Y0,Q_1_2025,BCI5TC,15193
6/19/2024,Y1,Y_2024,BCI5TC,20250
6/19/2024,Y2,Y_2025,BCI5TC,20750
6/19/2024,Y3,Y_2026,BCI5TC,20193
6/19/2024,M0,Y_2027,BCI5TC,19396
6/20/2024,M1,M_Jun_2024,BCI5TC,25425
6/20/2024,M2,M_Jul_2024,BCI5TC,26250
6/20/2024,M3,M_Aug_2024,BCI5TC,24700
6/20/2024,Q0,M_Sep_2024,BCI5TC,24875
6/20/2024,Q1,Q_2_2024,BCI5TC,22975
6/20/2024,Q2,Q_3_2024,BCI5TC,25300
6/20/2024,Q3,Q_4_2024,BCI5TC,26750
6/20/2024,Y0,Q_1_2025,BCI5TC,15411
6/20/2024,Y1,Y_2024,BCI5TC,20250
6/20/2024,Y2,Y_2025,BCI5TC,21000
6/20/2024,Y3,Y_2026,BCI5TC,20289
6/20/2024,M0,Y_2027,BCI5TC,19525
6/21/2024,M1,M_Jun_2024,BCI5TC,25425
6/21/2024,M2,M_Jul_2024,BCI5TC,26400
6/21/2024,M3,M_Aug_2024,BCI5TC,24750
6/21/2024,Q0,M_Sep_2024,BCI5TC,25000
6/21/2024,Q1,Q_2_2024,BCI5TC,22975
6/21/2024,Q2,Q_3_2024,BCI5TC,25375
6/21/2024,Q3,Q_4_2024,BCI5TC,26925
6/21/2024,Y0,Q_1_2025,BCI5TC,15396
6/21/2024,Y1,Y_2024,BCI5TC,20250
6/21/2024,Y2,Y_2025,BCI5TC,20900
6/21/2024,Y3,Y_2026,BCI5TC,20271
6/21/2024,M0,Y_2027,BCI5TC,19568
6/24/2024,M1,M_Jun_2024,BCI5TC,25425
6/24/2024,M2,M_Jul_2024,BCI5TC,26400
6/24/2024,M3,M_Aug_2024,BCI5TC,24750
6/24/2024,Q0,M_Sep_2024,BCI5TC,25000
6/24/2024,Q1,Q_2_2024,BCI5TC,22975
6/24/2024,Q2,Q_3_2024,BCI5TC,25375
6/24/2024,Q3,Q_4_2024,BCI5TC,26925
6/24/2024,Y0,Q_1_2025,BCI5TC,15221
6/24/2024,Y1,Y_2024,BCI5TC,20250
6/24/2024,Y2,Y_2025,BCI5TC,20900
6/24/2024,Y3,Y_2026,BCI5TC,20204
6/24/2024,M0,Y_2027,BCI5TC,19525
6/25/2024,M1,M_Jun_2024,BCI5TC,24425
6/25/2024,M2,M_Jul_2024,BCI5TC,24400
6/25/2024,M3,M_Aug_2024,BCI5TC,24050
6/25/2024,Q0,M_Sep_2024,BCI5TC,25000
6/25/2024,Q1,Q_2_2024,BCI5TC,22975
6/25/2024,Q2,Q_3_2024,BCI5TC,24375
6/25/2024,Q3,Q_4_2024,BCI5TC,26575
6/25/2024,Y0,Q_1_2025,BCI5TC,15289
6/25/2024,Y1,Y_2024,BCI5TC,20250
6/25/2024,Y2,Y_2025,BCI5TC,21000
6/25/2024,Y3,Y_2026,BCI5TC,20339
6/25/2024,M0,Y_2027,BCI5TC,19596
6/26/2024,M1,M_Jun_2024,BCI5TC,24950
6/26/2024,M2,M_Jul_2024,BCI5TC,26737.5
6/26/2024,M3,M_Aug_2024,BCI5TC,25250
6/26/2024,Q0,M_Sep_2024,BCI5TC,25750
6/26/2024,Q1,Q_2_2024,BCI5TC,22975
6/26/2024,Q2,Q_3_2024,BCI5TC,25925
6/26/2024,Q3,Q_4_2024,BCI5TC,27425
6/26/2024,Y0,Q_1_2025,BCI5TC,15807
6/26/2024,Y1,Y_2024,BCI5TC,20250
6/26/2024,Y2,Y_2025,BCI5TC,21600
6/26/2024,Y3,Y_2026,BCI5TC,20850
6/26/2024,M0,Y_2027,BCI5TC,19943
6/27/2024,M1,M_Jun_2024,BCI5TC,24950
6/27/2024,M2,M_Jul_2024,BCI5TC,26737.5
6/27/2024,M3,M_Aug_2024,BCI5TC,25250
6/27/2024,Q0,M_Sep_2024,BCI5TC,25750
6/27/2024,Q1,Q_2_2024,BCI5TC,22975
6/27/2024,Q2,Q_3_2024,BCI5TC,25925
6/27/2024,Q3,Q_4_2024,BCI5TC,27425
6/27/2024,Y0,Q_1_2025,BCI5TC,15964
6/27/2024,Y1,Y_2024,BCI5TC,20250
6/27/2024,Y2,Y_2025,BCI5TC,21600
6/27/2024,Y3,Y_2026,BCI5TC,20993
6/27/2024,M0,Y_2027,BCI5TC,20036
6/28/2024,M1,M_Jun_2024,BCI5TC,27750
6/28/2024,M2,M_Jul_2024,BCI5TC,25500
6/28/2024,M3,M_Aug_2024,BCI5TC,26000
6/28/2024,Q0,M_Sep_2024,BCI5TC,25750
6/28/2024,Q1,Q_2_2024,BCI5TC,26417
6/28/2024,Q2,Q_3_2024,BCI5TC,27075
6/28/2024,Q3,Q_4_2024,BCI5TC,15750
6/28/2024,Y0,Q_1_2025,BCI5TC,21529
6/28/2024,Y1,Y_2024,BCI5TC,20250
6/28/2024,Y2,Y_2025,BCI5TC,21875
6/28/2024,Y3,Y_2026,BCI5TC,20846
6/28/2024,M0,Y_2027,BCI5TC,19996
7/1/2024,M1,M_Jul_2024,BCI5TC,29250
7/1/2024,M2,M_Aug_2024,BCI5TC,26675
7/1/2024,M3,M_Sep_2024,BCI5TC,26625
7/1/2024,Q0,M_Oct_2024,BCI5TC,27500
7/1/2024,Q1,Q_3_2024,BCI5TC,27550
7/1/2024,Q2,Q_4_2024,BCI5TC,27825
7/1/2024,Q3,Q_1_2025,BCI5TC,16000
7/1/2024,Y0,Q_2_2025,BCI5TC,21721
7/1/2024,Y1,Y_2024,BCI5TC,20250
7/1/2024,Y2,Y_2025,BCI5TC,22125
7/1/2024,Y3,Y_2026,BCI5TC,20929
7/1/2024,M0,Y_2027,BCI5TC,20039
7/2/2024,M1,M_Jul_2024,BCI5TC,27925
7/2/2024,M2,M_Aug_2024,BCI5TC,24950
7/2/2024,M3,M_Sep_2024,BCI5TC,25425
7/2/2024,Q0,M_Oct_2024,BCI5TC,27375
7/2/2024,Q1,Q_3_2024,BCI5TC,26100
7/2/2024,Q2,Q_4_2024,BCI5TC,27000
7/2/2024,Q3,Q_1_2025,BCI5TC,15750
7/2/2024,Y0,Q_2_2025,BCI5TC,21307
7/2/2024,Y1,Y_2024,BCI5TC,20250
7/2/2024,Y2,Y_2025,BCI5TC,21775
7/2/2024,Y3,Y_2026,BCI5TC,20757
7/2/2024,M0,Y_2027,BCI5TC,19975
7/3/2024,M1,M_Jul_2024,BCI5TC,27950
7/3/2024,M2,M_Aug_2024,BCI5TC,26075
7/3/2024,M3,M_Sep_2024,BCI5TC,26525
7/3/2024,Q0,M_Oct_2024,BCI5TC,28000
7/3/2024,Q1,Q_3_2024,BCI5TC,26875
7/3/2024,Q2,Q_4_2024,BCI5TC,27550
7/3/2024,Q3,Q_1_2025,BCI5TC,15750
7/3/2024,Y0,Q_2_2025,BCI5TC,21443
7/3/2024,Y1,Y_2024,BCI5TC,20250
7/3/2024,Y2,Y_2025,BCI5TC,21900
7/3/2024,Y3,Y_2026,BCI5TC,20818
7/3/2024,M0,Y_2027,BCI5TC,19989
7/4/2024,M1,M_Jul_2024,BCI5TC,27500
7/4/2024,M2,M_Aug_2024,BCI5TC,25150
7/4/2024,M3,M_Sep_2024,BCI5TC,26250
7/4/2024,Q0,M_Oct_2024,BCI5TC,27875
7/4/2024,Q1,Q_3_2024,BCI5TC,26312.5
7/4/2024,Q2,Q_4_2024,BCI5TC,27450
7/4/2024,Q3,Q_1_2025,BCI5TC,15775
7/4/2024,Y0,Q_2_2025,BCI5TC,21350
7/4/2024,Y1,Y_2024,BCI5TC,20250
7/4/2024,Y2,Y_2025,BCI5TC,21800
7/4/2024,Y3,Y_2026,BCI5TC,20793
7/4/2024,M0,Y_2027,BCI5TC,19943
7/5/2024,M1,M_Jul_2024,BCI5TC,26250
7/5/2024,M2,M_Aug_2024,BCI5TC,24375
7/5/2024,M3,M_Sep_2024,BCI5TC,25750
7/5/2024,Q0,M_Oct_2024,BCI5TC,27750
7/5/2024,Q1,Q_3_2024,BCI5TC,25450
7/5/2024,Q2,Q_4_2024,BCI5TC,27100
7/5/2024,Q3,Q_1_2025,BCI5TC,15750
7/5/2024,Y0,Q_2_2025,BCI5TC,21336
7/5/2024,Y1,Y_2024,BCI5TC,20250
7/5/2024,Y2,Y_2025,BCI5TC,21825
7/5/2024,Y3,Y_2026,BCI5TC,20729
7/5/2024,M0,Y_2027,BCI5TC,19961
7/8/2024,M1,M_Jul_2024,BCI5TC,26200
7/8/2024,M2,M_Aug_2024,BCI5TC,24825
7/8/2024,M3,M_Sep_2024,BCI5TC,26250
7/8/2024,Q0,M_Oct_2024,BCI5TC,27750
7/8/2024,Q1,Q_3_2024,BCI5TC,25775
7/8/2024,Q2,Q_4_2024,BCI5TC,27375
7/8/2024,Q3,Q_1_2025,BCI5TC,16000
7/8/2024,Y0,Q_2_2025,BCI5TC,21454
7/8/2024,Y1,Y_2024,BCI5TC,20250
7/8/2024,Y2,Y_2025,BCI5TC,21875
7/8/2024,Y3,Y_2026,BCI5TC,20850
7/8/2024,M0,Y_2027,BCI5TC,19982
7/9/2024,M1,M_Jul_2024,BCI5TC,26125
7/9/2024,M2,M_Aug_2024,BCI5TC,24750
7/9/2024,M3,M_Sep_2024,BCI5TC,26600
7/9/2024,Q0,M_Oct_2024,BCI5TC,27750
7/9/2024,Q1,Q_3_2024,BCI5TC,25825
7/9/2024,Q2,Q_4_2024,BCI5TC,27550
7/9/2024,Q3,Q_1_2025,BCI5TC,15900
7/9/2024,Y0,Q_2_2025,BCI5TC,21500
7/9/2024,Y1,Y_2024,BCI5TC,20250
7/9/2024,Y2,Y_2025,BCI5TC,22000
7/9/2024,Y3,Y_2026,BCI5TC,20886
7/9/2024,M0,Y_2027,BCI5TC,20039
7/10/2024,M1,M_Jul_2024,BCI5TC,26850
7/10/2024,M2,M_Aug_2024,BCI5TC,25725
7/10/2024,M3,M_Sep_2024,BCI5TC,27325
7/10/2024,Q0,M_Oct_2024,BCI5TC,28250
7/10/2024,Q1,Q_3_2024,BCI5TC,26625
7/10/2024,Q2,Q_4_2024,BCI5TC,27925
7/10/2024,Q3,Q_1_2025,BCI5TC,16375
7/10/2024,Y0,Q_2_2025,BCI5TC,21796
7/10/2024,Y1,Y_2024,BCI5TC,20250
7/10/2024,Y2,Y_2025,BCI5TC,22325
7/10/2024,Y3,Y_2026,BCI5TC,21218
7/10/2024,M0,Y_2027,BCI5TC,20196
7/11/2024,M1,M_Jul_2024,BCI5TC,26700
7/11/2024,M2,M_Aug_2024,BCI5TC,25050
7/11/2024,M3,M_Sep_2024,BCI5TC,27250
7/11/2024,Q0,M_Oct_2024,BCI5TC,28250
7/11/2024,Q1,Q_3_2024,BCI5TC,26300
7/11/2024,Q2,Q_4_2024,BCI5TC,27875
7/11/2024,Q3,Q_1_2025,BCI5TC,16550
7/11/2024,Y0,Q_2_2025,BCI5TC,21879
7/11/2024,Y1,Y_2024,BCI5TC,20250
7/11/2024,Y2,Y_2025,BCI5TC,22375
7/11/2024,Y3,Y_2026,BCI5TC,21379
7/11/2024,M0,Y_2027,BCI5TC,20279
7/12/2024,M1,M_Jul_2024,BCI5TC,27125
7/12/2024,M2,M_Aug_2024,BCI5TC,25500
7/12/2024,M3,M_Sep_2024,BCI5TC,27325
7/12/2024,Q0,M_Oct_2024,BCI5TC,28500
7/12/2024,Q1,Q_3_2024,BCI5TC,26650
7/12/2024,Q2,Q_4_2024,BCI5TC,28225
7/12/2024,Q3,Q_1_2025,BCI5TC,16675
7/12/2024,Y0,Q_2_2025,BCI5TC,21836
7/12/2024,Y1,Y_2024,BCI5TC,20250
7/12/2024,Y2,Y_2025,BCI5TC,22375
7/12/2024,Y3,Y_2026,BCI5TC,21382
7/12/2024,M0,Y_2027,BCI5TC,20304
7/15/2024,M1,M_Jul_2024,BCI5TC,26225
7/15/2024,M2,M_Aug_2024,BCI5TC,24275
7/15/2024,M3,M_Sep_2024,BCI5TC,26575
7/15/2024,Q0,M_Oct_2024,BCI5TC,28400
7/15/2024,Q1,Q_3_2024,BCI5TC,25675
7/15/2024,Q2,Q_4_2024,BCI5TC,27875
7/15/2024,Q3,Q_1_2025,BCI5TC,16500
7/15/2024,Y0,Q_2_2025,BCI5TC,21721
7/15/2024,Y1,Y_2024,BCI5TC,20250
7/15/2024,Y2,Y_2025,BCI5TC,22250
7/15/2024,Y3,Y_2026,BCI5TC,21304
7/15/2024,M0,Y_2027,BCI5TC,20296
7/16/2024,M1,M_Jul_2024,BCI5TC,25875
7/16/2024,M2,M_Aug_2024,BCI5TC,23750
7/16/2024,M3,M_Sep_2024,BCI5TC,26500
7/16/2024,Q0,M_Oct_2024,BCI5TC,28500
7/16/2024,Q1,Q_3_2024,BCI5TC,25375
7/16/2024,Q2,Q_4_2024,BCI5TC,27900
7/16/2024,Q3,Q_1_2025,BCI5TC,16375
7/16/2024,Y0,Q_2_2025,BCI5TC,21596
7/16/2024,Y1,Y_2024,BCI5TC,20250
7/16/2024,Y2,Y_2025,BCI5TC,22050
7/16/2024,Y3,Y_2026,BCI5TC,21229
7/16/2024,M0,Y_2027,BCI5TC,20229
7/17/2024,M1,M_Jul_2024,BCI5TC,26200
7/17/2024,M2,M_Aug_2024,BCI5TC,24550
7/17/2024,M3,M_Sep_2024,BCI5TC,26650
7/17/2024,Q0,M_Oct_2024,BCI5TC,29000
7/17/2024,Q1,Q_3_2024,BCI5TC,25800
7/17/2024,Q2,Q_4_2024,BCI5TC,28125
7/17/2024,Q3,Q_1_2025,BCI5TC,16575
7/17/2024,Y0,Q_2_2025,BCI5TC,21789
7/17/2024,Y1,Y_2024,BCI5TC,20250
7/17/2024,Y2,Y_2025,BCI5TC,22050
7/17/2024,Y3,Y_2026,BCI5TC,21296
7/17/2024,M0,Y_2027,BCI5TC,20261
7/18/2024,M1,M_Jul_2024,BCI5TC,26375
7/18/2024,M2,M_Aug_2024,BCI5TC,24825
7/18/2024,M3,M_Sep_2024,BCI5TC,26875
7/18/2024,Q0,M_Oct_2024,BCI5TC,29000
7/18/2024,Q1,Q_3_2024,BCI5TC,26025
7/18/2024,Q2,Q_4_2024,BCI5TC,28200
7/18/2024,Q3,Q_1_2025,BCI5TC,16675
7/18/2024,Y0,Q_2_2025,BCI5TC,21875
7/18/2024,Y1,Y_2024,BCI5TC,20250
7/18/2024,Y2,Y_2025,BCI5TC,22275
7/18/2024,Y3,Y_2026,BCI5TC,21354
7/18/2024,M0,Y_2027,BCI5TC,20275
7/19/2024,M1,M_Jul_2024,BCI5TC,26375
7/19/2024,M2,M_Aug_2024,BCI5TC,24575
7/19/2024,M3,M_Sep_2024,BCI5TC,26750
7/19/2024,Q0,M_Oct_2024,BCI5TC,29000
7/19/2024,Q1,Q_3_2024,BCI5TC,25950
7/19/2024,Q2,Q_4_2024,BCI5TC,28150
7/19/2024,Q3,Q_1_2025,BCI5TC,16675
7/19/2024,Y0,Q_2_2025,BCI5TC,21861
7/19/2024,Y1,Y_2024,BCI5TC,20250
7/19/2024,Y2,Y_2025,BCI5TC,22225
7/19/2024,Y3,Y_2026,BCI5TC,21339
7/19/2024,M0,Y_2027,BCI5TC,20279
7/22/2024,M1,M_Jul_2024,BCI5TC,26250
7/22/2024,M2,M_Aug_2024,BCI5TC,24300
7/22/2024,M3,M_Sep_2024,BCI5TC,26612.5
7/22/2024,Q0,M_Oct_2024,BCI5TC,29000
7/22/2024,Q1,Q_3_2024,BCI5TC,25737.5
7/22/2024,Q2,Q_4_2024,BCI5TC,28100
7/22/2024,Q3,Q_1_2025,BCI5TC,16600
7/22/2024,Y0,Q_2_2025,BCI5TC,21821
7/22/2024,Y1,Y_2024,BCI5TC,20250
7/22/2024,Y2,Y_2025,BCI5TC,22275
7/22/2024,Y3,Y_2026,BCI5TC,21293
7/22/2024,M0,Y_2027,BCI5TC,20264
7/23/2024,M1,M_Jul_2024,BCI5TC,25975
7/23/2024,M2,M_Aug_2024,BCI5TC,23225
7/23/2024,M3,M_Sep_2024,BCI5TC,25825
7/23/2024,Q0,M_Oct_2024,BCI5TC,28750
7/23/2024,Q1,Q_3_2024,BCI5TC,25050
7/23/2024,Q2,Q_4_2024,BCI5TC,27950
7/23/2024,Q3,Q_1_2025,BCI5TC,16475
7/23/2024,Y0,Q_2_2025,BCI5TC,21536
7/23/2024,Y1,Y_2024,BCI5TC,20250
7/23/2024,Y2,Y_2025,BCI5TC,21950
7/23/2024,Y3,Y_2026,BCI5TC,21218
7/23/2024,M0,Y_2027,BCI5TC,20221
7/24/2024,M1,M_Jul_2024,BCI5TC,25875
7/24/2024,M2,M_Aug_2024,BCI5TC,23375
7/24/2024,M3,M_Sep_2024,BCI5TC,25750
7/24/2024,Q0,M_Oct_2024,BCI5TC,28500
7/24/2024,Q1,Q_3_2024,BCI5TC,25000
7/24/2024,Q2,Q_4_2024,BCI5TC,28000
7/24/2024,Q3,Q_1_2025,BCI5TC,16500
7/24/2024,Y0,Q_2_2025,BCI5TC,21571
7/24/2024,Y1,Y_2024,BCI5TC,20250
7/24/2024,Y2,Y_2025,BCI5TC,22000
7/24/2024,Y3,Y_2026,BCI5TC,21200
7/24/2024,M0,Y_2027,BCI5TC,20243
7/25/2024,M1,M_Jul_2024,BCI5TC,25875
7/25/2024,M2,M_Aug_2024,BCI5TC,22375
7/25/2024,M3,M_Sep_2024,BCI5TC,24750
7/25/2024,Q0,M_Oct_2024,BCI5TC,28250
7/25/2024,Q1,Q_3_2024,BCI5TC,24512.5
7/25/2024,Q2,Q_4_2024,BCI5TC,27375
7/25/2024,Q3,Q_1_2025,BCI5TC,16375
7/25/2024,Y0,Q_2_2025,BCI5TC,21389
7/25/2024,Y1,Y_2024,BCI5TC,20250
7/25/2024,Y2,Y_2025,BCI5TC,21850
7/25/2024,Y3,Y_2026,BCI5TC,21079
7/25/2024,M0,Y_2027,BCI5TC,20186
7/26/2024,M1,M_Jul_2024,BCI5TC,25675
7/26/2024,M2,M_Aug_2024,BCI5TC,21050
7/26/2024,M3,M_Sep_2024,BCI5TC,24100
7/26/2024,Q0,M_Oct_2024,BCI5TC,27700
7/26/2024,Q1,Q_3_2024,BCI5TC,23687.5
7/26/2024,Q2,Q_4_2024,BCI5TC,26750
7/26/2024,Q3,Q_1_2025,BCI5TC,16275
7/26/2024,Y0,Q_2_2025,BCI5TC,21257
7/26/2024,Y1,Y_2024,BCI5TC,20250
7/26/2024,Y2,Y_2025,BCI5TC,21675
7/26/2024,Y3,Y_2026,BCI5TC,21032
7/26/2024,M0,Y_2027,BCI5TC,20146
7/29/2024,M1,M_Jul_2024,BCI5TC,25625
7/29/2024,M2,M_Aug_2024,BCI5TC,21625
7/29/2024,M3,M_Sep_2024,BCI5TC,24575
7/29/2024,Q0,M_Oct_2024,BCI5TC,27875
7/29/2024,Q1,Q_3_2024,BCI5TC,23625
7/29/2024,Q2,Q_4_2024,BCI5TC,27125
7/29/2024,Q3,Q_1_2025,BCI5TC,16350
7/29/2024,Y0,Q_2_2025,BCI5TC,21414
7/29/2024,Y1,Y_2024,BCI5TC,20250
7/29/2024,Y2,Y_2025,BCI5TC,21800
7/29/2024,Y3,Y_2026,BCI5TC,21086
7/29/2024,M0,Y_2027,BCI5TC,20168
7/30/2024,M1,M_Jul_2024,BCI5TC,25625
7/30/2024,M2,M_Aug_2024,BCI5TC,19875
7/30/2024,M3,M_Sep_2024,BCI5TC,23300
7/30/2024,Q0,M_Oct_2024,BCI5TC,26950
7/30/2024,Q1,Q_3_2024,BCI5TC,23550
7/30/2024,Q2,Q_4_2024,BCI5TC,26175
7/30/2024,Q3,Q_1_2025,BCI5TC,16050
7/30/2024,Y0,Q_2_2025,BCI5TC,21079
7/30/2024,Y1,Y_2024,BCI5TC,20250
7/30/2024,Y2,Y_2025,BCI5TC,21550
7/30/2024,Y3,Y_2026,BCI5TC,20957
7/30/2024,M0,Y_2027,BCI5TC,20107
7/31/2024,M1,M_Jul_2024,BCI5TC,20125
7/31/2024,M2,M_Aug_2024,BCI5TC,23550
7/31/2024,M3,M_Sep_2024,BCI5TC,27375
7/31/2024,Q0,M_Oct_2024,BCI5TC,26950
7/31/2024,Q1,Q_3_2024,BCI5TC,23550
7/31/2024,Q2,Q_4_2024,BCI5TC,26500
7/31/2024,Q3,Q_1_2025,BCI5TC,16400
7/31/2024,Y0,Q_2_2025,BCI5TC,21107
7/31/2024,Y1,Y_2024,BCI5TC,20250
7/31/2024,Y2,Y_2025,BCI5TC,21625
7/31/2024,Y3,Y_2026,BCI5TC,20986
7/31/2024,M0,Y_2027,BCI5TC,20118
8/1/2024,M1,M_Aug_2024,BCI5TC,19625
8/1/2024,M2,M_Sep_2024,BCI5TC,23375
8/1/2024,M3,M_Oct_2024,BCI5TC,26750
8/1/2024,Q0,M_Nov_2024,BCI5TC,26250
8/1/2024,Q1,Q_3_2024,BCI5TC,23550
8/1/2024,Q2,Q_4_2024,BCI5TC,26375
8/1/2024,Q3,Q_1_2025,BCI5TC,16425
8/1/2024,Y0,Q_2_2025,BCI5TC,21143
8/1/2024,Y1,Y_2024,BCI5TC,20250
8/1/2024,Y2,Y_2025,BCI5TC,21600
8/1/2024,Y3,Y_2026,BCI5TC,21021
8/1/2024,M0,Y_2027,BCI5TC,20121
8/2/2024,M1,M_Aug_2024,BCI5TC,20625
8/2/2024,M2,M_Sep_2024,BCI5TC,24500
8/2/2024,M3,M_Oct_2024,BCI5TC,27375
8/2/2024,Q0,M_Nov_2024,BCI5TC,26575
8/2/2024,Q1,Q_3_2024,BCI5TC,23550
8/2/2024,Q2,Q_4_2024,BCI5TC,26550
8/2/2024,Q3,Q_1_2025,BCI5TC,16575
8/2/2024,Y0,Q_2_2025,BCI5TC,21243
8/2/2024,Y1,Y_2024,BCI5TC,20250
8/2/2024,Y2,Y_2025,BCI5TC,21700
8/2/2024,Y3,Y_2026,BCI5TC,21068
8/2/2024,M0,Y_2027,BCI5TC,20139
8/5/2024,M1,M_Aug_2024,BCI5TC,20625
8/5/2024,M2,M_Sep_2024,BCI5TC,23750
8/5/2024,M3,M_Oct_2024,BCI5TC,27000
8/5/2024,Q0,M_Nov_2024,BCI5TC,26250
8/5/2024,Q1,Q_3_2024,BCI5TC,23550
8/5/2024,Q2,Q_4_2024,BCI5TC,26200
8/5/2024,Q3,Q_1_2025,BCI5TC,16200
8/5/2024,Y0,Q_2_2025,BCI5TC,21043
8/5/2024,Y1,Y_2024,BCI5TC,20250
8/5/2024,Y2,Y_2025,BCI5TC,21450
8/5/2024,Y3,Y_2026,BCI5TC,20929
8/5/2024,M0,Y_2027,BCI5TC,20061
8/6/2024,M1,M_Aug_2024,BCI5TC,21400
8/6/2024,M2,M_Sep_2024,BCI5TC,25300
8/6/2024,M3,M_Oct_2024,BCI5TC,28250
8/6/2024,Q0,M_Nov_2024,BCI5TC,26625
8/6/2024,Q1,Q_3_2024,BCI5TC,23550
8/6/2024,Q2,Q_4_2024,BCI5TC,27000
8/6/2024,Q3,Q_1_2025,BCI5TC,16400
8/6/2024,Y0,Q_2_2025,BCI5TC,21271
8/6/2024,Y1,Y_2024,BCI5TC,20250
8/6/2024,Y2,Y_2025,BCI5TC,21650
8/6/2024,Y3,Y_2026,BCI5TC,21054
8/6/2024,M0,Y_2027,BCI5TC,20100
8/7/2024,M1,M_Aug_2024,BCI5TC,21450
8/7/2024,M2,M_Sep_2024,BCI5TC,24625
8/7/2024,M3,M_Oct_2024,BCI5TC,27750
8/7/2024,Q0,M_Nov_2024,BCI5TC,26500
8/7/2024,Q1,Q_3_2024,BCI5TC,23550
8/7/2024,Q2,Q_4_2024,BCI5TC,26750
8/7/2024,Q3,Q_1_2025,BCI5TC,16375
8/7/2024,Y0,Q_2_2025,BCI5TC,21254
8/7/2024,Y1,Y_2024,BCI5TC,20250
8/7/2024,Y2,Y_2025,BCI5TC,21700
8/7/2024,Y3,Y_2026,BCI5TC,21032
8/7/2024,M0,Y_2027,BCI5TC,20075
8/8/2024,M1,M_Aug_2024,BCI5TC,21825
8/8/2024,M2,M_Sep_2024,BCI5TC,25237.5
8/8/2024,M3,M_Oct_2024,BCI5TC,27875
8/8/2024,Q0,M_Nov_2024,BCI5TC,26500
8/8/2024,Q1,Q_3_2024,BCI5TC,23550
8/8/2024,Q2,Q_4_2024,BCI5TC,26875
8/8/2024,Q3,Q_1_2025,BCI5TC,16450
8/8/2024,Y0,Q_2_2025,BCI5TC,21257
8/8/2024,Y1,Y_2024,BCI5TC,20250
8/8/2024,Y2,Y_2025,BCI5TC,21750
8/8/2024,Y3,Y_2026,BCI5TC,21057
8/8/2024,M0,Y_2027,BCI5TC,20064
8/9/2024,M1,M_Aug_2024,BCI5TC,21125
8/9/2024,M2,M_Sep_2024,BCI5TC,24375
8/9/2024,M3,M_Oct_2024,BCI5TC,27750
8/9/2024,Q0,M_Nov_2024,BCI5TC,26250
8/9/2024,Q1,Q_3_2024,BCI5TC,23550
8/9/2024,Q2,Q_4_2024,BCI5TC,26550
8/9/2024,Q3,Q_1_2025,BCI5TC,16400
8/9/2024,Y0,Q_2_2025,BCI5TC,21196
8/9/2024,Y1,Y_2024,BCI5TC,20250
8/9/2024,Y2,Y_2025,BCI5TC,21700
8/9/2024,Y3,Y_2026,BCI5TC,21079
8/9/2024,M0,Y_2027,BCI5TC,20075
8/12/2024,M1,M_Aug_2024,BCI5TC,20725
8/12/2024,M2,M_Sep_2024,BCI5TC,24250
8/12/2024,M3,M_Oct_2024,BCI5TC,27250
8/12/2024,Q0,M_Nov_2024,BCI5TC,26575
8/12/2024,Q1,Q_3_2024,BCI5TC,23550
8/12/2024,Q2,Q_4_2024,BCI5TC,26475
8/12/2024,Q3,Q_1_2025,BCI5TC,16375
8/12/2024,Y0,Q_2_2025,BCI5TC,21154
8/12/2024,Y1,Y_2024,BCI5TC,20250
8/12/2024,Y2,Y_2025,BCI5TC,21700
8/12/2024,Y3,Y_2026,BCI5TC,21050
8/12/2024,M0,Y_2027,BCI5TC,20082
8/13/2024,M1,M_Aug_2024,BCI5TC,21375
8/13/2024,M2,M_Sep_2024,BCI5TC,25250
8/13/2024,M3,M_Oct_2024,BCI5TC,27875
8/13/2024,Q0,M_Nov_2024,BCI5TC,26775
8/13/2024,Q1,Q_3_2024,BCI5TC,23550
8/13/2024,Q2,Q_4_2024,BCI5TC,26875
8/13/2024,Q3,Q_1_2025,BCI5TC,16700
8/13/2024,Y0,Q_2_2025,BCI5TC,21457
8/13/2024,Y1,Y_2024,BCI5TC,20250
8/13/2024,Y2,Y_2025,BCI5TC,21850
8/13/2024,Y3,Y_2026,BCI5TC,21175
8/13/2024,M0,Y_2027,BCI5TC,20164
8/14/2024,M1,M_Aug_2024,BCI5TC,21450
8/14/2024,M2,M_Sep_2024,BCI5TC,24800
8/14/2024,M3,M_Oct_2024,BCI5TC,27600
8/14/2024,Q0,M_Nov_2024,BCI5TC,26475
8/14/2024,Q1,Q_3_2024,BCI5TC,23550
8/14/2024,Q2,Q_4_2024,BCI5TC,26625
8/14/2024,Q3,Q_1_2025,BCI5TC,16400
8/14/2024,Y0,Q_2_2025,BCI5TC,21100
8/14/2024,Y1,Y_2024,BCI5TC,20250
8/14/2024,Y2,Y_2025,BCI5TC,21700
8/14/2024,Y3,Y_2026,BCI5TC,21086
8/14/2024,M0,Y_2027,BCI5TC,20121
8/15/2024,M1,M_Aug_2024,BCI5TC,21125
8/15/2024,M2,M_Sep_2024,BCI5TC,24200
8/15/2024,M3,M_Oct_2024,BCI5TC,27125
8/15/2024,Q0,M_Nov_2024,BCI5TC,26250
8/15/2024,Q1,Q_3_2024,BCI5TC,23550
8/15/2024,Q2,Q_4_2024,BCI5TC,26350
8/15/2024,Q3,Q_1_2025,BCI5TC,16050
8/15/2024,Y0,Q_2_2025,BCI5TC,20800
8/15/2024,Y1,Y_2024,BCI5TC,20250
8/15/2024,Y2,Y_2025,BCI5TC,21525
8/15/2024,Y3,Y_2026,BCI5TC,21021
8/15/2024,M0,Y_2027,BCI5TC,20096
8/16/2024,M1,M_Aug_2024,BCI5TC,21150
8/16/2024,M2,M_Sep_2024,BCI5TC,24325
8/16/2024,M3,M_Oct_2024,BCI5TC,27075
8/16/2024,Q0,M_Nov_2024,BCI5TC,26125
8/16/2024,Q1,Q_3_2024,BCI5TC,23550
8/16/2024,Q2,Q_4_2024,BCI5TC,26225
8/16/2024,Q3,Q_1_2025,BCI5TC,15950
8/16/2024,Y0,Q_2_2025,BCI5TC,20518
8/16/2024,Y1,Y_2024,BCI5TC,20250
8/16/2024,Y2,Y_2025,BCI5TC,21500
8/16/2024,Y3,Y_2026,BCI5TC,20996
8/16/2024,M0,Y_2027,BCI5TC,20089
8/19/2024,M1,M_Aug_2024,BCI5TC,21125
8/19/2024,M2,M_Sep_2024,BCI5TC,24275
8/19/2024,M3,M_Oct_2024,BCI5TC,26700
8/19/2024,Q0,M_Nov_2024,BCI5TC,25750
8/19/2024,Q1,Q_3_2024,BCI5TC,23550
8/19/2024,Q2,Q_4_2024,BCI5TC,25900
8/19/2024,Q3,Q_1_2025,BCI5TC,15500
8/19/2024,Y0,Q_2_2025,BCI5TC,20282
8/19/2024,Y1,Y_2024,BCI5TC,20250
8/19/2024,Y2,Y_2025,BCI5TC,21300
8/19/2024,Y3,Y_2026,BCI5TC,20907
8/19/2024,M0,Y_2027,BCI5TC,20068
8/20/2024,M1,M_Aug_2024,BCI5TC,21625
8/20/2024,M2,M_Sep_2024,BCI5TC,25825
8/20/2024,M3,M_Oct_2024,BCI5TC,28000
8/20/2024,Q0,M_Nov_2024,BCI5TC,27000
8/20/2024,Q1,Q_3_2024,BCI5TC,23550
8/20/2024,Q2,Q_4_2024,BCI5TC,27000
8/20/2024,Q3,Q_1_2025,BCI5TC,15775
8/20/2024,Y0,Q_2_2025,BCI5TC,20514
8/20/2024,Y1,Y_2024,BCI5TC,20250
8/20/2024,Y2,Y_2025,BCI5TC,21550
8/20/2024,Y3,Y_2026,BCI5TC,20982
8/20/2024,M0,Y_2027,BCI5TC,20111
8/21/2024,M1,M_Aug_2024,BCI5TC,21875
8/21/2024,M2,M_Sep_2024,BCI5TC,26575
8/21/2024,M3,M_Oct_2024,BCI5TC,28125
8/21/2024,Q0,M_Nov_2024,BCI5TC,27175
8/21/2024,Q1,Q_3_2024,BCI5TC,23550
8/21/2024,Q2,Q_4_2024,BCI5TC,27225
8/21/2024,Q3,Q_1_2025,BCI5TC,15725
8/21/2024,Y0,Q_2_2025,BCI5TC,20486
8/21/2024,Y1,Y_2024,BCI5TC,20250
8/21/2024,Y2,Y_2025,BCI5TC,21550
8/21/2024,Y3,Y_2026,BCI5TC,21014
8/21/2024,M0,Y_2027,BCI5TC,20143
8/22/2024,M1,M_Aug_2024,BCI5TC,21675
8/22/2024,M2,M_Sep_2024,BCI5TC,26375
8/22/2024,M3,M_Oct_2024,BCI5TC,27800
8/22/2024,Q0,M_Nov_2024,BCI5TC,26875
8/22/2024,Q1,Q_3_2024,BCI5TC,23550
8/22/2024,Q2,Q_4_2024,BCI5TC,27000
8/22/2024,Q3,Q_1_2025,BCI5TC,15675
8/22/2024,Y0,Q_2_2025,BCI5TC,20346
8/22/2024,Y1,Y_2024,BCI5TC,20250
8/22/2024,Y2,Y_2025,BCI5TC,21475
8/22/2024,Y3,Y_2026,BCI5TC,20946
8/22/2024,M0,Y_2027,BCI5TC,20107
8/23/2024,M1,M_Aug_2024,BCI5TC,21575
8/23/2024,M2,M_Sep_2024,BCI5TC,26350
8/23/2024,M3,M_Oct_2024,BCI5TC,27975
8/23/2024,Q0,M_Nov_2024,BCI5TC,26900
8/23/2024,Q1,Q_3_2024,BCI5TC,23550
8/23/2024,Q2,Q_4_2024,BCI5TC,27100
8/23/2024,Q3,Q_1_2025,BCI5TC,15725
8/23/2024,Y0,Q_2_2025,BCI5TC,20421
8/23/2024,Y1,Y_2024,BCI5TC,20250
8/23/2024,Y2,Y_2025,BCI5TC,21550
8/23/2024,Y3,Y_2026,BCI5TC,20982
8/23/2024,M0,Y_2027,BCI5TC,20121
8/26/2024,M1,M_Aug_2024,BCI5TC,21575
8/26/2024,M2,M_Sep_2024,BCI5TC,26350
8/26/2024,M3,M_Oct_2024,BCI5TC,27975
8/26/2024,Q0,M_Nov_2024,BCI5TC,26900
8/26/2024,Q1,Q_3_2024,BCI5TC,23550
8/26/2024,Q2,Q_4_2024,BCI5TC,27100
8/26/2024,Q3,Q_1_2025,BCI5TC,15725
8/26/2024,Y0,Q_2_2025,BCI5TC,20421
8/26/2024,Y1,Y_2024,BCI5TC,20250
8/26/2024,Y2,Y_2025,BCI5TC,21550
8/26/2024,Y3,Y_2026,BCI5TC,20982
8/26/2024,M0,Y_2027,BCI5TC,20121
8/27/2024,M1,M_Aug_2024,BCI5TC,21750
8/27/2024,M2,M_Sep_2024,BCI5TC,27125
8/27/2024,M3,M_Oct_2024,BCI5TC,28300
8/27/2024,Q0,M_Nov_2024,BCI5TC,27325
8/27/2024,Q1,Q_3_2024,BCI5TC,23550
8/27/2024,Q2,Q_4_2024,BCI5TC,27500
8/27/2024,Q3,Q_1_2025,BCI5TC,15875
8/27/2024,Y0,Q_2_2025,BCI5TC,20561
8/27/2024,Y1,Y_2024,BCI5TC,20250
8/27/2024,Y2,Y_2025,BCI5TC,21750
8/27/2024,Y3,Y_2026,BCI5TC,21004
8/27/2024,M0,Y_2027,BCI5TC,20136
8/28/2024,M1,M_Aug_2024,BCI5TC,21625
8/28/2024,M2,M_Sep_2024,BCI5TC,27625
8/28/2024,M3,M_Oct_2024,BCI5TC,28900
8/28/2024,Q0,M_Nov_2024,BCI5TC,27800
8/28/2024,Q1,Q_3_2024,BCI5TC,23550
8/28/2024,Q2,Q_4_2024,BCI5TC,28000
8/28/2024,Q3,Q_1_2025,BCI5TC,16050
8/28/2024,Y0,Q_2_2025,BCI5TC,20618
8/28/2024,Y1,Y_2024,BCI5TC,20250
8/28/2024,Y2,Y_2025,BCI5TC,21725
8/28/2024,Y3,Y_2026,BCI5TC,21043
8/28/2024,M0,Y_2027,BCI5TC,20143
8/29/2024,M1,M_Aug_2024,BCI5TC,21750
8/29/2024,M2,M_Sep_2024,BCI5TC,29225
8/29/2024,M3,M_Oct_2024,BCI5TC,30075
8/29/2024,Q0,M_Nov_2024,BCI5TC,28075
8/29/2024,Q1,Q_3_2024,BCI5TC,23550
8/29/2024,Q2,Q_4_2024,BCI5TC,28350
8/29/2024,Q3,Q_1_2025,BCI5TC,16125
8/29/2024,Y0,Q_2_2025,BCI5TC,20739
8/29/2024,Y1,Y_2024,BCI5TC,20250
8/29/2024,Y2,Y_2025,BCI5TC,21900
8/29/2024,Y3,Y_2026,BCI5TC,21118
8/29/2024,M0,Y_2027,BCI5TC,20196
8/30/2024,M1,M_Aug_2024,BCI5TC,29750
8/30/2024,M2,M_Sep_2024,BCI5TC,30700
8/30/2024,M3,M_Oct_2024,BCI5TC,28375
8/30/2024,Q0,M_Nov_2024,BCI5TC,28075
8/30/2024,Q1,Q_3_2024,BCI5TC,23550
8/30/2024,Q2,Q_4_2024,BCI5TC,28800
8/30/2024,Q3,Q_1_2025,BCI5TC,16275
8/30/2024,Y0,Q_2_2025,BCI5TC,20818
8/30/2024,Y1,Y_2024,BCI5TC,20250
8/30/2024,Y2,Y_2025,BCI5TC,22000
8/30/2024,Y3,Y_2026,BCI5TC,21168
8/30/2024,M0,Y_2027,BCI5TC,20268
9/2/2024,M1,M_Sep_2024,BCI5TC,29000
9/2/2024,M2,M_Oct_2024,BCI5TC,30000
9/2/2024,M3,M_Nov_2024,BCI5TC,27750
9/2/2024,Q0,M_Dec_2024,BCI5TC,27000
9/2/2024,Q1,Q_3_2024,BCI5TC,23550
9/2/2024,Q2,Q_4_2024,BCI5TC,28225
9/2/2024,Q3,Q_1_2025,BCI5TC,16200
9/2/2024,Y0,Q_2_2025,BCI5TC,20686
9/2/2024,Y1,Y_2024,BCI5TC,20250
9/2/2024,Y2,Y_2025,BCI5TC,21800
9/2/2024,Y3,Y_2026,BCI5TC,21114
9/2/2024,M0,Y_2027,BCI5TC,20246
9/3/2024,M1,M_Sep_2024,BCI5TC,28175
9/3/2024,M2,M_Oct_2024,BCI5TC,29175
9/3/2024,M3,M_Nov_2024,BCI5TC,27050
9/3/2024,Q0,M_Dec_2024,BCI5TC,26625
9/3/2024,Q1,Q_3_2024,BCI5TC,23550
9/3/2024,Q2,Q_4_2024,BCI5TC,27650
9/3/2024,Q3,Q_1_2025,BCI5TC,16000
9/3/2024,Y0,Q_2_2025,BCI5TC,20486
9/3/2024,Y1,Y_2024,BCI5TC,20250
9/3/2024,Y2,Y_2025,BCI5TC,21675
9/3/2024,Y3,Y_2026,BCI5TC,21021
9/3/2024,M0,Y_2027,BCI5TC,20200
9/4/2024,M1,M_Sep_2024,BCI5TC,27950
9/4/2024,M2,M_Oct_2024,BCI5TC,29600
9/4/2024,M3,M_Nov_2024,BCI5TC,27125
9/4/2024,Q0,M_Dec_2024,BCI5TC,26750
9/4/2024,Q1,Q_3_2024,BCI5TC,23550
9/4/2024,Q2,Q_4_2024,BCI5TC,27700
9/4/2024,Q3,Q_1_2025,BCI5TC,15675
9/4/2024,Y0,Q_2_2025,BCI5TC,20418
9/4/2024,Y1,Y_2024,BCI5TC,20250
9/4/2024,Y2,Y_2025,BCI5TC,21550
9/4/2024,Y3,Y_2026,BCI5TC,21011
9/4/2024,M0,Y_2027,BCI5TC,20204
9/5/2024,M1,M_Sep_2024,BCI5TC,28375
9/5/2024,M2,M_Oct_2024,BCI5TC,29875
9/5/2024,M3,M_Nov_2024,BCI5TC,27375
9/5/2024,Q0,M_Dec_2024,BCI5TC,26875
9/5/2024,Q1,Q_3_2024,BCI5TC,23550
9/5/2024,Q2,Q_4_2024,BCI5TC,28000
9/5/2024,Q3,Q_1_2025,BCI5TC,15875
9/5/2024,Y0,Q_2_2025,BCI5TC,20471
9/5/2024,Y1,Y_2024,BCI5TC,20250
9/5/2024,Y2,Y_2025,BCI5TC,21675
9/5/2024,Y3,Y_2026,BCI5TC,21082
9/5/2024,M0,Y_2027,BCI5TC,20221
9/6/2024,M1,M_Sep_2024,BCI5TC,28825
9/6/2024,M2,M_Oct_2024,BCI5TC,30275
9/6/2024,M3,M_Nov_2024,BCI5TC,27625
9/6/2024,Q0,M_Dec_2024,BCI5TC,26950
9/6/2024,Q1,Q_3_2024,BCI5TC,23550
9/6/2024,Q2,Q_4_2024,BCI5TC,28250
9/6/2024,Q3,Q_1_2025,BCI5TC,15975
9/6/2024,Y0,Q_2_2025,BCI5TC,20464
9/6/2024,Y1,Y_2024,BCI5TC,20250
9/6/2024,Y2,Y_2025,BCI5TC,21650
9/6/2024,Y3,Y_2026,BCI5TC,21096
9/6/2024,M0,Y_2027,BCI5TC,20229
9/9/2024,M1,M_Sep_2024,BCI5TC,28250
9/9/2024,M2,M_Oct_2024,BCI5TC,29500
9/9/2024,M3,M_Nov_2024,BCI5TC,27400
9/9/2024,Q0,M_Dec_2024,BCI5TC,27000
9/9/2024,Q1,Q_3_2024,BCI5TC,23550
9/9/2024,Q2,Q_4_2024,BCI5TC,27850
9/9/2024,Q3,Q_1_2025,BCI5TC,15850
9/9/2024,Y0,Q_2_2025,BCI5TC,20307
9/9/2024,Y1,Y_2024,BCI5TC,20250
9/9/2024,Y2,Y_2025,BCI5TC,21525
9/9/2024,Y3,Y_2026,BCI5TC,21039
9/9/2024,M0,Y_2027,BCI5TC,20200
9/10/2024,M1,M_Sep_2024,BCI5TC,27375
9/10/2024,M2,M_Oct_2024,BCI5TC,29250
9/10/2024,M3,M_Nov_2024,BCI5TC,27100
9/10/2024,Q0,M_Dec_2024,BCI5TC,26525
9/10/2024,Q1,Q_3_2024,BCI5TC,23550
9/10/2024,Q2,Q_4_2024,BCI5TC,27600
9/10/2024,Q3,Q_1_2025,BCI5TC,15600
9/10/2024,Y0,Q_2_2025,BCI5TC,20089
9/10/2024,Y1,Y_2024,BCI5TC,20250
9/10/2024,Y2,Y_2025,BCI5TC,21350
9/10/2024,Y3,Y_2026,BCI5TC,20925
9/10/2024,M0,Y_2027,BCI5TC,20182
9/11/2024,M1,M_Sep_2024,BCI5TC,27675
9/11/2024,M2,M_Oct_2024,BCI5TC,29700
9/11/2024,M3,M_Nov_2024,BCI5TC,27375
9/11/2024,Q0,M_Dec_2024,BCI5TC,26500
9/11/2024,Q1,Q_3_2024,BCI5TC,23550
9/11/2024,Q2,Q_4_2024,BCI5TC,27875
9/11/2024,Q3,Q_1_2025,BCI5TC,15700
9/11/2024,Y0,Q_2_2025,BCI5TC,20175
9/11/2024,Y1,Y_2024,BCI5TC,20250
9/11/2024,Y2,Y_2025,BCI5TC,21550
9/11/2024,Y3,Y_2026,BCI5TC,21000
9/11/2024,M0,Y_2027,BCI5TC,20186
9/12/2024,M1,M_Sep_2024,BCI5TC,27125
9/12/2024,M2,M_Oct_2024,BCI5TC,28700
9/12/2024,M3,M_Nov_2024,BCI5TC,26575
9/12/2024,Q0,M_Dec_2024,BCI5TC,26375
9/12/2024,Q1,Q_3_2024,BCI5TC,23550
9/12/2024,Q2,Q_4_2024,BCI5TC,27250
9/12/2024,Q3,Q_1_2025,BCI5TC,15650
9/12/2024,Y0,Q_2_2025,BCI5TC,20214
9/12/2024,Y1,Y_2024,BCI5TC,20250
9/12/2024,Y2,Y_2025,BCI5TC,21250
9/12/2024,Y3,Y_2026,BCI5TC,20986
9/12/2024,M0,Y_2027,BCI5TC,20157
9/13/2024,M1,M_Sep_2024,BCI5TC,26750
9/13/2024,M2,M_Oct_2024,BCI5TC,28450
9/13/2024,M3,M_Nov_2024,BCI5TC,26400
9/13/2024,Q0,M_Dec_2024,BCI5TC,25975
9/13/2024,Q1,Q_3_2024,BCI5TC,23550
9/13/2024,Q2,Q_4_2024,BCI5TC,26950
9/13/2024,Q3,Q_1_2025,BCI5TC,15575
9/13/2024,Y0,Q_2_2025,BCI5TC,20000
9/13/2024,Y1,Y_2024,BCI5TC,20250
9/13/2024,Y2,Y_2025,BCI5TC,21250
9/13/2024,Y3,Y_2026,BCI5TC,20918
9/13/2024,M0,Y_2027,BCI5TC,20254
9/16/2024,M1,M_Sep_2024,BCI5TC,27375
9/16/2024,M2,M_Oct_2024,BCI5TC,29200
9/16/2024,M3,M_Nov_2024,BCI5TC,26750
9/16/2024,Q0,M_Dec_2024,BCI5TC,26500
9/16/2024,Q1,Q_3_2024,BCI5TC,23550
9/16/2024,Q2,Q_4_2024,BCI5TC,27550
9/16/2024,Q3,Q_1_2025,BCI5TC,16125
9/16/2024,Y0,Q_2_2025,BCI5TC,20179
9/16/2024,Y1,Y_2024,BCI5TC,20250
9/16/2024,Y2,Y_2025,BCI5TC,21350
9/16/2024,Y3,Y_2026,BCI5TC,20982
9/16/2024,M0,Y_2027,BCI5TC,20239
9/17/2024,M1,M_Sep_2024,BCI5TC,26875
9/17/2024,M2,M_Oct_2024,BCI5TC,28725
9/17/2024,M3,M_Nov_2024,BCI5TC,26550
9/17/2024,Q0,M_Dec_2024,BCI5TC,26325
9/17/2024,Q1,Q_3_2024,BCI5TC,23550
9/17/2024,Q2,Q_4_2024,BCI5TC,27150
9/17/2024,Q3,Q_1_2025,BCI5TC,15925
9/17/2024,Y0,Q_2_2025,BCI5TC,20071
9/17/2024,Y1,Y_2024,BCI5TC,20250
9/17/2024,Y2,Y_2025,BCI5TC,21325
9/17/2024,Y3,Y_2026,BCI5TC,20971
9/17/2024,M0,Y_2027,BCI5TC,20204
9/18/2024,M1,M_Sep_2024,BCI5TC,26875
9/18/2024,M2,M_Oct_2024,BCI5TC,28725
9/18/2024,M3,M_Nov_2024,BCI5TC,26550
9/18/2024,Q0,M_Dec_2024,BCI5TC,26325
9/18/2024,Q1,Q_3_2024,BCI5TC,23550
9/18/2024,Q2,Q_4_2024,BCI5TC,27150
9/18/2024,Q3,Q_1_2025,BCI5TC,15925
9/18/2024,Y0,Q_2_2025,BCI5TC,20204
9/18/2024,Y1,Y_2024,BCI5TC,20250
9/18/2024,Y2,Y_2025,BCI5TC,21325
9/18/2024,Y3,Y_2026,BCI5TC,20921
9/18/2024,M0,Y_2027,BCI5TC,20264
9/19/2024,M1,M_Sep_2024,BCI5TC,27375
9/19/2024,M2,M_Oct_2024,BCI5TC,29875
9/19/2024,M3,M_Nov_2024,BCI5TC,27450
9/19/2024,Q0,M_Dec_2024,BCI5TC,26500
9/19/2024,Q1,Q_3_2024,BCI5TC,23550
9/19/2024,Q2,Q_4_2024,BCI5TC,27975
9/19/2024,Q3,Q_1_2025,BCI5TC,16400
9/19/2024,Y0,Q_2_2025,BCI5TC,20361
9/19/2024,Y1,Y_2024,BCI5TC,20250
9/19/2024,Y2,Y_2025,BCI5TC,21550
9/19/2024,Y3,Y_2026,BCI5TC,20943
9/19/2024,M0,Y_2027,BCI5TC,20268
9/20/2024,M1,M_Sep_2024,BCI5TC,27200
9/20/2024,M2,M_Oct_2024,BCI5TC,29375
9/20/2024,M3,M_Nov_2024,BCI5TC,26875
9/20/2024,Q0,M_Dec_2024,BCI5TC,26500
9/20/2024,Q1,Q_3_2024,BCI5TC,23550
9/20/2024,Q2,Q_4_2024,BCI5TC,27500
9/20/2024,Q3,Q_1_2025,BCI5TC,16350
9/20/2024,Y0,Q_2_2025,BCI5TC,20264
9/20/2024,Y1,Y_2024,BCI5TC,20250
9/20/2024,Y2,Y_2025,BCI5TC,21525
9/20/2024,Y3,Y_2026,BCI5TC,20875
9/20/2024,M0,Y_2027,BCI5TC,20211
9/23/2024,M1,M_Sep_2024,BCI5TC,27125
9/23/2024,M2,M_Oct_2024,BCI5TC,30000
9/23/2024,M3,M_Nov_2024,BCI5TC,27325
9/23/2024,Q0,M_Dec_2024,BCI5TC,26625
9/23/2024,Q1,Q_3_2024,BCI5TC,23550
9/23/2024,Q2,Q_4_2024,BCI5TC,27950
9/23/2024,Q3,Q_1_2025,BCI5TC,16700
9/23/2024,Y0,Q_2_2025,BCI5TC,20429
9/23/2024,Y1,Y_2024,BCI5TC,20250
9/23/2024,Y2,Y_2025,BCI5TC,21650
9/23/2024,Y3,Y_2026,BCI5TC,20954
9/23/2024,M0,Y_2027,BCI5TC,20250
9/24/2024,M1,M_Sep_2024,BCI5TC,27125
9/24/2024,M2,M_Oct_2024,BCI5TC,30075
9/24/2024,M3,M_Nov_2024,BCI5TC,27425
9/24/2024,Q0,M_Dec_2024,BCI5TC,26500
9/24/2024,Q1,Q_3_2024,BCI5TC,23550
9/24/2024,Q2,Q_4_2024,BCI5TC,28000
9/24/2024,Q3,Q_1_2025,BCI5TC,16700
9/24/2024,Y0,Q_2_2025,BCI5TC,20582
9/24/2024,Y1,Y_2024,BCI5TC,20250
9/24/2024,Y2,Y_2025,BCI5TC,21825
9/24/2024,Y3,Y_2026,BCI5TC,21029
9/24/2024,M0,Y_2027,BCI5TC,20279
9/25/2024,M1,M_Sep_2024,BCI5TC,27250
9/25/2024,M2,M_Oct_2024,BCI5TC,30375
9/25/2024,M3,M_Nov_2024,BCI5TC,27750
9/25/2024,Q0,M_Dec_2024,BCI5TC,26875
9/25/2024,Q1,Q_3_2024,BCI5TC,23550
9/25/2024,Q2,Q_4_2024,BCI5TC,28275
9/25/2024,Q3,Q_1_2025,BCI5TC,16800
9/25/2024,Y0,Q_2_2025,BCI5TC,20636
9/25/2024,Y1,Y_2024,BCI5TC,20250
9/25/2024,Y2,Y_2025,BCI5TC,21775
9/25/2024,Y3,Y_2026,BCI5TC,21018
9/25/2024,M0,Y_2027,BCI5TC,20279
9/26/2024,M1,M_Sep_2024,BCI5TC,27375
9/26/2024,M2,M_Oct_2024,BCI5TC,31275
9/26/2024,M3,M_Nov_2024,BCI5TC,27825
9/26/2024,Q0,M_Dec_2024,BCI5TC,27000
9/26/2024,Q1,Q_3_2024,BCI5TC,23550
9/26/2024,Q2,Q_4_2024,BCI5TC,28712.5
9/26/2024,Q3,Q_1_2025,BCI5TC,17050
9/26/2024,Y0,Q_2_2025,BCI5TC,20779
9/26/2024,Y1,Y_2024,BCI5TC,20250
9/26/2024,Y2,Y_2025,BCI5TC,21875
9/26/2024,Y3,Y_2026,BCI5TC,21075
9/26/2024,M0,Y_2027,BCI5TC,20354
9/27/2024,M1,M_Sep_2024,BCI5TC,27450
9/27/2024,M2,M_Oct_2024,BCI5TC,30875
9/27/2024,M3,M_Nov_2024,BCI5TC,27625
9/27/2024,Q0,M_Dec_2024,BCI5TC,26875
9/27/2024,Q1,Q_3_2024,BCI5TC,23550
9/27/2024,Q2,Q_4_2024,BCI5TC,28175
9/27/2024,Q3,Q_1_2025,BCI5TC,17125
9/27/2024,Y0,Q_2_2025,BCI5TC,20700
9/27/2024,Y1,Y_2024,BCI5TC,20250
9/27/2024,Y2,Y_2025,BCI5TC,21875
9/27/2024,Y3,Y_2026,BCI5TC,21032
9/27/2024,M0,Y_2027,BCI5TC,20439
9/30/2024,M1,M_Sep_2024,BCI5TC,31850
9/30/2024,M2,M_Oct_2024,BCI5TC,28850
9/30/2024,M3,M_Nov_2024,BCI5TC,27825
9/30/2024,Q0,M_Dec_2024,BCI5TC,18500
9/30/2024,Q1,Q_3_2024,BCI5TC,29500
9/30/2024,Q2,Q_4_2024,BCI5TC,18000
9/30/2024,Q3,Q_1_2025,BCI5TC,21175
9/30/2024,Y0,Q_2_2025,BCI5TC,25143
9/30/2024,Y1,Y_2024,BCI5TC,20250
9/30/2024,Y2,Y_2025,BCI5TC,22350
9/30/2024,Y3,Y_2026,BCI5TC,21289
9/30/2024,M0,Y_2027,BCI5TC,20621
10/1/2024,M1,M_Oct_2024,BCI5TC,30125
10/1/2024,M2,M_Nov_2024,BCI5TC,27850
10/1/2024,M3,M_Dec_2024,BCI5TC,26800
10/1/2024,Q0,M_Jan_2025,BCI5TC,18500
10/1/2024,Q1,Q_4_2024,BCI5TC,28212.5
10/1/2024,Q2,Q_1_2025,BCI5TC,17500
10/1/2024,Q3,Q_2_2025,BCI5TC,20800
10/1/2024,Y0,Q_3_2025,BCI5TC,24871
10/1/2024,Y1,Y_2024,BCI5TC,20250
10/1/2024,Y2,Y_2025,BCI5TC,21975
10/1/2024,Y3,Y_2026,BCI5TC,21118
10/1/2024,M0,Y_2027,BCI5TC,20568
10/2/2024,M1,M_Oct_2024,BCI5TC,28750
10/2/2024,M2,M_Nov_2024,BCI5TC,26925
10/2/2024,M3,M_Dec_2024,BCI5TC,26000
10/2/2024,Q0,M_Jan_2025,BCI5TC,18500
10/2/2024,Q1,Q_4_2024,BCI5TC,27200
10/2/2024,Q2,Q_1_2025,BCI5TC,17125
10/2/2024,Q3,Q_2_2025,BCI5TC,20575
10/2/2024,Y0,Q_3_2025,BCI5TC,24600
10/2/2024,Y1,Y_2024,BCI5TC,20250
10/2/2024,Y2,Y_2025,BCI5TC,21775
10/2/2024,Y3,Y_2026,BCI5TC,20975
10/2/2024,M0,Y_2027,BCI5TC,20557
10/3/2024,M1,M_Oct_2024,BCI5TC,28675
10/3/2024,M2,M_Nov_2024,BCI5TC,27325
10/3/2024,M3,M_Dec_2024,BCI5TC,26425
10/3/2024,Q0,M_Jan_2025,BCI5TC,18500
10/3/2024,Q1,Q_4_2024,BCI5TC,27462.5
10/3/2024,Q2,Q_1_2025,BCI5TC,17425
10/3/2024,Q3,Q_2_2025,BCI5TC,20925
10/3/2024,Y0,Q_3_2025,BCI5TC,24736
10/3/2024,Y1,Y_2024,BCI5TC,20250
10/3/2024,Y2,Y_2025,BCI5TC,22000
10/3/2024,Y3,Y_2026,BCI5TC,21039
10/3/2024,M0,Y_2027,BCI5TC,20579
10/4/2024,M1,M_Oct_2024,BCI5TC,28625
10/4/2024,M2,M_Nov_2024,BCI5TC,27225
10/4/2024,M3,M_Dec_2024,BCI5TC,26475
10/4/2024,Q0,M_Jan_2025,BCI5TC,18500
10/4/2024,Q1,Q_4_2024,BCI5TC,27400
10/4/2024,Q2,Q_1_2025,BCI5TC,17425
10/4/2024,Q3,Q_2_2025,BCI5TC,20650
10/4/2024,Y0,Q_3_2025,BCI5TC,24725
10/4/2024,Y1,Y_2024,BCI5TC,20250
10/4/2024,Y2,Y_2025,BCI5TC,21950
10/4/2024,Y3,Y_2026,BCI5TC,21046
10/4/2024,M0,Y_2027,BCI5TC,20579
10/7/2024,M1,M_Oct_2024,BCI5TC,27625
10/7/2024,M2,M_Nov_2024,BCI5TC,26550
10/7/2024,M3,M_Dec_2024,BCI5TC,25900
10/7/2024,Q0,M_Jan_2025,BCI5TC,18500
10/7/2024,Q1,Q_4_2024,BCI5TC,26800
10/7/2024,Q2,Q_1_2025,BCI5TC,17275
10/7/2024,Q3,Q_2_2025,BCI5TC,20550
10/7/2024,Y0,Q_3_2025,BCI5TC,24679
10/7/2024,Y1,Y_2024,BCI5TC,20250
10/7/2024,Y2,Y_2025,BCI5TC,21850
10/7/2024,Y3,Y_2026,BCI5TC,21004
10/7/2024,M0,Y_2027,BCI5TC,20536
10/8/2024,M1,M_Oct_2024,BCI5TC,25125
10/8/2024,M2,M_Nov_2024,BCI5TC,25625
10/8/2024,M3,M_Dec_2024,BCI5TC,25500
10/8/2024,Q0,M_Jan_2025,BCI5TC,18500
10/8/2024,Q1,Q_4_2024,BCI5TC,25425
10/8/2024,Q2,Q_1_2025,BCI5TC,17025
10/8/2024,Q3,Q_2_2025,BCI5TC,20500
10/8/2024,Y0,Q_3_2025,BCI5TC,24561
10/8/2024,Y1,Y_2024,BCI5TC,20250
10/8/2024,Y2,Y_2025,BCI5TC,21800
10/8/2024,Y3,Y_2026,BCI5TC,20936
10/8/2024,M0,Y_2027,BCI5TC,20521
10/9/2024,M1,M_Oct_2024,BCI5TC,25125
10/9/2024,M2,M_Nov_2024,BCI5TC,25625
10/9/2024,M3,M_Dec_2024,BCI5TC,25500
10/9/2024,Q0,M_Jan_2025,BCI5TC,18500
10/9/2024,Q1,Q_4_2024,BCI5TC,25425
10/9/2024,Q2,Q_1_2025,BCI5TC,17025
10/9/2024,Q3,Q_2_2025,BCI5TC,20500
10/9/2024,Y0,Q_3_2025,BCI5TC,24532
10/9/2024,Y1,Y_2024,BCI5TC,20250
10/9/2024,Y2,Y_2025,BCI5TC,21800
10/9/2024,Y3,Y_2026,BCI5TC,20857
10/9/2024,M0,Y_2027,BCI5TC,20486
10/10/2024,M1,M_Oct_2024,BCI5TC,24350
10/10/2024,M2,M_Nov_2024,BCI5TC,25675
10/10/2024,M3,M_Dec_2024,BCI5TC,25675
10/10/2024,Q0,M_Jan_2025,BCI5TC,18500
10/10/2024,Q1,Q_4_2024,BCI5TC,25225
10/10/2024,Q2,Q_1_2025,BCI5TC,17375
10/10/2024,Q3,Q_2_2025,BCI5TC,20675
10/10/2024,Y0,Q_3_2025,BCI5TC,24621
10/10/2024,Y1,Y_2024,BCI5TC,20250
10/10/2024,Y2,Y_2025,BCI5TC,21850
10/10/2024,Y3,Y_2026,BCI5TC,20896
10/10/2024,M0,Y_2027,BCI5TC,20514
10/11/2024,M1,M_Oct_2024,BCI5TC,24925
10/11/2024,M2,M_Nov_2024,BCI5TC,26125
10/11/2024,M3,M_Dec_2024,BCI5TC,26250
10/11/2024,Q0,M_Jan_2025,BCI5TC,18500
10/11/2024,Q1,Q_4_2024,BCI5TC,25825
10/11/2024,Q2,Q_1_2025,BCI5TC,17425
10/11/2024,Q3,Q_2_2025,BCI5TC,20900
10/11/2024,Y0,Q_3_2025,BCI5TC,24761
10/11/2024,Y1,Y_2024,BCI5TC,20250
10/11/2024,Y2,Y_2025,BCI5TC,22025
10/11/2024,Y3,Y_2026,BCI5TC,20968
10/11/2024,M0,Y_2027,BCI5TC,20557
10/14/2024,M1,M_Oct_2024,BCI5TC,23750
10/14/2024,M2,M_Nov_2024,BCI5TC,24325
10/14/2024,M3,M_Dec_2024,BCI5TC,24825
10/14/2024,Q0,M_Jan_2025,BCI5TC,18500
10/14/2024,Q1,Q_4_2024,BCI5TC,24325
10/14/2024,Q2,Q_1_2025,BCI5TC,16700
10/14/2024,Q3,Q_2_2025,BCI5TC,20375
10/14/2024,Y0,Q_3_2025,BCI5TC,24450
10/14/2024,Y1,Y_2024,BCI5TC,20250
10/14/2024,Y2,Y_2025,BCI5TC,21500
10/14/2024,Y3,Y_2026,BCI5TC,20779
10/14/2024,M0,Y_2027,BCI5TC,20421
10/15/2024,M1,M_Oct_2024,BCI5TC,23050
10/15/2024,M2,M_Nov_2024,BCI5TC,22600
10/15/2024,M3,M_Dec_2024,BCI5TC,23750
10/15/2024,Q0,M_Jan_2025,BCI5TC,18500
10/15/2024,Q1,Q_4_2024,BCI5TC,23100
10/15/2024,Q2,Q_1_2025,BCI5TC,16250
10/15/2024,Q3,Q_2_2025,BCI5TC,20125
10/15/2024,Y0,Q_3_2025,BCI5TC,24243
10/15/2024,Y1,Y_2024,BCI5TC,20250
10/15/2024,Y2,Y_2025,BCI5TC,21325
10/15/2024,Y3,Y_2026,BCI5TC,20668
10/15/2024,M0,Y_2027,BCI5TC,20396
10/16/2024,M1,M_Oct_2024,BCI5TC,22000
10/16/2024,M2,M_Nov_2024,BCI5TC,20625
10/16/2024,M3,M_Dec_2024,BCI5TC,22500
10/16/2024,Q0,M_Jan_2025,BCI5TC,18500
10/16/2024,Q1,Q_4_2024,BCI5TC,21725
10/16/2024,Q2,Q_1_2025,BCI5TC,15575
10/16/2024,Q3,Q_2_2025,BCI5TC,19850
10/16/2024,Y0,Q_3_2025,BCI5TC,24007
10/16/2024,Y1,Y_2024,BCI5TC,20250
10/16/2024,Y2,Y_2025,BCI5TC,20975
10/16/2024,Y3,Y_2026,BCI5TC,20254
10/16/2024,M0,Y_2027,BCI5TC,20207
10/17/2024,M1,M_Oct_2024,BCI5TC,22050
10/17/2024,M2,M_Nov_2024,BCI5TC,20875
10/17/2024,M3,M_Dec_2024,BCI5TC,22875
10/17/2024,Q0,M_Jan_2025,BCI5TC,18500
10/17/2024,Q1,Q_4_2024,BCI5TC,21912.5
10/17/2024,Q2,Q_1_2025,BCI5TC,15800
10/17/2024,Q3,Q_2_2025,BCI5TC,19900
10/17/2024,Y0,Q_3_2025,BCI5TC,23914
10/17/2024,Y1,Y_2024,BCI5TC,20250
10/17/2024,Y2,Y_2025,BCI5TC,20912.5
10/17/2024,Y3,Y_2026,BCI5TC,20236
10/17/2024,M0,Y_2027,BCI5TC,20175
10/18/2024,M1,M_Oct_2024,BCI5TC,22000
10/18/2024,M2,M_Nov_2024,BCI5TC,20125
10/18/2024,M3,M_Dec_2024,BCI5TC,22375
10/18/2024,Q0,M_Jan_2025,BCI5TC,18500
10/18/2024,Q1,Q_4_2024,BCI5TC,21500
10/18/2024,Q2,Q_1_2025,BCI5TC,15375
10/18/2024,Q3,Q_2_2025,BCI5TC,19775
10/18/2024,Y0,Q_3_2025,BCI5TC,23854
10/18/2024,Y1,Y_2024,BCI5TC,20250
10/18/2024,Y2,Y_2025,BCI5TC,20750
10/18/2024,Y3,Y_2026,BCI5TC,20211
10/18/2024,M0,Y_2027,BCI5TC,20150
10/21/2024,M1,M_Oct_2024,BCI5TC,21225
10/21/2024,M2,M_Nov_2024,BCI5TC,18800
10/21/2024,M3,M_Dec_2024,BCI5TC,21050
10/21/2024,Q0,M_Jan_2025,BCI5TC,18500
10/21/2024,Q1,Q_4_2024,BCI5TC,20337.5
10/21/2024,Q2,Q_1_2025,BCI5TC,14625
10/21/2024,Q3,Q_2_2025,BCI5TC,19275
10/21/2024,Y0,Q_3_2025,BCI5TC,23714
10/21/2024,Y1,Y_2024,BCI5TC,20250
10/21/2024,Y2,Y_2025,BCI5TC,20475
10/21/2024,Y3,Y_2026,BCI5TC,20146
10/21/2024,M0,Y_2027,BCI5TC,20089
10/22/2024,M1,M_Oct_2024,BCI5TC,21250
10/22/2024,M2,M_Nov_2024,BCI5TC,18500
10/22/2024,M3,M_Dec_2024,BCI5TC,21000
10/22/2024,Q0,M_Jan_2025,BCI5TC,15625
10/22/2024,Q1,Q_4_2024,BCI5TC,20337.5
10/22/2024,Q2,Q_1_2025,BCI5TC,14300
10/22/2024,Q3,Q_2_2025,BCI5TC,19125
10/22/2024,Y0,Q_3_2025,BCI5TC,23568
10/22/2024,Y1,Y_2024,BCI5TC,20250
10/22/2024,Y2,Y_2025,BCI5TC,20250
10/22/2024,Y3,Y_2026,BCI5TC,20007
10/22/2024,M0,Y_2027,BCI5TC,19989
10/23/2024,M1,M_Oct_2024,BCI5TC,21000
10/23/2024,M2,M_Nov_2024,BCI5TC,19725
10/23/2024,M3,M_Dec_2024,BCI5TC,21875
10/23/2024,Q0,M_Jan_2025,BCI5TC,15625
10/23/2024,Q1,Q_4_2024,BCI5TC,20866.5
10/23/2024,Q2,Q_1_2025,BCI5TC,14450
10/23/2024,Q3,Q_2_2025,BCI5TC,19375
10/23/2024,Y0,Q_3_2025,BCI5TC,23668
10/23/2024,Y1,Y_2024,BCI5TC,20250
10/23/2024,Y2,Y_2025,BCI5TC,20425
10/23/2024,Y3,Y_2026,BCI5TC,20175
10/23/2024,M0,Y_2027,BCI5TC,20054
10/24/2024,M1,M_Oct_2024,BCI5TC,21125
10/24/2024,M2,M_Nov_2024,BCI5TC,18875
10/24/2024,M3,M_Dec_2024,BCI5TC,21400
10/24/2024,Q0,M_Jan_2025,BCI5TC,15625
10/24/2024,Q1,Q_4_2024,BCI5TC,20500
10/24/2024,Q2,Q_1_2025,BCI5TC,14475
10/24/2024,Q3,Q_2_2025,BCI5TC,19275
10/24/2024,Y0,Q_3_2025,BCI5TC,23739
10/24/2024,Y1,Y_2024,BCI5TC,20250
10/24/2024,Y2,Y_2025,BCI5TC,20325
10/24/2024,Y3,Y_2026,BCI5TC,20207
10/24/2024,M0,Y_2027,BCI5TC,20107
10/25/2024,M1,M_Oct_2024,BCI5TC,21075
10/25/2024,M2,M_Nov_2024,BCI5TC,18875
10/25/2024,M3,M_Dec_2024,BCI5TC,21250
10/25/2024,Q0,M_Jan_2025,BCI5TC,15625
10/25/2024,Q1,Q_4_2024,BCI5TC,20412.5
10/25/2024,Q2,Q_1_2025,BCI5TC,14225
10/25/2024,Q3,Q_2_2025,BCI5TC,19350
10/25/2024,Y0,Q_3_2025,BCI5TC,23654
10/25/2024,Y1,Y_2024,BCI5TC,20250
10/25/2024,Y2,Y_2025,BCI5TC,20250
10/25/2024,Y3,Y_2026,BCI5TC,20179
10/25/2024,M0,Y_2027,BCI5TC,20093
10/28/2024,M1,M_Oct_2024,BCI5TC,20750
10/28/2024,M2,M_Nov_2024,BCI5TC,17700
10/28/2024,M3,M_Dec_2024,BCI5TC,20100
10/28/2024,Q0,M_Jan_2025,BCI5TC,14925
10/28/2024,Q1,Q_4_2024,BCI5TC,19550
10/28/2024,Q2,Q_1_2025,BCI5TC,13375
10/28/2024,Q3,Q_2_2025,BCI5TC,18700
10/28/2024,Y0,Q_3_2025,BCI5TC,23286
10/28/2024,Y1,Y_2024,BCI5TC,20250
10/28/2024,Y2,Y_2025,BCI5TC,19725
10/28/2024,Y3,Y_2026,BCI5TC,19982
10/28/2024,M0,Y_2027,BCI5TC,19907
10/29/2024,M1,M_Oct_2024,BCI5TC,20875
10/29/2024,M2,M_Nov_2024,BCI5TC,18700
10/29/2024,M3,M_Dec_2024,BCI5TC,21150
10/29/2024,Q0,M_Jan_2025,BCI5TC,14925
10/29/2024,Q1,Q_4_2024,BCI5TC,20212.5
10/29/2024,Q2,Q_1_2025,BCI5TC,14075
10/29/2024,Q3,Q_2_2025,BCI5TC,19075
10/29/2024,Y0,Q_3_2025,BCI5TC,23657
10/29/2024,Y1,Y_2024,BCI5TC,20250
10/29/2024,Y2,Y_2025,BCI5TC,20225
10/29/2024,Y3,Y_2026,BCI5TC,20139
10/29/2024,M0,Y_2027,BCI5TC,20046
10/30/2024,M1,M_Oct_2024,BCI5TC,20875
10/30/2024,M2,M_Nov_2024,BCI5TC,17325
10/30/2024,M3,M_Dec_2024,BCI5TC,19875
10/30/2024,Q0,M_Jan_2025,BCI5TC,15125
10/30/2024,Q1,Q_4_2024,BCI5TC,19500
10/30/2024,Q2,Q_1_2025,BCI5TC,13100
10/30/2024,Q3,Q_2_2025,BCI5TC,18600
10/30/2024,Y0,Q_3_2025,BCI5TC,23221
10/30/2024,Y1,Y_2024,BCI5TC,20250
10/30/2024,Y2,Y_2025,BCI5TC,19662.5
10/30/2024,Y3,Y_2026,BCI5TC,19864
10/30/2024,M0,Y_2027,BCI5TC,19836
10/31/2024,M1,M_Oct_2024,BCI5TC,17875
10/31/2024,M2,M_Nov_2024,BCI5TC,20175
10/31/2024,M3,M_Dec_2024,BCI5TC,19875
10/31/2024,Q0,M_Jan_2025,BCI5TC,15125
10/31/2024,Q1,Q_4_2024,BCI5TC,19500
10/31/2024,Q2,Q_1_2025,BCI5TC,13100
10/31/2024,Q3,Q_2_2025,BCI5TC,18600
10/31/2024,Y0,Q_3_2025,BCI5TC,23357
10/31/2024,Y1,Y_2024,BCI5TC,20250
10/31/2024,Y2,Y_2025,BCI5TC,19662.5
10/31/2024,Y3,Y_2026,BCI5TC,19757
10/31/2024,M0,Y_2027,BCI5TC,19829
11/1/2024,M1,M_Nov_2024,BCI5TC,17775
11/1/2024,M2,M_Dec_2024,BCI5TC,20275
11/1/2024,M3,M_Jan_2025,BCI5TC,14950
11/1/2024,Q0,M_Feb_2025,BCI5TC,10100
11/1/2024,Q1,Q_4_2024,BCI5TC,19500
11/1/2024,Q2,Q_1_2025,BCI5TC,13325
11/1/2024,Q3,Q_2_2025,BCI5TC,18750
11/1/2024,Y0,Q_3_2025,BCI5TC,23336
11/1/2024,Y1,Y_2024,BCI5TC,20250
11/1/2024,Y2,Y_2025,BCI5TC,19825
11/1/2024,Y3,Y_2026,BCI5TC,19875
11/1/2024,M0,Y_2027,BCI5TC,19857
11/4/2024,M1,M_Nov_2024,BCI5TC,18700
11/4/2024,M2,M_Dec_2024,BCI5TC,21425
11/4/2024,M3,M_Jan_2025,BCI5TC,15875
11/4/2024,Q0,M_Feb_2025,BCI5TC,10100
11/4/2024,Q1,Q_4_2024,BCI5TC,19500
11/4/2024,Q2,Q_1_2025,BCI5TC,14050
11/4/2024,Q3,Q_2_2025,BCI5TC,19250
11/4/2024,Y0,Q_3_2025,BCI5TC,23721
11/4/2024,Y1,Y_2024,BCI5TC,20250
11/4/2024,Y2,Y_2025,BCI5TC,20200
11/4/2024,Y3,Y_2026,BCI5TC,20214
11/4/2024,M0,Y_2027,BCI5TC,20125
11/5/2024,M1,M_Nov_2024,BCI5TC,19075
11/5/2024,M2,M_Dec_2024,BCI5TC,22025
11/5/2024,M3,M_Jan_2025,BCI5TC,16825
11/5/2024,Q0,M_Feb_2025,BCI5TC,10100
11/5/2024,Q1,Q_4_2024,BCI5TC,19500
11/5/2024,Q2,Q_1_2025,BCI5TC,14425
11/5/2024,Q3,Q_2_2025,BCI5TC,19300
11/5/2024,Y0,Q_3_2025,BCI5TC,23857
11/5/2024,Y1,Y_2024,BCI5TC,20250
11/5/2024,Y2,Y_2025,BCI5TC,20550
11/5/2024,Y3,Y_2026,BCI5TC,20475
11/5/2024,M0,Y_2027,BCI5TC,20307
11/6/2024,M1,M_Nov_2024,BCI5TC,18800
11/6/2024,M2,M_Dec_2024,BCI5TC,21675
11/6/2024,M3,M_Jan_2025,BCI5TC,16400
11/6/2024,Q0,M_Feb_2025,BCI5TC,10100
11/6/2024,Q1,Q_4_2024,BCI5TC,19500
11/6/2024,Q2,Q_1_2025,BCI5TC,13875
11/6/2024,Q3,Q_2_2025,BCI5TC,18825
11/6/2024,Y0,Q_3_2025,BCI5TC,23507
11/6/2024,Y1,Y_2024,BCI5TC,20250
11/6/2024,Y2,Y_2025,BCI5TC,19950
11/6/2024,Y3,Y_2026,BCI5TC,20129
11/6/2024,M0,Y_2027,BCI5TC,20129
11/7/2024,M1,M_Nov_2024,BCI5TC,19575
11/7/2024,M2,M_Dec_2024,BCI5TC,22625
11/7/2024,M3,M_Jan_2025,BCI5TC,16700
11/7/2024,Q0,M_Feb_2025,BCI5TC,10100
11/7/2024,Q1,Q_4_2024,BCI5TC,19500
11/7/2024,Q2,Q_1_2025,BCI5TC,14425
11/7/2024,Q3,Q_2_2025,BCI5TC,19125
11/7/2024,Y0,Q_3_2025,BCI5TC,23614
11/7/2024,Y1,Y_2024,BCI5TC,20250
11/7/2024,Y2,Y_2025,BCI5TC,20250
11/7/2024,Y3,Y_2026,BCI5TC,20261
11/7/2024,M0,Y_2027,BCI5TC,20204
11/8/2024,M1,M_Nov_2024,BCI5TC,20750
11/8/2024,M2,M_Dec_2024,BCI5TC,24125
11/8/2024,M3,M_Jan_2025,BCI5TC,17250
11/8/2024,Q0,M_Feb_2025,BCI5TC,10100
11/8/2024,Q1,Q_4_2024,BCI5TC,19500
11/8/2024,Q2,Q_1_2025,BCI5TC,14900
11/8/2024,Q3,Q_2_2025,BCI5TC,19400
11/8/2024,Y0,Q_3_2025,BCI5TC,23829
11/8/2024,Y1,Y_2024,BCI5TC,20250
11/8/2024,Y2,Y_2025,BCI5TC,20575
11/8/2024,Y3,Y_2026,BCI5TC,20389
11/8/2024,M0,Y_2027,BCI5TC,20279
11/11/2024,M1,M_Nov_2024,BCI5TC,23025
11/11/2024,M2,M_Dec_2024,BCI5TC,25950
11/11/2024,M3,M_Jan_2025,BCI5TC,18225
11/11/2024,Q0,M_Feb_2025,BCI5TC,10100
11/11/2024,Q1,Q_4_2024,BCI5TC,19500
11/11/2024,Q2,Q_1_2025,BCI5TC,15775
11/11/2024,Q3,Q_2_2025,BCI5TC,20000
11/11/2024,Y0,Q_3_2025,BCI5TC,24182
11/11/2024,Y1,Y_2024,BCI5TC,20250
11/11/2024,Y2,Y_2025,BCI5TC,21075
11/11/2024,Y3,Y_2026,BCI5TC,20600
11/11/2024,M0,Y_2027,BCI5TC,20396
11/12/2024,M1,M_Nov_2024,BCI5TC,22825
11/12/2024,M2,M_Dec_2024,BCI5TC,25825
11/12/2024,M3,M_Jan_2025,BCI5TC,18500
11/12/2024,Q0,M_Feb_2025,BCI5TC,11500
11/12/2024,Q1,Q_4_2024,BCI5TC,19500
11/12/2024,Q2,Q_1_2025,BCI5TC,15275
11/12/2024,Q3,Q_2_2025,BCI5TC,19975
11/12/2024,Y0,Q_3_2025,BCI5TC,24168
11/12/2024,Y1,Y_2024,BCI5TC,20250
11/12/2024,Y2,Y_2025,BCI5TC,21000
11/12/2024,Y3,Y_2026,BCI5TC,20589
11/12/2024,M0,Y_2027,BCI5TC,20432
11/13/2024,M1,M_Nov_2024,BCI5TC,22850
11/13/2024,M2,M_Dec_2024,BCI5TC,26375
11/13/2024,M3,M_Jan_2025,BCI5TC,18500
11/13/2024,Q0,M_Feb_2025,BCI5TC,12325
11/13/2024,Q1,Q_4_2024,BCI5TC,19500
11/13/2024,Q2,Q_1_2025,BCI5TC,15600
11/13/2024,Q3,Q_2_2025,BCI5TC,20275
11/13/2024,Y0,Q_3_2025,BCI5TC,24257
11/13/2024,Y1,Y_2024,BCI5TC,20250
11/13/2024,Y2,Y_2025,BCI5TC,21150
11/13/2024,Y3,Y_2026,BCI5TC,20604
11/13/2024,M0,Y_2027,BCI5TC,20457
11/14/2024,M1,M_Nov_2024,BCI5TC,23200
11/14/2024,M2,M_Dec_2024,BCI5TC,26825
11/14/2024,M3,M_Jan_2025,BCI5TC,18375
11/14/2024,Q0,M_Feb_2025,BCI5TC,12500
11/14/2024,Q1,Q_4_2024,BCI5TC,19500
11/14/2024,Q2,Q_1_2025,BCI5TC,15700
11/14/2024,Q3,Q_2_2025,BCI5TC,20150
11/14/2024,Y0,Q_3_2025,BCI5TC,24139
11/14/2024,Y1,Y_2024,BCI5TC,20250
11/14/2024,Y2,Y_2025,BCI5TC,21125
11/14/2024,Y3,Y_2026,BCI5TC,20593
11/14/2024,M0,Y_2027,BCI5TC,20443
11/15/2024,M1,M_Nov_2024,BCI5TC,23200
11/15/2024,M2,M_Dec_2024,BCI5TC,26825
11/15/2024,M3,M_Jan_2025,BCI5TC,18375
11/15/2024,Q0,M_Feb_2025,BCI5TC,12500
11/15/2024,Q1,Q_4_2024,BCI5TC,19500
11/15/2024,Q2,Q_1_2025,BCI5TC,15700
11/15/2024,Q3,Q_2_2025,BCI5TC,20150
11/15/2024,Y0,Q_3_2025,BCI5TC,24000
11/15/2024,Y1,Y_2024,BCI5TC,20250
11/15/2024,Y2,Y_2025,BCI5TC,21125
11/15/2024,Y3,Y_2026,BCI5TC,20461
11/15/2024,M0,Y_2027,BCI5TC,20321
11/18/2024,M1,M_Nov_2024,BCI5TC,22975
11/18/2024,M2,M_Dec_2024,BCI5TC,25650
11/18/2024,M3,M_Jan_2025,BCI5TC,17575
11/18/2024,Q0,M_Feb_2025,BCI5TC,11750
11/18/2024,Q1,Q_4_2024,BCI5TC,19500
11/18/2024,Q2,Q_1_2025,BCI5TC,14875
11/18/2024,Q3,Q_2_2025,BCI5TC,19700
11/18/2024,Y0,Q_3_2025,BCI5TC,23607
11/18/2024,Y1,Y_2024,BCI5TC,20250
11/18/2024,Y2,Y_2025,BCI5TC,20500
11/18/2024,Y3,Y_2026,BCI5TC,20246
11/18/2024,M0,Y_2027,BCI5TC,20171
11/19/2024,M1,M_Nov_2024,BCI5TC,21850
11/19/2024,M2,M_Dec_2024,BCI5TC,24075
11/19/2024,M3,M_Jan_2025,BCI5TC,16875
11/19/2024,Q0,M_Feb_2025,BCI5TC,11225
11/19/2024,Q1,Q_4_2024,BCI5TC,19500
11/19/2024,Q2,Q_1_2025,BCI5TC,14500
11/19/2024,Q3,Q_2_2025,BCI5TC,19250
11/19/2024,Y0,Q_3_2025,BCI5TC,23200
11/19/2024,Y1,Y_2024,BCI5TC,20250
11/19/2024,Y2,Y_2025,BCI5TC,20150
11/19/2024,Y3,Y_2026,BCI5TC,19979
11/19/2024,M0,Y_2027,BCI5TC,19914
11/20/2024,M1,M_Nov_2024,BCI5TC,21825
11/20/2024,M2,M_Dec_2024,BCI5TC,24575
11/20/2024,M3,M_Jan_2025,BCI5TC,17375
11/20/2024,Q0,M_Feb_2025,BCI5TC,11375
11/20/2024,Q1,Q_4_2024,BCI5TC,19500
11/20/2024,Q2,Q_1_2025,BCI5TC,14675
11/20/2024,Q3,Q_2_2025,BCI5TC,19350
11/20/2024,Y0,Q_3_2025,BCI5TC,23314
11/20/2024,Y1,Y_2024,BCI5TC,20250
11/20/2024,Y2,Y_2025,BCI5TC,20175
11/20/2024,Y3,Y_2026,BCI5TC,20064
11/20/2024,M0,Y_2027,BCI5TC,19950
11/21/2024,M1,M_Nov_2024,BCI5TC,21125
11/21/2024,M2,M_Dec_2024,BCI5TC,23000
11/21/2024,M3,M_Jan_2025,BCI5TC,16375
11/21/2024,Q0,M_Feb_2025,BCI5TC,10975
11/21/2024,Q1,Q_4_2024,BCI5TC,19500
11/21/2024,Q2,Q_1_2025,BCI5TC,14075
11/21/2024,Q3,Q_2_2025,BCI5TC,18675
11/21/2024,Y0,Q_3_2025,BCI5TC,23018
11/21/2024,Y1,Y_2024,BCI5TC,20250
11/21/2024,Y2,Y_2025,BCI5TC,19875
11/21/2024,Y3,Y_2026,BCI5TC,19764
11/21/2024,M0,Y_2027,BCI5TC,19779
11/22/2024,M1,M_Nov_2024,BCI5TC,20925
11/22/2024,M2,M_Dec_2024,BCI5TC,21125
11/22/2024,M3,M_Jan_2025,BCI5TC,15800
11/22/2024,Q0,M_Feb_2025,BCI5TC,10750
11/22/2024,Q1,Q_4_2024,BCI5TC,19500
11/22/2024,Q2,Q_1_2025,BCI5TC,13750
11/22/2024,Q3,Q_2_2025,BCI5TC,18575
11/22/2024,Y0,Q_3_2025,BCI5TC,22725
11/22/2024,Y1,Y_2024,BCI5TC,20250
11/22/2024,Y2,Y_2025,BCI5TC,19600
11/22/2024,Y3,Y_2026,BCI5TC,19618
11/22/2024,M0,Y_2027,BCI5TC,19636
11/25/2024,M1,M_Nov_2024,BCI5TC,21125
11/25/2024,M2,M_Dec_2024,BCI5TC,22925
11/25/2024,M3,M_Jan_2025,BCI5TC,16375
11/25/2024,Q0,M_Feb_2025,BCI5TC,11375
11/25/2024,Q1,Q_4_2024,BCI5TC,19500
11/25/2024,Q2,Q_1_2025,BCI5TC,14175
11/25/2024,Q3,Q_2_2025,BCI5TC,18775
11/25/2024,Y0,Q_3_2025,BCI5TC,22896
11/25/2024,Y1,Y_2024,BCI5TC,20250
11/25/2024,Y2,Y_2025,BCI5TC,19750
11/25/2024,Y3,Y_2026,BCI5TC,19732
11/25/2024,M0,Y_2027,BCI5TC,19707
11/26/2024,M1,M_Nov_2024,BCI5TC,21450
11/26/2024,M2,M_Dec_2024,BCI5TC,22175
11/26/2024,M3,M_Jan_2025,BCI5TC,15625
11/26/2024,Q0,M_Feb_2025,BCI5TC,10800
11/26/2024,Q1,Q_4_2024,BCI5TC,19500
11/26/2024,Q2,Q_1_2025,BCI5TC,13800
11/26/2024,Q3,Q_2_2025,BCI5TC,18600
11/26/2024,Y0,Q_3_2025,BCI5TC,22743
11/26/2024,Y1,Y_2024,BCI5TC,20250
11/26/2024,Y2,Y_2025,BCI5TC,19600
11/26/2024,Y3,Y_2026,BCI5TC,19675
11/26/2024,M0,Y_2027,BCI5TC,19689
11/27/2024,M1,M_Nov_2024,BCI5TC,21125
11/27/2024,M2,M_Dec_2024,BCI5TC,18775
11/27/2024,M3,M_Jan_2025,BCI5TC,13800
11/27/2024,Q0,M_Feb_2025,BCI5TC,10025
11/27/2024,Q1,Q_4_2024,BCI5TC,19500
11/27/2024,Q2,Q_1_2025,BCI5TC,12600
11/27/2024,Q3,Q_2_2025,BCI5TC,17175
11/27/2024,Y0,Q_3_2025,BCI5TC,21721
11/27/2024,Y1,Y_2024,BCI5TC,20250
11/27/2024,Y2,Y_2025,BCI5TC,18400
11/27/2024,Y3,Y_2026,BCI5TC,18846
11/27/2024,M0,Y_2027,BCI5TC,19100
11/28/2024,M1,M_Nov_2024,BCI5TC,21225
11/28/2024,M2,M_Dec_2024,BCI5TC,18800
11/28/2024,M3,M_Jan_2025,BCI5TC,14000
11/28/2024,Q0,M_Feb_2025,BCI5TC,10575
11/28/2024,Q1,Q_4_2024,BCI5TC,19500
11/28/2024,Q2,Q_1_2025,BCI5TC,12500
11/28/2024,Q3,Q_2_2025,BCI5TC,17175
11/28/2024,Y0,Q_3_2025,BCI5TC,21992
11/28/2024,Y1,Y_2024,BCI5TC,20250
11/28/2024,Y2,Y_2025,BCI5TC,18750
11/28/2024,Y3,Y_2026,BCI5TC,18871
11/28/2024,M0,Y_2027,BCI5TC,19108
11/29/2024,M1,M_Nov_2024,BCI5TC,17125
11/29/2024,M2,M_Dec_2024,BCI5TC,12125
11/29/2024,M3,M_Jan_2025,BCI5TC,9775
11/29/2024,Q0,M_Feb_2025,BCI5TC,13750
11/29/2024,Q1,Q_4_2024,BCI5TC,19500
11/29/2024,Q2,Q_1_2025,BCI5TC,11925
11/29/2024,Q3,Q_2_2025,BCI5TC,17150
11/29/2024,Y0,Q_3_2025,BCI5TC,21836
11/29/2024,Y1,Y_2024,BCI5TC,20250
11/29/2024,Y2,Y_2025,BCI5TC,18425
11/29/2024,Y3,Y_2026,BCI5TC,18611
11/29/2024,M0,Y_2027,BCI5TC,18921
12/2/2024,M1,M_Dec_2024,BCI5TC,15875
12/2/2024,M2,M_Jan_2025,BCI5TC,11300
12/2/2024,M3,M_Feb_2025,BCI5TC,9250
12/2/2024,Q0,M_Mar_2025,BCI5TC,13675
12/2/2024,Q1,Q_4_2024,BCI5TC,19500
12/2/2024,Q2,Q_1_2025,BCI5TC,11425
12/2/2024,Q3,Q_2_2025,BCI5TC,16900
12/2/2024,Y0,Q_3_2025,BCI5TC,21743
12/2/2024,Y1,Y_2024,BCI5TC,20250
12/2/2024,Y2,Y_2025,BCI5TC,18150
12/2/2024,Y3,Y_2026,BCI5TC,18393
12/2/2024,M0,Y_2027,BCI5TC,18750
12/3/2024,M1,M_Dec_2024,BCI5TC,14875
12/3/2024,M2,M_Jan_2025,BCI5TC,11875
12/3/2024,M3,M_Feb_2025,BCI5TC,9925
12/3/2024,Q0,M_Mar_2025,BCI5TC,13775
12/3/2024,Q1,Q_4_2024,BCI5TC,19500
12/3/2024,Q2,Q_1_2025,BCI5TC,11825
12/3/2024,Q3,Q_2_2025,BCI5TC,17000
12/3/2024,Y0,Q_3_2025,BCI5TC,21721
12/3/2024,Y1,Y_2024,BCI5TC,20250
12/3/2024,Y2,Y_2025,BCI5TC,18250
12/3/2024,Y3,Y_2026,BCI5TC,18279
12/3/2024,M0,Y_2027,BCI5TC,18621
12/4/2024,M1,M_Dec_2024,BCI5TC,13750
12/4/2024,M2,M_Jan_2025,BCI5TC,11675
12/4/2024,M3,M_Feb_2025,BCI5TC,9925
12/4/2024,Q0,M_Mar_2025,BCI5TC,13750
12/4/2024,Q1,Q_4_2024,BCI5TC,19500
12/4/2024,Q2,Q_1_2025,BCI5TC,11575
12/4/2024,Q3,Q_2_2025,BCI5TC,16875
12/4/2024,Y0,Q_3_2025,BCI5TC,21493
12/4/2024,Y1,Y_2024,BCI5TC,20250
12/4/2024,Y2,Y_2025,BCI5TC,18025
12/4/2024,Y3,Y_2026,BCI5TC,18143
12/4/2024,M0,Y_2027,BCI5TC,18504
12/5/2024,M1,M_Dec_2024,BCI5TC,13750
12/5/2024,M2,M_Jan_2025,BCI5TC,11675
12/5/2024,M3,M_Feb_2025,BCI5TC,9925
12/5/2024,Q0,M_Mar_2025,BCI5TC,13750
12/5/2024,Q1,Q_4_2024,BCI5TC,19500
12/5/2024,Q2,Q_1_2025,BCI5TC,11575
12/5/2024,Q3,Q_2_2025,BCI5TC,16875
12/5/2024,Y0,Q_3_2025,BCI5TC,21593
12/5/2024,Y1,Y_2024,BCI5TC,20250
12/5/2024,Y2,Y_2025,BCI5TC,18025
12/5/2024,Y3,Y_2026,BCI5TC,18282
12/5/2024,M0,Y_2027,BCI5TC,18568
12/6/2024,M1,M_Dec_2024,BCI5TC,13375
12/6/2024,M2,M_Jan_2025,BCI5TC,11650
12/6/2024,M3,M_Feb_2025,BCI5TC,9875
12/6/2024,Q0,M_Mar_2025,BCI5TC,13700
12/6/2024,Q1,Q_4_2024,BCI5TC,19500
12/6/2024,Q2,Q_1_2025,BCI5TC,11750
12/6/2024,Q3,Q_2_2025,BCI5TC,16875
12/6/2024,Y0,Q_3_2025,BCI5TC,21293
12/6/2024,Y1,Y_2024,BCI5TC,20250
12/6/2024,Y2,Y_2025,BCI5TC,18012.5
12/6/2024,Y3,Y_2026,BCI5TC,18057
12/6/2024,M0,Y_2027,BCI5TC,18389
12/9/2024,M1,M_Dec_2024,BCI5TC,12725
12/9/2024,M2,M_Jan_2025,BCI5TC,11050
12/9/2024,M3,M_Feb_2025,BCI5TC,9300
12/9/2024,Q0,M_Mar_2025,BCI5TC,13300
12/9/2024,Q1,Q_4_2024,BCI5TC,19500
12/9/2024,Q2,Q_1_2025,BCI5TC,11100
12/9/2024,Q3,Q_2_2025,BCI5TC,16850
12/9/2024,Y0,Q_3_2025,BCI5TC,21239
12/9/2024,Y1,Y_2024,BCI5TC,20250
12/9/2024,Y2,Y_2025,BCI5TC,17800
12/9/2024,Y3,Y_2026,BCI5TC,17957
12/9/2024,M0,Y_2027,BCI5TC,18332
12/10/2024,M1,M_Dec_2024,BCI5TC,12000
12/10/2024,M2,M_Jan_2025,BCI5TC,10575
12/10/2024,M3,M_Feb_2025,BCI5TC,8925
12/10/2024,Q0,M_Mar_2025,BCI5TC,13200
12/10/2024,Q1,Q_4_2024,BCI5TC,19500
12/10/2024,Q2,Q_1_2025,BCI5TC,10925
12/10/2024,Q3,Q_2_2025,BCI5TC,16750
12/10/2024,Y0,Q_3_2025,BCI5TC,21204
12/10/2024,Y1,Y_2024,BCI5TC,20250
12/10/2024,Y2,Y_2025,BCI5TC,17900
12/10/2024,Y3,Y_2026,BCI5TC,17871
12/10/2024,M0,Y_2027,BCI5TC,18264
12/11/2024,M1,M_Dec_2024,BCI5TC,11625
12/11/2024,M2,M_Jan_2025,BCI5TC,9875
12/11/2024,M3,M_Feb_2025,BCI5TC,8875
12/11/2024,Q0,M_Mar_2025,BCI5TC,12750
12/11/2024,Q1,Q_4_2024,BCI5TC,19500
12/11/2024,Q2,Q_1_2025,BCI5TC,10537.5
12/11/2024,Q3,Q_2_2025,BCI5TC,16575
12/11/2024,Y0,Q_3_2025,BCI5TC,21000
12/11/2024,Y1,Y_2024,BCI5TC,20250
12/11/2024,Y2,Y_2025,BCI5TC,17400
12/11/2024,Y3,Y_2026,BCI5TC,17654
12/11/2024,M0,Y_2027,BCI5TC,18039
12/12/2024,M1,M_Dec_2024,BCI5TC,11750
12/12/2024,M2,M_Jan_2025,BCI5TC,10775
12/12/2024,M3,M_Feb_2025,BCI5TC,9575
12/12/2024,Q0,M_Mar_2025,BCI5TC,13425
12/12/2024,Q1,Q_4_2024,BCI5TC,19500
12/12/2024,Q2,Q_1_2025,BCI5TC,10675
12/12/2024,Q3,Q_2_2025,BCI5TC,16800
12/12/2024,Y0,Q_3_2025,BCI5TC,21154
12/12/2024,Y1,Y_2024,BCI5TC,20250
12/12/2024,Y2,Y_2025,BCI5TC,17675
12/12/2024,Y3,Y_2026,BCI5TC,17786
12/12/2024,M0,Y_2027,BCI5TC,18086
12/13/2024,M1,M_Dec_2024,BCI5TC,12200
12/13/2024,M2,M_Jan_2025,BCI5TC,11275
12/13/2024,M3,M_Feb_2025,BCI5TC,9850
12/13/2024,Q0,M_Mar_2025,BCI5TC,13525
12/13/2024,Q1,Q_4_2024,BCI5TC,19500
12/13/2024,Q2,Q_1_2025,BCI5TC,11375
12/13/2024,Q3,Q_2_2025,BCI5TC,17125
12/13/2024,Y0,Q_3_2025,BCI5TC,21329
12/13/2024,Y1,Y_2024,BCI5TC,20250
12/13/2024,Y2,Y_2025,BCI5TC,17900
12/13/2024,Y3,Y_2026,BCI5TC,17950
12/13/2024,M0,Y_2027,BCI5TC,18171
12/16/2024,M1,M_Dec_2024,BCI5TC,12200
12/16/2024,M2,M_Jan_2025,BCI5TC,11125
12/16/2024,M3,M_Feb_2025,BCI5TC,9475
12/16/2024,Q0,M_Mar_2025,BCI5TC,13250
12/16/2024,Q1,Q_4_2024,BCI5TC,19500
12/16/2024,Q2,Q_1_2025,BCI5TC,11350
12/16/2024,Q3,Q_2_2025,BCI5TC,16900
12/16/2024,Y0,Q_3_2025,BCI5TC,21300
12/16/2024,Y1,Y_2024,BCI5TC,20250
12/16/2024,Y2,Y_2025,BCI5TC,17975
12/16/2024,Y3,Y_2026,BCI5TC,18007
12/16/2024,M0,Y_2027,BCI5TC,18268
12/17/2024,M1,M_Dec_2024,BCI5TC,12000
12/17/2024,M2,M_Jan_2025,BCI5TC,9950
12/17/2024,M3,M_Feb_2025,BCI5TC,8900
12/17/2024,Q0,M_Mar_2025,BCI5TC,13100
12/17/2024,Q1,Q_4_2024,BCI5TC,19500
12/17/2024,Q2,Q_1_2025,BCI5TC,10700
12/17/2024,Q3,Q_2_2025,BCI5TC,16825
12/17/2024,Y0,Q_3_2025,BCI5TC,21236
12/17/2024,Y1,Y_2024,BCI5TC,20250
12/17/2024,Y2,Y_2025,BCI5TC,17675
12/17/2024,Y3,Y_2026,BCI5TC,17963
12/17/2024,M0,Y_2027,BCI5TC,18220
12/18/2024,M1,M_Dec_2024,BCI5TC,12000
12/18/2024,M2,M_Jan_2025,BCI5TC,10600
12/18/2024,M3,M_Feb_2025,BCI5TC,9650
12/18/2024,Q0,M_Mar_2025,BCI5TC,14000
12/18/2024,Q1,Q_4_2024,BCI5TC,19500
12/18/2024,Q2,Q_1_2025,BCI5TC,11450
12/18/2024,Q3,Q_2_2025,BCI5TC,17150
12/18/2024,Y0,Q_3_2025,BCI5TC,21354
12/18/2024,Y1,Y_2024,BCI5TC,20250
12/18/2024,Y2,Y_2025,BCI5TC,18025
12/18/2024,Y3,Y_2026,BCI5TC,18093
12/18/2024,M0,Y_2027,BCI5TC,18300
12/19/2024,M1,M_Dec_2024,BCI5TC,11250
12/19/2024,M2,M_Jan_2025,BCI5TC,9600
12/19/2024,M3,M_Feb_2025,BCI5TC,9450
12/19/2024,Q0,M_Mar_2025,BCI5TC,13200
12/19/2024,Q1,Q_4_2024,BCI5TC,19500
12/19/2024,Q2,Q_1_2025,BCI5TC,10600
12/19/2024,Q3,Q_2_2025,BCI5TC,16675
12/19/2024,Y0,Q_3_2025,BCI5TC,21150
12/19/2024,Y1,Y_2024,BCI5TC,20250
12/19/2024,Y2,Y_2025,BCI5TC,17700
12/19/2024,Y3,Y_2026,BCI5TC,18004
12/19/2024,M0,Y_2027,BCI5TC,18314
12/20/2024,M1,M_Dec_2024,BCI5TC,11500
12/20/2024,M2,M_Jan_2025,BCI5TC,10050
12/20/2024,M3,M_Feb_2025,BCI5TC,9975
12/20/2024,Q0,M_Mar_2025,BCI5TC,13950
12/20/2024,Q1,Q_4_2024,BCI5TC,19500
12/20/2024,Q2,Q_1_2025,BCI5TC,11225
12/20/2024,Q3,Q_2_2025,BCI5TC,17150
12/20/2024,Y0,Q_3_2025,BCI5TC,21329
12/20/2024,Y1,Y_2024,BCI5TC,20250
12/20/2024,Y2,Y_2025,BCI5TC,17900
12/20/2024,Y3,Y_2026,BCI5TC,18100
12/20/2024,M0,Y_2027,BCI5TC,18364
12/23/2024,M1,M_Dec_2024,BCI5TC,11525
12/23/2024,M2,M_Jan_2025,BCI5TC,10200
12/23/2024,M3,M_Feb_2025,BCI5TC,10125
12/23/2024,Q0,M_Mar_2025,BCI5TC,13725
12/23/2024,Q1,Q_4_2024,BCI5TC,19500
12/23/2024,Q2,Q_1_2025,BCI5TC,11225
12/23/2024,Q3,Q_2_2025,BCI5TC,17200
12/23/2024,Y0,Q_3_2025,BCI5TC,21325
12/23/2024,Y1,Y_2024,BCI5TC,20250
12/23/2024,Y2,Y_2025,BCI5TC,17925
12/23/2024,Y3,Y_2026,BCI5TC,18118
12/23/2024,M0,Y_2027,BCI5TC,18382
12/24/2024,M1,M_Dec_2024,BCI5TC,9875
12/24/2024,M2,M_Jan_2025,BCI5TC,9775
12/24/2024,M3,M_Feb_2025,BCI5TC,13325
12/24/2024,Q0,M_Mar_2025,BCI5TC,13725
12/24/2024,Q1,Q_4_2024,BCI5TC,10987.5
12/24/2024,Q2,Q_1_2025,BCI5TC,16925
12/24/2024,Q3,Q_2_2025,BCI5TC,21300
12/24/2024,Y0,Q_3_2025,BCI5TC,22271
12/24/2024,Y1,Y_2024,BCI5TC,17775
12/24/2024,Y2,Y_2025,BCI5TC,18050
12/24/2024,Y3,Y_2026,BCI5TC,18368
12/24/2024,M0,Y_2027,BCI5TC,18482
12/25/2024,M1,M_Dec_2024,BCI5TC,9875
12/25/2024,M2,M_Jan_2025,BCI5TC,9775
12/25/2024,M3,M_Feb_2025,BCI5TC,13325
12/25/2024,Q0,M_Mar_2025,BCI5TC,13725
12/25/2024,Q1,Q_4_2024,BCI5TC,10987.5
12/25/2024,Q2,Q_1_2025,BCI5TC,16925
12/25/2024,Q3,Q_2_2025,BCI5TC,21300
12/25/2024,Y0,Q_3_2025,BCI5TC,22271
12/25/2024,Y1,Y_2024,BCI5TC,17775
12/25/2024,Y2,Y_2025,BCI5TC,18050
12/25/2024,Y3,Y_2026,BCI5TC,18368
12/25/2024,M0,Y_2027,BCI5TC,18482
12/26/2024,M1,M_Dec_2024,BCI5TC,9875
12/26/2024,M2,M_Jan_2025,BCI5TC,9775
12/26/2024,M3,M_Feb_2025,BCI5TC,13325
12/26/2024,Q0,M_Mar_2025,BCI5TC,13725
12/26/2024,Q1,Q_4_2024,BCI5TC,10987.5
12/26/2024,Q2,Q_1_2025,BCI5TC,16925
12/26/2024,Q3,Q_2_2025,BCI5TC,21300
12/26/2024,Y0,Q_3_2025,BCI5TC,22271
12/26/2024,Y1,Y_2024,BCI5TC,17775
12/26/2024,Y2,Y_2025,BCI5TC,18050
12/26/2024,Y3,Y_2026,BCI5TC,18368
12/26/2024,M0,Y_2027,BCI5TC,18482
12/27/2024,M1,M_Dec_2024,BCI5TC,10025
12/27/2024,M2,M_Jan_2025,BCI5TC,9850
12/27/2024,M3,M_Feb_2025,BCI5TC,13325
12/27/2024,Q0,M_Mar_2025,BCI5TC,13725
12/27/2024,Q1,Q_4_2024,BCI5TC,11200
12/27/2024,Q2,Q_1_2025,BCI5TC,16925
12/27/2024,Q3,Q_2_2025,BCI5TC,21275
12/27/2024,Y0,Q_3_2025,BCI5TC,22282
12/27/2024,Y1,Y_2024,BCI5TC,17925
12/27/2024,Y2,Y_2025,BCI5TC,18075
12/27/2024,Y3,Y_2026,BCI5TC,18357
12/27/2024,M0,Y_2027,BCI5TC,18486
12/30/2024,M1,M_Dec_2024,BCI5TC,9550
12/30/2024,M2,M_Jan_2025,BCI5TC,9750
12/30/2024,M3,M_Feb_2025,BCI5TC,13500
12/30/2024,Q0,M_Mar_2025,BCI5TC,13725
12/30/2024,Q1,Q_4_2024,BCI5TC,10925
12/30/2024,Q2,Q_1_2025,BCI5TC,16850
12/30/2024,Q3,Q_2_2025,BCI5TC,21250
12/30/2024,Y0,Q_3_2025,BCI5TC,22221
12/30/2024,Y1,Y_2024,BCI5TC,17750
12/30/2024,Y2,Y_2025,BCI5TC,18075
12/30/2024,Y3,Y_2026,BCI5TC,18300
12/30/2024,M0,Y_2027,BCI5TC,18471
12/31/2024,M1,M_Dec_2024,BCI5TC,10250
12/31/2024,M2,M_Jan_2025,BCI5TC,9400
12/31/2024,M3,M_Feb_2025,BCI5TC,13350
12/31/2024,Q0,M_Mar_2025,BCI5TC,13725
12/31/2024,Q1,Q_4_2024,BCI5TC,11000
12/31/2024,Q2,Q_1_2025,BCI5TC,16750
12/31/2024,Q3,Q_2_2025,BCI5TC,21250
12/31/2024,Y0,Q_3_2025,BCI5TC,22336
12/31/2024,Y1,Y_2024,BCI5TC,17775
12/31/2024,Y2,Y_2025,BCI5TC,18075
12/31/2024,Y3,Y_2026,BCI5TC,18361
12/31/2024,M0,Y_2027,BCI5TC,18525
1/1/2025,M1,M_Jan_2025,BCI5TC,10250
1/1/2025,M2,M_Feb_2025,BCI5TC,9400
1/1/2025,M3,M_Mar_2025,BCI5TC,13350
1/1/2025,Q0,M_Apr_2025,BCI5TC,13725
1/1/2025,Q1,Q_1_2025,BCI5TC,11000
1/1/2025,Q2,Q_2_2025,BCI5TC,16750
1/1/2025,Q3,Q_3_2025,BCI5TC,21250
1/1/2025,Y0,Q_4_2025,BCI5TC,22336
1/1/2025,Y1,Y_2025,BCI5TC,17775
1/1/2025,Y2,Y_2026,BCI5TC,18075
1/1/2025,Y3,Y_2027,BCI5TC,18361
1/1/2025,M0,Y_2028,BCI5TC,18525
1/2/2025,M1,M_Jan_2025,BCI5TC,10350
1/2/2025,M2,M_Feb_2025,BCI5TC,9875
1/2/2025,M3,M_Mar_2025,BCI5TC,13375
1/2/2025,Q0,M_Apr_2025,BCI5TC,13725
1/2/2025,Q1,Q_1_2025,BCI5TC,11200
1/2/2025,Q2,Q_2_2025,BCI5TC,17025
1/2/2025,Q3,Q_3_2025,BCI5TC,21375
1/2/2025,Y0,Q_4_2025,BCI5TC,22432
1/2/2025,Y1,Y_2025,BCI5TC,18050
1/2/2025,Y2,Y_2026,BCI5TC,18250
1/2/2025,Y3,Y_2027,BCI5TC,18414
1/2/2025,M0,Y_2028,BCI5TC,18539
1/3/2025,M1,M_Jan_2025,BCI5TC,10875
1/3/2025,M2,M_Feb_2025,BCI5TC,10100
1/3/2025,M3,M_Mar_2025,BCI5TC,13475
1/3/2025,Q0,M_Apr_2025,BCI5TC,13725
1/3/2025,Q1,Q_1_2025,BCI5TC,11550
1/3/2025,Q2,Q_2_2025,BCI5TC,17125
1/3/2025,Q3,Q_3_2025,BCI5TC,21375
1/3/2025,Y0,Q_4_2025,BCI5TC,22471
1/3/2025,Y1,Y_2025,BCI5TC,18125
1/3/2025,Y2,Y_2026,BCI5TC,18250
1/3/2025,Y3,Y_2027,BCI5TC,18504
1/3/2025,M0,Y_2028,BCI5TC,18564
1/6/2025,M1,M_Jan_2025,BCI5TC,9200
1/6/2025,M2,M_Feb_2025,BCI5TC,8625
1/6/2025,M3,M_Mar_2025,BCI5TC,12500
1/6/2025,Q0,M_Apr_2025,BCI5TC,13725
1/6/2025,Q1,Q_1_2025,BCI5TC,10100
1/6/2025,Q2,Q_2_2025,BCI5TC,16700
1/6/2025,Q3,Q_3_2025,BCI5TC,21125
1/6/2025,Y0,Q_4_2025,BCI5TC,22186
1/6/2025,Y1,Y_2025,BCI5TC,17550
1/6/2025,Y2,Y_2026,BCI5TC,17925
1/6/2025,Y3,Y_2027,BCI5TC,18314
1/6/2025,M0,Y_2028,BCI5TC,18457
1/7/2025,M1,M_Jan_2025,BCI5TC,9000
1/7/2025,M2,M_Feb_2025,BCI5TC,8400
1/7/2025,M3,M_Mar_2025,BCI5TC,12375
1/7/2025,Q0,M_Apr_2025,BCI5TC,13725
1/7/2025,Q1,Q_1_2025,BCI5TC,9900
1/7/2025,Q2,Q_2_2025,BCI5TC,16550
1/7/2025,Q3,Q_3_2025,BCI5TC,20800
1/7/2025,Y0,Q_4_2025,BCI5TC,22082
1/7/2025,Y1,Y_2025,BCI5TC,17250
1/7/2025,Y2,Y_2026,BCI5TC,17800
1/7/2025,Y3,Y_2027,BCI5TC,18196
1/7/2025,M0,Y_2028,BCI5TC,18414
1/8/2025,M1,M_Jan_2025,BCI5TC,9250
1/8/2025,M2,M_Feb_2025,BCI5TC,8675
1/8/2025,M3,M_Mar_2025,BCI5TC,12750
1/8/2025,Q0,M_Apr_2025,BCI5TC,13725
1/8/2025,Q1,Q_1_2025,BCI5TC,10237.5
1/8/2025,Q2,Q_2_2025,BCI5TC,16300
1/8/2025,Q3,Q_3_2025,BCI5TC,20550
1/8/2025,Y0,Q_4_2025,BCI5TC,21936
1/8/2025,Y1,Y_2025,BCI5TC,17250
1/8/2025,Y2,Y_2026,BCI5TC,17725
1/8/2025,Y3,Y_2027,BCI5TC,18096
1/8/2025,M0,Y_2028,BCI5TC,18371
1/9/2025,M1,M_Jan_2025,BCI5TC,10525
1/9/2025,M2,M_Feb_2025,BCI5TC,10250
1/9/2025,M3,M_Mar_2025,BCI5TC,14150
1/9/2025,Q0,M_Apr_2025,BCI5TC,13725
1/9/2025,Q1,Q_1_2025,BCI5TC,11625
1/9/2025,Q2,Q_2_2025,BCI5TC,17100
1/9/2025,Q3,Q_3_2025,BCI5TC,20875
1/9/2025,Y0,Q_4_2025,BCI5TC,22096
1/9/2025,Y1,Y_2025,BCI5TC,17950
1/9/2025,Y2,Y_2026,BCI5TC,17975
1/9/2025,Y3,Y_2027,BCI5TC,18193
1/9/2025,M0,Y_2028,BCI5TC,18393
1/10/2025,M1,M_Jan_2025,BCI5TC,11150
1/10/2025,M2,M_Feb_2025,BCI5TC,11175
1/10/2025,M3,M_Mar_2025,BCI5TC,14850
1/10/2025,Q0,M_Apr_2025,BCI5TC,13725
1/10/2025,Q1,Q_1_2025,BCI5TC,12350
1/10/2025,Q2,Q_2_2025,BCI5TC,17575
1/10/2025,Q3,Q_3_2025,BCI5TC,21200
1/10/2025,Y0,Q_4_2025,BCI5TC,22357
1/10/2025,Y1,Y_2025,BCI5TC,18375
1/10/2025,Y2,Y_2026,BCI5TC,18300
1/10/2025,Y3,Y_2027,BCI5TC,18368
1/10/2025,M0,Y_2028,BCI5TC,18514
1/13/2025,M1,M_Jan_2025,BCI5TC,11075
1/13/2025,M2,M_Feb_2025,BCI5TC,9850
1/13/2025,M3,M_Mar_2025,BCI5TC,14250
1/13/2025,Q0,M_Apr_2025,BCI5TC,13725
1/13/2025,Q1,Q_1_2025,BCI5TC,12375
1/13/2025,Q2,Q_2_2025,BCI5TC,17225
1/13/2025,Q3,Q_3_2025,BCI5TC,21125
1/13/2025,Y0,Q_4_2025,BCI5TC,22154
1/13/2025,Y1,Y_2025,BCI5TC,18075
1/13/2025,Y2,Y_2026,BCI5TC,18125
1/13/2025,Y3,Y_2027,BCI5TC,18307
1/13/2025,M0,Y_2028,BCI5TC,18496
1/14/2025,M1,M_Jan_2025,BCI5TC,11650
1/14/2025,M2,M_Feb_2025,BCI5TC,10675
1/14/2025,M3,M_Mar_2025,BCI5TC,14575
1/14/2025,Q0,M_Apr_2025,BCI5TC,13725
1/14/2025,Q1,Q_1_2025,BCI5TC,12350
1/14/2025,Q2,Q_2_2025,BCI5TC,17625
1/14/2025,Q3,Q_3_2025,BCI5TC,21250
1/14/2025,Y0,Q_4_2025,BCI5TC,22304
1/14/2025,Y1,Y_2025,BCI5TC,18350
1/14/2025,Y2,Y_2026,BCI5TC,18225
1/14/2025,Y3,Y_2027,BCI5TC,18364
1/14/2025,M0,Y_2028,BCI5TC,18518
1/15/2025,M1,M_Jan_2025,BCI5TC,11175
1/15/2025,M2,M_Feb_2025,BCI5TC,9725
1/15/2025,M3,M_Mar_2025,BCI5TC,13900
1/15/2025,Q0,M_Apr_2025,BCI5TC,13725
1/15/2025,Q1,Q_1_2025,BCI5TC,11625
1/15/2025,Q2,Q_2_2025,BCI5TC,17250
1/15/2025,Q3,Q_3_2025,BCI5TC,21000
1/15/2025,Y0,Q_4_2025,BCI5TC,22121
1/15/2025,Y1,Y_2025,BCI5TC,18000
1/15/2025,Y2,Y_2026,BCI5TC,17975
1/15/2025,Y3,Y_2027,BCI5TC,18275
1/15/2025,M0,Y_2028,BCI5TC,18504
1/16/2025,M1,M_Jan_2025,BCI5TC,10875
1/16/2025,M2,M_Feb_2025,BCI5TC,9175
1/16/2025,M3,M_Mar_2025,BCI5TC,13275
1/16/2025,Q0,M_Apr_2025,BCI5TC,13725
1/16/2025,Q1,Q_1_2025,BCI5TC,11050
1/16/2025,Q2,Q_2_2025,BCI5TC,17025
1/16/2025,Q3,Q_3_2025,BCI5TC,20725
1/16/2025,Y0,Q_4_2025,BCI5TC,21904
1/16/2025,Y1,Y_2025,BCI5TC,17750
1/16/2025,Y2,Y_2026,BCI5TC,17800
1/16/2025,Y3,Y_2027,BCI5TC,18225
1/16/2025,M0,Y_2028,BCI5TC,18504
1/17/2025,M1,M_Jan_2025,BCI5TC,10825
1/17/2025,M2,M_Feb_2025,BCI5TC,9125
1/17/2025,M3,M_Mar_2025,BCI5TC,13100
1/17/2025,Q0,M_Apr_2025,BCI5TC,13725
1/17/2025,Q1,Q_1_2025,BCI5TC,11000
1/17/2025,Q2,Q_2_2025,BCI5TC,16725
1/17/2025,Q3,Q_3_2025,BCI5TC,20550
1/17/2025,Y0,Q_4_2025,BCI5TC,21782
1/17/2025,Y1,Y_2025,BCI5TC,17575
1/17/2025,Y2,Y_2026,BCI5TC,17675
1/17/2025,Y3,Y_2027,BCI5TC,18200
1/17/2025,M0,Y_2028,BCI5TC,18500
1/20/2025,M1,M_Jan_2025,BCI5TC,10800
1/20/2025,M2,M_Feb_2025,BCI5TC,8575
1/20/2025,M3,M_Mar_2025,BCI5TC,12750
1/20/2025,Q0,M_Apr_2025,BCI5TC,13725
1/20/2025,Q1,Q_1_2025,BCI5TC,10725
1/20/2025,Q2,Q_2_2025,BCI5TC,16575
1/20/2025,Q3,Q_3_2025,BCI5TC,20075
1/20/2025,Y0,Q_4_2025,BCI5TC,21421
1/20/2025,Y1,Y_2025,BCI5TC,17200
1/20/2025,Y2,Y_2026,BCI5TC,17375
1/20/2025,Y3,Y_2027,BCI5TC,17904
1/20/2025,M0,Y_2028,BCI5TC,18375
1/21/2025,M1,M_Jan_2025,BCI5TC,10750
1/21/2025,M2,M_Feb_2025,BCI5TC,8825
1/21/2025,M3,M_Mar_2025,BCI5TC,12975
1/21/2025,Q0,M_Apr_2025,BCI5TC,10661
1/21/2025,Q1,Q_1_2025,BCI5TC,10900
1/21/2025,Q2,Q_2_2025,BCI5TC,16675
1/21/2025,Q3,Q_3_2025,BCI5TC,20050
1/21/2025,Y0,Q_4_2025,BCI5TC,21450
1/21/2025,Y1,Y_2025,BCI5TC,17275
1/21/2025,Y2,Y_2026,BCI5TC,17550
1/21/2025,Y3,Y_2027,BCI5TC,17900
1/21/2025,M0,Y_2028,BCI5TC,18382
1/22/2025,M1,M_Jan_2025,BCI5TC,10425
1/22/2025,M2,M_Feb_2025,BCI5TC,8125
1/22/2025,M3,M_Mar_2025,BCI5TC,12125
1/22/2025,Q0,M_Apr_2025,BCI5TC,15000
1/22/2025,Q1,Q_1_2025,BCI5TC,10225
1/22/2025,Q2,Q_2_2025,BCI5TC,16350
1/22/2025,Q3,Q_3_2025,BCI5TC,19800
1/22/2025,Y0,Q_4_2025,BCI5TC,21254
1/22/2025,Y1,Y_2025,BCI5TC,16900
1/22/2025,Y2,Y_2026,BCI5TC,17425
1/22/2025,Y3,Y_2027,BCI5TC,17789
1/22/2025,M0,Y_2028,BCI5TC,18336
1/23/2025,M1,M_Jan_2025,BCI5TC,10250
1/23/2025,M2,M_Feb_2025,BCI5TC,8050
1/23/2025,M3,M_Mar_2025,BCI5TC,11850
1/23/2025,Q0,M_Apr_2025,BCI5TC,14750
1/23/2025,Q1,Q_1_2025,BCI5TC,10075
1/23/2025,Q2,Q_2_2025,BCI5TC,16325
1/23/2025,Q3,Q_3_2025,BCI5TC,19625
1/23/2025,Y0,Q_4_2025,BCI5TC,20929
1/23/2025,Y1,Y_2025,BCI5TC,16737.5
1/23/2025,Y2,Y_2026,BCI5TC,17400
1/23/2025,Y3,Y_2027,BCI5TC,17796
1/23/2025,M0,Y_2028,BCI5TC,18339
1/24/2025,M1,M_Jan_2025,BCI5TC,10250
1/24/2025,M2,M_Feb_2025,BCI5TC,7625
1/24/2025,M3,M_Mar_2025,BCI5TC,11500
1/24/2025,Q0,M_Apr_2025,BCI5TC,14725
1/24/2025,Q1,Q_1_2025,BCI5TC,9787.5
1/24/2025,Q2,Q_2_2025,BCI5TC,16250
1/24/2025,Q3,Q_3_2025,BCI5TC,19275
1/24/2025,Y0,Q_4_2025,BCI5TC,20779
1/24/2025,Y1,Y_2025,BCI5TC,16500
1/24/2025,Y2,Y_2026,BCI5TC,17400
1/24/2025,Y3,Y_2027,BCI5TC,17804
1/24/2025,M0,Y_2028,BCI5TC,18357
1/27/2025,M1,M_Jan_2025,BCI5TC,10350
1/27/2025,M2,M_Feb_2025,BCI5TC,8500
1/27/2025,M3,M_Mar_2025,BCI5TC,12175
1/27/2025,Q0,M_Apr_2025,BCI5TC,15450
1/27/2025,Q1,Q_1_2025,BCI5TC,10337.5
1/27/2025,Q2,Q_2_2025,BCI5TC,16975
1/27/2025,Q3,Q_3_2025,BCI5TC,19875
1/27/2025,Y0,Q_4_2025,BCI5TC,20996
1/27/2025,Y1,Y_2025,BCI5TC,17050
1/27/2025,Y2,Y_2026,BCI5TC,17550
1/27/2025,Y3,Y_2027,BCI5TC,17907
1/27/2025,M0,Y_2028,BCI5TC,18393
1/28/2025,M1,M_Jan_2025,BCI5TC,10350
1/28/2025,M2,M_Feb_2025,BCI5TC,8475
1/28/2025,M3,M_Mar_2025,BCI5TC,12125
1/28/2025,Q0,M_Apr_2025,BCI5TC,15425
1/28/2025,Q1,Q_1_2025,BCI5TC,10312.5
1/28/2025,Q2,Q_2_2025,BCI5TC,16812.5
1/28/2025,Q3,Q_3_2025,BCI5TC,19900
1/28/2025,Y0,Q_4_2025,BCI5TC,20971
1/28/2025,Y1,Y_2025,BCI5TC,17012.5
1/28/2025,Y2,Y_2026,BCI5TC,17575
1/28/2025,Y3,Y_2027,BCI5TC,17982
1/28/2025,M0,Y_2028,BCI5TC,18382
1/29/2025,M1,M_Jan_2025,BCI5TC,10150
1/29/2025,M2,M_Feb_2025,BCI5TC,8000
1/29/2025,M3,M_Mar_2025,BCI5TC,11800
1/29/2025,Q0,M_Apr_2025,BCI5TC,15025
1/29/2025,Q1,Q_1_2025,BCI5TC,10012.5
1/29/2025,Q2,Q_2_2025,BCI5TC,16700
1/29/2025,Q3,Q_3_2025,BCI5TC,19825
1/29/2025,Y0,Q_4_2025,BCI5TC,20854
1/29/2025,Y1,Y_2025,BCI5TC,16850
1/29/2025,Y2,Y_2026,BCI5TC,17575
1/29/2025,Y3,Y_2027,BCI5TC,17957
1/29/2025,M0,Y_2028,BCI5TC,18368
1/30/2025,M1,M_Jan_2025,BCI5TC,10200
1/30/2025,M2,M_Feb_2025,BCI5TC,8700
1/30/2025,M3,M_Mar_2025,BCI5TC,12275
1/30/2025,Q0,M_Apr_2025,BCI5TC,15275
1/30/2025,Q1,Q_1_2025,BCI5TC,10375
1/30/2025,Q2,Q_2_2025,BCI5TC,16925
1/30/2025,Q3,Q_3_2025,BCI5TC,19950
1/30/2025,Y0,Q_4_2025,BCI5TC,21057
1/30/2025,Y1,Y_2025,BCI5TC,17062.5
1/30/2025,Y2,Y_2026,BCI5TC,17725
1/30/2025,Y3,Y_2027,BCI5TC,18129
1/30/2025,M0,Y_2028,BCI5TC,18404
1/31/2025,M1,M_Jan_2025,BCI5TC,9450
1/31/2025,M2,M_Feb_2025,BCI5TC,13325
1/31/2025,M3,M_Mar_2025,BCI5TC,16075
1/31/2025,Q0,M_Apr_2025,BCI5TC,15275
1/31/2025,Q1,Q_1_2025,BCI5TC,10375
1/31/2025,Q2,Q_2_2025,BCI5TC,17375
1/31/2025,Q3,Q_3_2025,BCI5TC,20350
1/31/2025,Y0,Q_4_2025,BCI5TC,21354
1/31/2025,Y1,Y_2025,BCI5TC,17062.5
1/31/2025,Y2,Y_2026,BCI5TC,18075
1/31/2025,Y3,Y_2027,BCI5TC,18371
1/31/2025,M0,Y_2028,BCI5TC,18489
2/3/2025,M1,M_Feb_2025,BCI5TC,8575
2/3/2025,M2,M_Mar_2025,BCI5TC,12575
2/3/2025,M3,M_Apr_2025,BCI5TC,15850
2/3/2025,Q0,M_May_2025,BCI5TC,15275
2/3/2025,Q1,Q_1_2025,BCI5TC,10375
2/3/2025,Q2,Q_2_2025,BCI5TC,17100
2/3/2025,Q3,Q_3_2025,BCI5TC,19925
2/3/2025,Y0,Q_4_2025,BCI5TC,21071
2/3/2025,Y1,Y_2025,BCI5TC,17062.5
2/3/2025,Y2,Y_2026,BCI5TC,17875
2/3/2025,Y3,Y_2027,BCI5TC,18250
2/3/2025,M0,Y_2028,BCI5TC,18418
2/4/2025,M1,M_Feb_2025,BCI5TC,8900
2/4/2025,M2,M_Mar_2025,BCI5TC,13325
2/4/2025,M3,M_Apr_2025,BCI5TC,16600
2/4/2025,Q0,M_May_2025,BCI5TC,15275
2/4/2025,Q1,Q_1_2025,BCI5TC,10375
2/4/2025,Q2,Q_2_2025,BCI5TC,17700
2/4/2025,Q3,Q_3_2025,BCI5TC,20500
2/4/2025,Y0,Q_4_2025,BCI5TC,21300
2/4/2025,Y1,Y_2025,BCI5TC,17062.5
2/4/2025,Y2,Y_2026,BCI5TC,18125
2/4/2025,Y3,Y_2027,BCI5TC,18343
2/4/2025,M0,Y_2028,BCI5TC,18479
2/5/2025,M1,M_Feb_2025,BCI5TC,8950
2/5/2025,M2,M_Mar_2025,BCI5TC,13950
2/5/2025,M3,M_Apr_2025,BCI5TC,16875
2/5/2025,Q0,M_May_2025,BCI5TC,15275
2/5/2025,Q1,Q_1_2025,BCI5TC,10375
2/5/2025,Q2,Q_2_2025,BCI5TC,18325
2/5/2025,Q3,Q_3_2025,BCI5TC,20725
2/5/2025,Y0,Q_4_2025,BCI5TC,21546
2/5/2025,Y1,Y_2025,BCI5TC,17062.5
2/5/2025,Y2,Y_2026,BCI5TC,18400
2/5/2025,Y3,Y_2027,BCI5TC,18464
2/5/2025,M0,Y_2028,BCI5TC,18514
2/6/2025,M1,M_Feb_2025,BCI5TC,8300
2/6/2025,M2,M_Mar_2025,BCI5TC,13425
2/6/2025,M3,M_Apr_2025,BCI5TC,16800
2/6/2025,Q0,M_May_2025,BCI5TC,15275
2/6/2025,Q1,Q_1_2025,BCI5TC,10375
2/6/2025,Q2,Q_2_2025,BCI5TC,17950
2/6/2025,Q3,Q_3_2025,BCI5TC,20375
2/6/2025,Y0,Q_4_2025,BCI5TC,21432
2/6/2025,Y1,Y_2025,BCI5TC,17062.5
2/6/2025,Y2,Y_2026,BCI5TC,18300
2/6/2025,Y3,Y_2027,BCI5TC,18450
2/6/2025,M0,Y_2028,BCI5TC,18471
2/7/2025,M1,M_Feb_2025,BCI5TC,8325
2/7/2025,M2,M_Mar_2025,BCI5TC,13500
2/7/2025,M3,M_Apr_2025,BCI5TC,17025
2/7/2025,Q0,M_May_2025,BCI5TC,15275
2/7/2025,Q1,Q_1_2025,BCI5TC,10375
2/7/2025,Q2,Q_2_2025,BCI5TC,18175
2/7/2025,Q3,Q_3_2025,BCI5TC,20625
2/7/2025,Y0,Q_4_2025,BCI5TC,21450
2/7/2025,Y1,Y_2025,BCI5TC,17062.5
2/7/2025,Y2,Y_2026,BCI5TC,18450
2/7/2025,Y3,Y_2027,BCI5TC,18521
2/7/2025,M0,Y_2028,BCI5TC,18500
2/10/2025,M1,M_Feb_2025,BCI5TC,7950
2/10/2025,M2,M_Mar_2025,BCI5TC,13250
2/10/2025,M3,M_Apr_2025,BCI5TC,17050
2/10/2025,Q0,M_May_2025,BCI5TC,17950
2/10/2025,Q1,Q_1_2025,BCI5TC,10375
2/10/2025,Q2,Q_2_2025,BCI5TC,18175
2/10/2025,Q3,Q_3_2025,BCI5TC,20725
2/10/2025,Y0,Q_4_2025,BCI5TC,21607
2/10/2025,Y1,Y_2025,BCI5TC,17062.5
2/10/2025,Y2,Y_2026,BCI5TC,18625
2/10/2025,Y3,Y_2027,BCI5TC,18664
2/10/2025,M0,Y_2028,BCI5TC,18529
2/11/2025,M1,M_Feb_2025,BCI5TC,7300
2/11/2025,M2,M_Mar_2025,BCI5TC,12300
2/11/2025,M3,M_Apr_2025,BCI5TC,16625
2/11/2025,Q0,M_May_2025,BCI5TC,18675
2/11/2025,Q1,Q_1_2025,BCI5TC,10375
2/11/2025,Q2,Q_2_2025,BCI5TC,17850
2/11/2025,Q3,Q_3_2025,BCI5TC,20625
2/11/2025,Y0,Q_4_2025,BCI5TC,21468
2/11/2025,Y1,Y_2025,BCI5TC,17062.5
2/11/2025,Y2,Y_2026,BCI5TC,18525
2/11/2025,Y3,Y_2027,BCI5TC,18593
2/11/2025,M0,Y_2028,BCI5TC,18500
2/12/2025,M1,M_Feb_2025,BCI5TC,7025
2/12/2025,M2,M_Mar_2025,BCI5TC,11800
2/12/2025,M3,M_Apr_2025,BCI5TC,16025
2/12/2025,Q0,M_May_2025,BCI5TC,17575
2/12/2025,Q1,Q_1_2025,BCI5TC,10375
2/12/2025,Q2,Q_2_2025,BCI5TC,17525
2/12/2025,Q3,Q_3_2025,BCI5TC,20550
2/12/2025,Y0,Q_4_2025,BCI5TC,21475
2/12/2025,Y1,Y_2025,BCI5TC,17062.5
2/12/2025,Y2,Y_2026,BCI5TC,18500
2/12/2025,Y3,Y_2027,BCI5TC,18579
2/12/2025,M0,Y_2028,BCI5TC,18496
2/13/2025,M1,M_Feb_2025,BCI5TC,6800
2/13/2025,M2,M_Mar_2025,BCI5TC,11400
2/13/2025,M3,M_Apr_2025,BCI5TC,16100
2/13/2025,Q0,M_May_2025,BCI5TC,17725
2/13/2025,Q1,Q_1_2025,BCI5TC,10375
2/13/2025,Q2,Q_2_2025,BCI5TC,17750
2/13/2025,Q3,Q_3_2025,BCI5TC,20650
2/13/2025,Y0,Q_4_2025,BCI5TC,21589
2/13/2025,Y1,Y_2025,BCI5TC,17062.5
2/13/2025,Y2,Y_2026,BCI5TC,18700
2/13/2025,Y3,Y_2027,BCI5TC,18689
2/13/2025,M0,Y_2028,BCI5TC,18536
2/14/2025,M1,M_Feb_2025,BCI5TC,6900
2/14/2025,M2,M_Mar_2025,BCI5TC,12000
2/14/2025,M3,M_Apr_2025,BCI5TC,16525
2/14/2025,Q0,M_May_2025,BCI5TC,18150
2/14/2025,Q1,Q_1_2025,BCI5TC,10375
2/14/2025,Q2,Q_2_2025,BCI5TC,18175
2/14/2025,Q3,Q_3_2025,BCI5TC,20850
2/14/2025,Y0,Q_4_2025,BCI5TC,21825
2/14/2025,Y1,Y_2025,BCI5TC,17062.5
2/14/2025,Y2,Y_2026,BCI5TC,18950
2/14/2025,Y3,Y_2027,BCI5TC,18918
2/14/2025,M0,Y_2028,BCI5TC,18636
2/17/2025,M1,M_Feb_2025,BCI5TC,6725
2/17/2025,M2,M_Mar_2025,BCI5TC,11600
2/17/2025,M3,M_Apr_2025,BCI5TC,16500
2/17/2025,Q0,M_May_2025,BCI5TC,18050
2/17/2025,Q1,Q_1_2025,BCI5TC,10375
2/17/2025,Q2,Q_2_2025,BCI5TC,18000
2/17/2025,Q3,Q_3_2025,BCI5TC,21000
2/17/2025,Y0,Q_4_2025,BCI5TC,21857
2/17/2025,Y1,Y_2025,BCI5TC,17062.5
2/17/2025,Y2,Y_2026,BCI5TC,18900
2/17/2025,Y3,Y_2027,BCI5TC,18929
2/17/2025,M0,Y_2028,BCI5TC,18639
2/18/2025,M1,M_Feb_2025,BCI5TC,7250
2/18/2025,M2,M_Mar_2025,BCI5TC,12625
2/18/2025,M3,M_Apr_2025,BCI5TC,17525
2/18/2025,Q0,M_May_2025,BCI5TC,18875
2/18/2025,Q1,Q_1_2025,BCI5TC,10375
2/18/2025,Q2,Q_2_2025,BCI5TC,18900
2/18/2025,Q3,Q_3_2025,BCI5TC,21675
2/18/2025,Y0,Q_4_2025,BCI5TC,22336
2/18/2025,Y1,Y_2025,BCI5TC,17062.5
2/18/2025,Y2,Y_2026,BCI5TC,19300
2/18/2025,Y3,Y_2027,BCI5TC,19243
2/18/2025,M0,Y_2028,BCI5TC,18725
2/19/2025,M1,M_Feb_2025,BCI5TC,7375
2/19/2025,M2,M_Mar_2025,BCI5TC,12800
2/19/2025,M3,M_Apr_2025,BCI5TC,18125
2/19/2025,Q0,M_May_2025,BCI5TC,18900
2/19/2025,Q1,Q_1_2025,BCI5TC,10375
2/19/2025,Q2,Q_2_2025,BCI5TC,18875
2/19/2025,Q3,Q_3_2025,BCI5TC,21575
2/19/2025,Y0,Q_4_2025,BCI5TC,22425
2/19/2025,Y1,Y_2025,BCI5TC,17062.5
2/19/2025,Y2,Y_2026,BCI5TC,19275
2/19/2025,Y3,Y_2027,BCI5TC,19279
2/19/2025,M0,Y_2028,BCI5TC,18739
2/20/2025,M1,M_Feb_2025,BCI5TC,7875
2/20/2025,M2,M_Mar_2025,BCI5TC,14750
2/20/2025,M3,M_Apr_2025,BCI5TC,18825
2/20/2025,Q0,M_May_2025,BCI5TC,19950
2/20/2025,Q1,Q_1_2025,BCI5TC,10375
2/20/2025,Q2,Q_2_2025,BCI5TC,19900
2/20/2025,Q3,Q_3_2025,BCI5TC,22350
2/20/2025,Y0,Q_4_2025,BCI5TC,22875
2/20/2025,Y1,Y_2025,BCI5TC,17062.5
2/20/2025,Y2,Y_2026,BCI5TC,19700
2/20/2025,Y3,Y_2027,BCI5TC,19618
2/20/2025,M0,Y_2028,BCI5TC,18843
2/21/2025,M1,M_Feb_2025,BCI5TC,7750
2/21/2025,M2,M_Mar_2025,BCI5TC,14700
2/21/2025,M3,M_Apr_2025,BCI5TC,18725
2/21/2025,Q0,M_May_2025,BCI5TC,19875
2/21/2025,Q1,Q_1_2025,BCI5TC,10375
2/21/2025,Q2,Q_2_2025,BCI5TC,19875
2/21/2025,Q3,Q_3_2025,BCI5TC,22000
2/21/2025,Y0,Q_4_2025,BCI5TC,22771
2/21/2025,Y1,Y_2025,BCI5TC,17062.5
2/21/2025,Y2,Y_2026,BCI5TC,19825
2/21/2025,Y3,Y_2027,BCI5TC,19682
2/21/2025,M0,Y_2028,BCI5TC,18850
2/24/2025,M1,M_Feb_2025,BCI5TC,7475
2/24/2025,M2,M_Mar_2025,BCI5TC,14325
2/24/2025,M3,M_Apr_2025,BCI5TC,18275
2/24/2025,Q0,M_May_2025,BCI5TC,19525
2/24/2025,Q1,Q_1_2025,BCI5TC,10375
2/24/2025,Q2,Q_2_2025,BCI5TC,19475
2/24/2025,Q3,Q_3_2025,BCI5TC,21675
2/24/2025,Y0,Q_4_2025,BCI5TC,22489
2/24/2025,Y1,Y_2025,BCI5TC,17062.5
2/24/2025,Y2,Y_2026,BCI5TC,19625
2/24/2025,Y3,Y_2027,BCI5TC,19621
2/24/2025,M0,Y_2028,BCI5TC,18843
2/25/2025,M1,M_Feb_2025,BCI5TC,7500
2/25/2025,M2,M_Mar_2025,BCI5TC,16025
2/25/2025,M3,M_Apr_2025,BCI5TC,19475
2/25/2025,Q0,M_May_2025,BCI5TC,20375
2/25/2025,Q1,Q_1_2025,BCI5TC,10375
2/25/2025,Q2,Q_2_2025,BCI5TC,20325
2/25/2025,Q3,Q_3_2025,BCI5TC,22250
2/25/2025,Y0,Q_4_2025,BCI5TC,22882
2/25/2025,Y1,Y_2025,BCI5TC,17062.5
2/25/2025,Y2,Y_2026,BCI5TC,19950
2/25/2025,Y3,Y_2027,BCI5TC,19939
2/25/2025,M0,Y_2028,BCI5TC,19107
2/26/2025,M1,M_Feb_2025,BCI5TC,7625
2/26/2025,M2,M_Mar_2025,BCI5TC,17750
2/26/2025,M3,M_Apr_2025,BCI5TC,20500
2/26/2025,Q0,M_May_2025,BCI5TC,21250
2/26/2025,Q1,Q_1_2025,BCI5TC,10375
2/26/2025,Q2,Q_2_2025,BCI5TC,21250
2/26/2025,Q3,Q_3_2025,BCI5TC,22375
2/26/2025,Y0,Q_4_2025,BCI5TC,22854
2/26/2025,Y1,Y_2025,BCI5TC,17062.5
2/26/2025,Y2,Y_2026,BCI5TC,19975
2/26/2025,Y3,Y_2027,BCI5TC,19904
2/26/2025,M0,Y_2028,BCI5TC,19118
2/27/2025,M1,M_Feb_2025,BCI5TC,7625
2/27/2025,M2,M_Mar_2025,BCI5TC,17275
2/27/2025,M3,M_Apr_2025,BCI5TC,19825
2/27/2025,Q0,M_May_2025,BCI5TC,20700
2/27/2025,Q1,Q_1_2025,BCI5TC,10375
2/27/2025,Q2,Q_2_2025,BCI5TC,20525
2/27/2025,Q3,Q_3_2025,BCI5TC,22050
2/27/2025,Y0,Q_4_2025,BCI5TC,22561
2/27/2025,Y1,Y_2025,BCI5TC,17062.5
2/27/2025,Y2,Y_2026,BCI5TC,19900
2/27/2025,Y3,Y_2027,BCI5TC,19839
2/27/2025,M0,Y_2028,BCI5TC,19064
2/28/2025,M1,M_Feb_2025,BCI5TC,19125
2/28/2025,M2,M_Mar_2025,BCI5TC,21200
2/28/2025,M3,M_Apr_2025,BCI5TC,21375
2/28/2025,Q0,M_May_2025,BCI5TC,21875
2/28/2025,Q1,Q_1_2025,BCI5TC,10375
2/28/2025,Q2,Q_2_2025,BCI5TC,21500
2/28/2025,Q3,Q_3_2025,BCI5TC,22175
2/28/2025,Y0,Q_4_2025,BCI5TC,22679
2/28/2025,Y1,Y_2025,BCI5TC,17062.5
2/28/2025,Y2,Y_2026,BCI5TC,19825
2/28/2025,Y3,Y_2027,BCI5TC,19875
2/28/2025,M0,Y_2028,BCI5TC,19129
3/3/2025,M1,M_Mar_2025,BCI5TC,18700
3/3/2025,M2,M_Apr_2025,BCI5TC,19650
3/3/2025,M3,M_May_2025,BCI5TC,21000
3/3/2025,Q0,M_Jun_2025,BCI5TC,21100
3/3/2025,Q1,Q_1_2025,BCI5TC,10375
3/3/2025,Q2,Q_2_2025,BCI5TC,20600
3/3/2025,Q3,Q_3_2025,BCI5TC,21625
3/3/2025,Y0,Q_4_2025,BCI5TC,22292
3/3/2025,Y1,Y_2025,BCI5TC,17062.5
3/3/2025,Y2,Y_2026,BCI5TC,19575
3/3/2025,Y3,Y_2027,BCI5TC,19721
3/3/2025,M0,Y_2028,BCI5TC,19046
3/4/2025,M1,M_Mar_2025,BCI5TC,17875
3/4/2025,M2,M_Apr_2025,BCI5TC,19375
3/4/2025,M3,M_May_2025,BCI5TC,20725
3/4/2025,Q0,M_Jun_2025,BCI5TC,21125
3/4/2025,Q1,Q_1_2025,BCI5TC,10375
3/4/2025,Q2,Q_2_2025,BCI5TC,20400
3/4/2025,Q3,Q_3_2025,BCI5TC,21575
3/4/2025,Y0,Q_4_2025,BCI5TC,22075
3/4/2025,Y1,Y_2025,BCI5TC,17062.5
3/4/2025,Y2,Y_2026,BCI5TC,19350
3/4/2025,Y3,Y_2027,BCI5TC,19538
3/4/2025,M0,Y_2028,BCI5TC,18971
3/5/2025,M1,M_Mar_2025,BCI5TC,19250
3/5/2025,M2,M_Apr_2025,BCI5TC,20550
3/5/2025,M3,M_May_2025,BCI5TC,21500
3/5/2025,Q0,M_Jun_2025,BCI5TC,21850
3/5/2025,Q1,Q_1_2025,BCI5TC,10375
3/5/2025,Q2,Q_2_2025,BCI5TC,21300
3/5/2025,Q3,Q_3_2025,BCI5TC,21950
3/5/2025,Y0,Q_4_2025,BCI5TC,22379
3/5/2025,Y1,Y_2025,BCI5TC,17062.5
3/5/2025,Y2,Y_2026,BCI5TC,19450
3/5/2025,Y3,Y_2027,BCI5TC,19654
3/5/2025,M0,Y_2028,BCI5TC,19021
3/6/2025,M1,M_Mar_2025,BCI5TC,20000
3/6/2025,M2,M_Apr_2025,BCI5TC,21375
3/6/2025,M3,M_May_2025,BCI5TC,22300
3/6/2025,Q0,M_Jun_2025,BCI5TC,22075
3/6/2025,Q1,Q_1_2025,BCI5TC,10375
3/6/2025,Q2,Q_2_2025,BCI5TC,21916.5
3/6/2025,Q3,Q_3_2025,BCI5TC,22250
3/6/2025,Y0,Q_4_2025,BCI5TC,22563
3/6/2025,Y1,Y_2025,BCI5TC,17062.5
3/6/2025,Y2,Y_2026,BCI5TC,19450
3/6/2025,Y3,Y_2027,BCI5TC,19729
3/6/2025,M0,Y_2028,BCI5TC,19075
3/7/2025,M1,M_Mar_2025,BCI5TC,20375
3/7/2025,M2,M_Apr_2025,BCI5TC,21750
3/7/2025,M3,M_May_2025,BCI5TC,22900
3/7/2025,Q0,M_Jun_2025,BCI5TC,22750
3/7/2025,Q1,Q_1_2025,BCI5TC,10375
3/7/2025,Q2,Q_2_2025,BCI5TC,22300
3/7/2025,Q3,Q_3_2025,BCI5TC,22375
3/7/2025,Y0,Q_4_2025,BCI5TC,22600
3/7/2025,Y1,Y_2025,BCI5TC,17062.5
3/7/2025,Y2,Y_2026,BCI5TC,19650
3/7/2025,Y3,Y_2027,BCI5TC,19833
3/7/2025,M0,Y_2028,BCI5TC,19221
3/10/2025,M1,M_Mar_2025,BCI5TC,20425
3/10/2025,M2,M_Apr_2025,BCI5TC,20925
3/10/2025,M3,M_May_2025,BCI5TC,22625
3/10/2025,Q0,M_Jun_2025,BCI5TC,22500
3/10/2025,Q1,Q_1_2025,BCI5TC,10375
3/10/2025,Q2,Q_2_2025,BCI5TC,22025
3/10/2025,Q3,Q_3_2025,BCI5TC,22300
3/10/2025,Y0,Q_4_2025,BCI5TC,22504
3/10/2025,Y1,Y_2025,BCI5TC,17062.5
3/10/2025,Y2,Y_2026,BCI5TC,19550
3/10/2025,Y3,Y_2027,BCI5TC,19800
3/10/2025,M0,Y_2028,BCI5TC,19246
3/11/2025,M1,M_Mar_2025,BCI5TC,20850
3/11/2025,M2,M_Apr_2025,BCI5TC,21250
3/11/2025,M3,M_May_2025,BCI5TC,22625
3/11/2025,Q0,M_Jun_2025,BCI5TC,22575
3/11/2025,Q1,Q_1_2025,BCI5TC,10375
3/11/2025,Q2,Q_2_2025,BCI5TC,22200
3/11/2025,Q3,Q_3_2025,BCI5TC,22325
3/11/2025,Y0,Q_4_2025,BCI5TC,22608
3/11/2025,Y1,Y_2025,BCI5TC,17062.5
3/11/2025,Y2,Y_2026,BCI5TC,19550
3/11/2025,Y3,Y_2027,BCI5TC,19825
3/11/2025,M0,Y_2028,BCI5TC,19329
3/12/2025,M1,M_Mar_2025,BCI5TC,22125
3/12/2025,M2,M_Apr_2025,BCI5TC,22875
3/12/2025,M3,M_May_2025,BCI5TC,23875
3/12/2025,Q0,M_Jun_2025,BCI5TC,23225
3/12/2025,Q1,Q_1_2025,BCI5TC,10375
3/12/2025,Q2,Q_2_2025,BCI5TC,23175
3/12/2025,Q3,Q_3_2025,BCI5TC,22975
3/12/2025,Y0,Q_4_2025,BCI5TC,23025
3/12/2025,Y1,Y_2025,BCI5TC,17062.5
3/12/2025,Y2,Y_2026,BCI5TC,19650
3/12/2025,Y3,Y_2027,BCI5TC,19996
3/12/2025,M0,Y_2028,BCI5TC,19446
3/13/2025,M1,M_Mar_2025,BCI5TC,21625
3/13/2025,M2,M_Apr_2025,BCI5TC,21625
3/13/2025,M3,M_May_2025,BCI5TC,22450
3/13/2025,Q0,M_Jun_2025,BCI5TC,22250
3/13/2025,Q1,Q_1_2025,BCI5TC,10375
3/13/2025,Q2,Q_2_2025,BCI5TC,22108.5
3/13/2025,Q3,Q_3_2025,BCI5TC,22350
3/13/2025,Y0,Q_4_2025,BCI5TC,22542
3/13/2025,Y1,Y_2025,BCI5TC,17062.5
3/13/2025,Y2,Y_2026,BCI5TC,19450
3/13/2025,Y3,Y_2027,BCI5TC,19804
3/13/2025,M0,Y_2028,BCI5TC,19338
3/14/2025,M1,M_Mar_2025,BCI5TC,21375
3/14/2025,M2,M_Apr_2025,BCI5TC,21375
3/14/2025,M3,M_May_2025,BCI5TC,22750
3/14/2025,Q0,M_Jun_2025,BCI5TC,22750
3/14/2025,Q1,Q_1_2025,BCI5TC,10375
3/14/2025,Q2,Q_2_2025,BCI5TC,22400
3/14/2025,Q3,Q_3_2025,BCI5TC,22400
3/14/2025,Y0,Q_4_2025,BCI5TC,22575
3/14/2025,Y1,Y_2025,BCI5TC,17062.5
3/14/2025,Y2,Y_2026,BCI5TC,19725
3/14/2025,Y3,Y_2027,BCI5TC,19933
3/14/2025,M0,Y_2028,BCI5TC,19371
3/17/2025,M1,M_Mar_2025,BCI5TC,21250
3/17/2025,M2,M_Apr_2025,BCI5TC,21250
3/17/2025,M3,M_May_2025,BCI5TC,22700
3/17/2025,Q0,M_Jun_2025,BCI5TC,22750
3/17/2025,Q1,Q_1_2025,BCI5TC,10375
3/17/2025,Q2,Q_2_2025,BCI5TC,22225
3/17/2025,Q3,Q_3_2025,BCI5TC,22675
3/17/2025,Y0,Q_4_2025,BCI5TC,22700
3/17/2025,Y1,Y_2025,BCI5TC,17062.5
3/17/2025,Y2,Y_2026,BCI5TC,19700
3/17/2025,Y3,Y_2027,BCI5TC,19967
3/17/2025,M0,Y_2028,BCI5TC,19388
3/18/2025,M1,M_Mar_2025,BCI5TC,20875
3/18/2025,M2,M_Apr_2025,BCI5TC,20825
3/18/2025,M3,M_May_2025,BCI5TC,22300
3/18/2025,Q0,M_Jun_2025,BCI5TC,22550
3/18/2025,Q1,Q_1_2025,BCI5TC,10375
3/18/2025,Q2,Q_2_2025,BCI5TC,21875
3/18/2025,Q3,Q_3_2025,BCI5TC,22475
3/18/2025,Y0,Q_4_2025,BCI5TC,22642
3/18/2025,Y1,Y_2025,BCI5TC,17062.5
3/18/2025,Y2,Y_2026,BCI5TC,19700
3/18/2025,Y3,Y_2027,BCI5TC,19963
3/18/2025,M0,Y_2028,BCI5TC,19379
3/19/2025,M1,M_Mar_2025,BCI5TC,20625
3/19/2025,M2,M_Apr_2025,BCI5TC,20525
3/19/2025,M3,M_May_2025,BCI5TC,22025
3/19/2025,Q0,M_Jun_2025,BCI5TC,22525
3/19/2025,Q1,Q_1_2025,BCI5TC,10375
3/19/2025,Q2,Q_2_2025,BCI5TC,21700
3/19/2025,Q3,Q_3_2025,BCI5TC,22375
3/19/2025,Y0,Q_4_2025,BCI5TC,22583
3/19/2025,Y1,Y_2025,BCI5TC,17062.5
3/19/2025,Y2,Y_2026,BCI5TC,19650
3/19/2025,Y3,Y_2027,BCI5TC,19917
3/19/2025,M0,Y_2028,BCI5TC,19371
3/20/2025,M1,M_Mar_2025,BCI5TC,21250
3/20/2025,M2,M_Apr_2025,BCI5TC,21750
3/20/2025,M3,M_May_2025,BCI5TC,22875
3/20/2025,Q0,M_Jun_2025,BCI5TC,22975
3/20/2025,Q1,Q_1_2025,BCI5TC,10375
3/20/2025,Q2,Q_2_2025,BCI5TC,22475
3/20/2025,Q3,Q_3_2025,BCI5TC,22875
3/20/2025,Y0,Q_4_2025,BCI5TC,22992
3/20/2025,Y1,Y_2025,BCI5TC,17062.5
3/20/2025,Y2,Y_2026,BCI5TC,19700
3/20/2025,Y3,Y_2027,BCI5TC,20013
3/20/2025,M0,Y_2028,BCI5TC,19429
3/21/2025,M1,M_Mar_2025,BCI5TC,21375
3/21/2025,M2,M_Apr_2025,BCI5TC,21875
3/21/2025,M3,M_May_2025,BCI5TC,22950
3/21/2025,Q0,M_Jun_2025,BCI5TC,23000
3/21/2025,Q1,Q_1_2025,BCI5TC,10375
3/21/2025,Q2,Q_2_2025,BCI5TC,22625
3/21/2025,Q3,Q_3_2025,BCI5TC,23025
3/21/2025,Y0,Q_4_2025,BCI5TC,23000
3/21/2025,Y1,Y_2025,BCI5TC,17062.5
3/21/2025,Y2,Y_2026,BCI5TC,19875
3/21/2025,Y3,Y_2027,BCI5TC,20029
3/21/2025,M0,Y_2028,BCI5TC,19442
3/24/2025,M1,M_Mar_2025,BCI5TC,21250
3/24/2025,M2,M_Apr_2025,BCI5TC,21400
3/24/2025,M3,M_May_2025,BCI5TC,22350
3/24/2025,Q0,M_Jun_2025,BCI5TC,22750
3/24/2025,Q1,Q_1_2025,BCI5TC,10375
3/24/2025,Q2,Q_2_2025,BCI5TC,22150
3/24/2025,Q3,Q_3_2025,BCI5TC,22900
3/24/2025,Y0,Q_4_2025,BCI5TC,22913
3/24/2025,Y1,Y_2025,BCI5TC,17062.5
3/24/2025,Y2,Y_2026,BCI5TC,19650
3/24/2025,Y3,Y_2027,BCI5TC,19963
3/24/2025,M0,Y_2028,BCI5TC,19388
3/25/2025,M1,M_Mar_2025,BCI5TC,21000
3/25/2025,M2,M_Apr_2025,BCI5TC,20500
3/25/2025,M3,M_May_2025,BCI5TC,22200
3/25/2025,Q0,M_Jun_2025,BCI5TC,22450
3/25/2025,Q1,Q_1_2025,BCI5TC,10375
3/25/2025,Q2,Q_2_2025,BCI5TC,21550
3/25/2025,Q3,Q_3_2025,BCI5TC,22450
3/25/2025,Y0,Q_4_2025,BCI5TC,22717
3/25/2025,Y1,Y_2025,BCI5TC,17062.5
3/25/2025,Y2,Y_2026,BCI5TC,19700
3/25/2025,Y3,Y_2027,BCI5TC,19883
3/25/2025,M0,Y_2028,BCI5TC,19342
3/26/2025,M1,M_Mar_2025,BCI5TC,20875
3/26/2025,M2,M_Apr_2025,BCI5TC,19375
3/26/2025,M3,M_May_2025,BCI5TC,20900
3/26/2025,Q0,M_Jun_2025,BCI5TC,21375
3/26/2025,Q1,Q_1_2025,BCI5TC,10375
3/26/2025,Q2,Q_2_2025,BCI5TC,20550
3/26/2025,Q3,Q_3_2025,BCI5TC,21850
3/26/2025,Y0,Q_4_2025,BCI5TC,22292
3/26/2025,Y1,Y_2025,BCI5TC,17062.5
3/26/2025,Y2,Y_2026,BCI5TC,19450
3/26/2025,Y3,Y_2027,BCI5TC,19742
3/26/2025,M0,Y_2028,BCI5TC,19279
3/27/2025,M1,M_Mar_2025,BCI5TC,20875
3/27/2025,M2,M_Apr_2025,BCI5TC,19350
3/27/2025,M3,M_May_2025,BCI5TC,20900
3/27/2025,Q0,M_Jun_2025,BCI5TC,21575
3/27/2025,Q1,Q_1_2025,BCI5TC,10375
3/27/2025,Q2,Q_2_2025,BCI5TC,20625
3/27/2025,Q3,Q_3_2025,BCI5TC,21700
3/27/2025,Y0,Q_4_2025,BCI5TC,22333
3/27/2025,Y1,Y_2025,BCI5TC,17062.5
3/27/2025,Y2,Y_2026,BCI5TC,19325
3/27/2025,Y3,Y_2027,BCI5TC,19696
3/27/2025,M0,Y_2028,BCI5TC,19388
3/28/2025,M1,M_Mar_2025,BCI5TC,20875
3/28/2025,M2,M_Apr_2025,BCI5TC,19575
3/28/2025,M3,M_May_2025,BCI5TC,21150
3/28/2025,Q0,M_Jun_2025,BCI5TC,21875
3/28/2025,Q1,Q_1_2025,BCI5TC,10375
3/28/2025,Q2,Q_2_2025,BCI5TC,21075
3/28/2025,Q3,Q_3_2025,BCI5TC,22125
3/28/2025,Y0,Q_4_2025,BCI5TC,22400
3/28/2025,Y1,Y_2025,BCI5TC,17062.5
3/28/2025,Y2,Y_2026,BCI5TC,19375
3/28/2025,Y3,Y_2027,BCI5TC,19725
3/28/2025,M0,Y_2028,BCI5TC,19388
3/31/2025,M1,M_Mar_2025,BCI5TC,19625
3/31/2025,M2,M_Apr_2025,BCI5TC,21300
3/31/2025,M3,M_May_2025,BCI5TC,21775
3/31/2025,Q0,M_Jun_2025,BCI5TC,21950
3/31/2025,Q1,Q_1_2025,BCI5TC,20950
3/31/2025,Q2,Q_2_2025,BCI5TC,21850
3/31/2025,Q3,Q_3_2025,BCI5TC,22600
3/31/2025,Y0,Q_4_2025,BCI5TC,12800
3/31/2025,Y1,Y_2025,BCI5TC,17062.5
3/31/2025,Y2,Y_2026,BCI5TC,19200
3/31/2025,Y3,Y_2027,BCI5TC,19738
3/31/2025,M0,Y_2028,BCI5TC,19383
4/1/2025,M1,M_Apr_2025,BCI5TC,19925
4/1/2025,M2,M_May_2025,BCI5TC,21500
4/1/2025,M3,M_Jun_2025,BCI5TC,21925
4/1/2025,Q0,M_Jul_2025,BCI5TC,22125
4/1/2025,Q1,Q_2_2025,BCI5TC,21100
4/1/2025,Q2,Q_3_2025,BCI5TC,21925
4/1/2025,Q3,Q_4_2025,BCI5TC,22575
4/1/2025,Y0,Q_1_2026,BCI5TC,12871
4/1/2025,Y1,Y_2025,BCI5TC,17062.5
4/1/2025,Y2,Y_2026,BCI5TC,19400
4/1/2025,Y3,Y_2027,BCI5TC,19813
4/1/2025,M0,Y_2028,BCI5TC,19454
4/2/2025,M1,M_Apr_2025,BCI5TC,19750
4/2/2025,M2,M_May_2025,BCI5TC,21250
4/2/2025,M3,M_Jun_2025,BCI5TC,21750
4/2/2025,Q0,M_Jul_2025,BCI5TC,21750
4/2/2025,Q1,Q_2_2025,BCI5TC,20925
4/2/2025,Q2,Q_3_2025,BCI5TC,21775
4/2/2025,Q3,Q_4_2025,BCI5TC,22250
4/2/2025,Y0,Q_1_2026,BCI5TC,12904
4/2/2025,Y1,Y_2025,BCI5TC,17062.5
4/2/2025,Y2,Y_2026,BCI5TC,19300
4/2/2025,Y3,Y_2027,BCI5TC,19779
4/2/2025,M0,Y_2028,BCI5TC,19438
4/3/2025,M1,M_Apr_2025,BCI5TC,18925
4/3/2025,M2,M_May_2025,BCI5TC,19925
4/3/2025,M3,M_Jun_2025,BCI5TC,21025
4/3/2025,Q0,M_Jul_2025,BCI5TC,21100
4/3/2025,Q1,Q_2_2025,BCI5TC,19925
4/3/2025,Q2,Q_3_2025,BCI5TC,21100
4/3/2025,Q3,Q_4_2025,BCI5TC,21825
4/3/2025,Y0,Q_1_2026,BCI5TC,12608
4/3/2025,Y1,Y_2025,BCI5TC,17062.5
4/3/2025,Y2,Y_2026,BCI5TC,19075
4/3/2025,Y3,Y_2027,BCI5TC,19513
4/3/2025,M0,Y_2028,BCI5TC,19313
4/4/2025,M1,M_Apr_2025,BCI5TC,17025
4/4/2025,M2,M_May_2025,BCI5TC,18400
4/4/2025,M3,M_Jun_2025,BCI5TC,19250
4/4/2025,Q0,M_Jul_2025,BCI5TC,19750
4/4/2025,Q1,Q_2_2025,BCI5TC,18225
4/4/2025,Q2,Q_3_2025,BCI5TC,19225
4/4/2025,Q3,Q_4_2025,BCI5TC,20450
4/4/2025,Y0,Q_1_2026,BCI5TC,11996
4/4/2025,Y1,Y_2025,BCI5TC,17062.5
4/4/2025,Y2,Y_2026,BCI5TC,18375
4/4/2025,Y3,Y_2027,BCI5TC,18992
4/4/2025,M0,Y_2028,BCI5TC,18979
4/7/2025,M1,M_Apr_2025,BCI5TC,15800
4/7/2025,M2,M_May_2025,BCI5TC,17375
4/7/2025,M3,M_Jun_2025,BCI5TC,18250
4/7/2025,Q0,M_Jul_2025,BCI5TC,18250
4/7/2025,Q1,Q_2_2025,BCI5TC,17150
4/7/2025,Q2,Q_3_2025,BCI5TC,18550
4/7/2025,Q3,Q_4_2025,BCI5TC,19500
4/7/2025,Y0,Q_1_2026,BCI5TC,11563
4/7/2025,Y1,Y_2025,BCI5TC,17062.5
4/7/2025,Y2,Y_2026,BCI5TC,17950
4/7/2025,Y3,Y_2027,BCI5TC,18746
4/7/2025,M0,Y_2028,BCI5TC,18754
4/8/2025,M1,M_Apr_2025,BCI5TC,15500
4/8/2025,M2,M_May_2025,BCI5TC,17375
4/8/2025,M3,M_Jun_2025,BCI5TC,18375
4/8/2025,Q0,M_Jul_2025,BCI5TC,18025
4/8/2025,Q1,Q_2_2025,BCI5TC,17125
4/8/2025,Q2,Q_3_2025,BCI5TC,18175
4/8/2025,Q3,Q_4_2025,BCI5TC,19675
4/8/2025,Y0,Q_1_2026,BCI5TC,11646
4/8/2025,Y1,Y_2025,BCI5TC,17062.5
4/8/2025,Y2,Y_2026,BCI5TC,17675
4/8/2025,Y3,Y_2027,BCI5TC,18713
4/8/2025,M0,Y_2028,BCI5TC,18758
4/9/2025,M1,M_Apr_2025,BCI5TC,15425
4/9/2025,M2,M_May_2025,BCI5TC,16625
4/9/2025,M3,M_Jun_2025,BCI5TC,18000
4/9/2025,Q0,M_Jul_2025,BCI5TC,18000
4/9/2025,Q1,Q_2_2025,BCI5TC,16675
4/9/2025,Q2,Q_3_2025,BCI5TC,17875
4/9/2025,Q3,Q_4_2025,BCI5TC,19500
4/9/2025,Y0,Q_1_2026,BCI5TC,11600
4/9/2025,Y1,Y_2025,BCI5TC,17062.5
4/9/2025,Y2,Y_2026,BCI5TC,17775
4/9/2025,Y3,Y_2027,BCI5TC,18713
4/9/2025,M0,Y_2028,BCI5TC,18738
4/10/2025,M1,M_Apr_2025,BCI5TC,16900
4/10/2025,M2,M_May_2025,BCI5TC,18625
4/10/2025,M3,M_Jun_2025,BCI5TC,19525
4/10/2025,Q0,M_Jul_2025,BCI5TC,19000
4/10/2025,Q1,Q_2_2025,BCI5TC,18237.5
4/10/2025,Q2,Q_3_2025,BCI5TC,19350
4/10/2025,Q3,Q_4_2025,BCI5TC,20500
4/10/2025,Y0,Q_1_2026,BCI5TC,12113
4/10/2025,Y1,Y_2025,BCI5TC,17062.5
4/10/2025,Y2,Y_2026,BCI5TC,18300
4/10/2025,Y3,Y_2027,BCI5TC,19075
4/10/2025,M0,Y_2028,BCI5TC,18908
4/11/2025,M1,M_Apr_2025,BCI5TC,16750
4/11/2025,M2,M_May_2025,BCI5TC,18300
4/11/2025,M3,M_Jun_2025,BCI5TC,19375
4/11/2025,Q0,M_Jul_2025,BCI5TC,19000
4/11/2025,Q1,Q_2_2025,BCI5TC,18125
4/11/2025,Q2,Q_3_2025,BCI5TC,19000
4/11/2025,Q3,Q_4_2025,BCI5TC,20325
4/11/2025,Y0,Q_1_2026,BCI5TC,12013
4/11/2025,Y1,Y_2025,BCI5TC,17062.5
4/11/2025,Y2,Y_2026,BCI5TC,18125
4/11/2025,Y3,Y_2027,BCI5TC,19050
4/11/2025,M0,Y_2028,BCI5TC,18888
4/14/2025,M1,M_Apr_2025,BCI5TC,16675
4/14/2025,M2,M_May_2025,BCI5TC,18900
4/14/2025,M3,M_Jun_2025,BCI5TC,19975
4/14/2025,Q0,M_Jul_2025,BCI5TC,19750
4/14/2025,Q1,Q_2_2025,BCI5TC,18525
4/14/2025,Q2,Q_3_2025,BCI5TC,19600
4/14/2025,Q3,Q_4_2025,BCI5TC,20750
4/14/2025,Y0,Q_1_2026,BCI5TC,12175
4/14/2025,Y1,Y_2025,BCI5TC,17062.5
4/14/2025,Y2,Y_2026,BCI5TC,18375
4/14/2025,Y3,Y_2027,BCI5TC,19238
4/14/2025,M0,Y_2028,BCI5TC,18983
4/15/2025,M1,M_Apr_2025,BCI5TC,16300
4/15/2025,M2,M_May_2025,BCI5TC,18475
4/15/2025,M3,M_Jun_2025,BCI5TC,19700
4/15/2025,Q0,M_Jul_2025,BCI5TC,19750
4/15/2025,Q1,Q_2_2025,BCI5TC,18175
4/15/2025,Q2,Q_3_2025,BCI5TC,19600
4/15/2025,Q3,Q_4_2025,BCI5TC,20600
4/15/2025,Y0,Q_1_2026,BCI5TC,12121
4/15/2025,Y1,Y_2025,BCI5TC,17062.5
4/15/2025,Y2,Y_2026,BCI5TC,18150
4/15/2025,Y3,Y_2027,BCI5TC,19213
4/15/2025,M0,Y_2028,BCI5TC,18950
4/16/2025,M1,M_Apr_2025,BCI5TC,16125
4/16/2025,M2,M_May_2025,BCI5TC,18000
4/16/2025,M3,M_Jun_2025,BCI5TC,19775
4/16/2025,Q0,M_Jul_2025,BCI5TC,19500
4/16/2025,Q1,Q_2_2025,BCI5TC,17975
4/16/2025,Q2,Q_3_2025,BCI5TC,19750
4/16/2025,Q3,Q_4_2025,BCI5TC,20675
4/16/2025,Y0,Q_1_2026,BCI5TC,12133
4/16/2025,Y1,Y_2025,BCI5TC,17062.5
4/16/2025,Y2,Y_2026,BCI5TC,18200
4/16/2025,Y3,Y_2027,BCI5TC,19204
4/16/2025,M0,Y_2028,BCI5TC,18983
4/17/2025,M1,M_Apr_2025,BCI5TC,15950
4/17/2025,M2,M_May_2025,BCI5TC,17925
4/17/2025,M3,M_Jun_2025,BCI5TC,19375
4/17/2025,Q0,M_Jul_2025,BCI5TC,19250
4/17/2025,Q1,Q_2_2025,BCI5TC,17750
4/17/2025,Q2,Q_3_2025,BCI5TC,19575
4/17/2025,Q3,Q_4_2025,BCI5TC,20625
4/17/2025,Y0,Q_1_2026,BCI5TC,12113
4/17/2025,Y1,Y_2025,BCI5TC,17062.5
4/17/2025,Y2,Y_2026,BCI5TC,18075
4/17/2025,Y3,Y_2027,BCI5TC,19175
4/17/2025,M0,Y_2028,BCI5TC,18983
4/18/2025,M1,M_Apr_2025,BCI5TC,15950
4/18/2025,M2,M_May_2025,BCI5TC,17925
4/18/2025,M3,M_Jun_2025,BCI5TC,19375
4/18/2025,Q0,M_Jul_2025,BCI5TC,19250
4/18/2025,Q1,Q_2_2025,BCI5TC,17750
4/18/2025,Q2,Q_3_2025,BCI5TC,19575
4/18/2025,Q3,Q_4_2025,BCI5TC,20625
4/18/2025,Y0,Q_1_2026,BCI5TC,12113
4/18/2025,Y1,Y_2025,BCI5TC,17062.5
4/18/2025,Y2,Y_2026,BCI5TC,18075
4/18/2025,Y3,Y_2027,BCI5TC,19175
4/18/2025,M0,Y_2028,BCI5TC,18983
4/21/2025,M1,M_Apr_2025,BCI5TC,15950
4/21/2025,M2,M_May_2025,BCI5TC,17925
4/21/2025,M3,M_Jun_2025,BCI5TC,19375
4/21/2025,Q0,M_Jul_2025,BCI5TC,19250
4/21/2025,Q1,Q_2_2025,BCI5TC,17750
4/21/2025,Q2,Q_3_2025,BCI5TC,19575
4/21/2025,Q3,Q_4_2025,BCI5TC,20625
4/21/2025,Y0,Q_1_2026,BCI5TC,12113
4/21/2025,Y1,Y_2025,BCI5TC,17062.5
4/21/2025,Y2,Y_2026,BCI5TC,18075
4/21/2025,Y3,Y_2027,BCI5TC,19175
4/21/2025,M0,Y_2028,BCI5TC,18983
4/22/2025,M1,M_Apr_2025,BCI5TC,15675
4/22/2025,M2,M_May_2025,BCI5TC,17350
4/22/2025,M3,M_Jun_2025,BCI5TC,19025
4/22/2025,Q0,M_Jul_2025,BCI5TC,19100
4/22/2025,Q1,Q_2_2025,BCI5TC,17327.5
4/22/2025,Q2,Q_3_2025,BCI5TC,19375
4/22/2025,Q3,Q_4_2025,BCI5TC,20550
4/22/2025,Y0,Q_1_2026,BCI5TC,11975
4/22/2025,Y1,Y_2025,BCI5TC,17062.5
4/22/2025,Y2,Y_2026,BCI5TC,17950
4/22/2025,Y3,Y_2027,BCI5TC,19058
4/22/2025,M0,Y_2028,BCI5TC,18904
4/23/2025,M1,M_Apr_2025,BCI5TC,16000
4/23/2025,M2,M_May_2025,BCI5TC,18550
4/23/2025,M3,M_Jun_2025,BCI5TC,20125
4/23/2025,Q0,M_Jul_2025,BCI5TC,20025
4/23/2025,Q1,Q_2_2025,BCI5TC,18300
4/23/2025,Q2,Q_3_2025,BCI5TC,20225
4/23/2025,Q3,Q_4_2025,BCI5TC,21350
4/23/2025,Y0,Q_1_2026,BCI5TC,12250
4/23/2025,Y1,Y_2025,BCI5TC,17062.5
4/23/2025,Y2,Y_2026,BCI5TC,18250
4/23/2025,Y3,Y_2027,BCI5TC,19279
4/23/2025,M0,Y_2028,BCI5TC,19050
4/24/2025,M1,M_Apr_2025,BCI5TC,16112.5
4/24/2025,M2,M_May_2025,BCI5TC,18900
4/24/2025,M3,M_Jun_2025,BCI5TC,20500
4/24/2025,Q0,M_Jul_2025,BCI5TC,20075
4/24/2025,Q1,Q_2_2025,BCI5TC,18500
4/24/2025,Q2,Q_3_2025,BCI5TC,20275
4/24/2025,Q3,Q_4_2025,BCI5TC,21325
4/24/2025,Y0,Q_1_2026,BCI5TC,12267
4/24/2025,Y1,Y_2025,BCI5TC,17062.5
4/24/2025,Y2,Y_2026,BCI5TC,18275
4/24/2025,Y3,Y_2027,BCI5TC,19250
4/24/2025,M0,Y_2028,BCI5TC,19046
4/25/2025,M1,M_Apr_2025,BCI5TC,16112.5
4/25/2025,M2,M_May_2025,BCI5TC,19450
4/25/2025,M3,M_Jun_2025,BCI5TC,20825
4/25/2025,Q0,M_Jul_2025,BCI5TC,20475
4/25/2025,Q1,Q_2_2025,BCI5TC,18500
4/25/2025,Q2,Q_3_2025,BCI5TC,20500
4/25/2025,Q3,Q_4_2025,BCI5TC,21500
4/25/2025,Y0,Q_1_2026,BCI5TC,12350
4/25/2025,Y1,Y_2025,BCI5TC,17062.5
4/25/2025,Y2,Y_2026,BCI5TC,18375
4/25/2025,Y3,Y_2027,BCI5TC,19325
4/25/2025,M0,Y_2028,BCI5TC,19021
4/28/2025,M1,M_Apr_2025,BCI5TC,16112.5
4/28/2025,M2,M_May_2025,BCI5TC,18875
4/28/2025,M3,M_Jun_2025,BCI5TC,20475
4/28/2025,Q0,M_Jul_2025,BCI5TC,20125
4/28/2025,Q1,Q_2_2025,BCI5TC,18500
4/28/2025,Q2,Q_3_2025,BCI5TC,20300
4/28/2025,Q3,Q_4_2025,BCI5TC,21300
4/28/2025,Y0,Q_1_2026,BCI5TC,12267
4/28/2025,Y1,Y_2025,BCI5TC,17062.5
4/28/2025,Y2,Y_2026,BCI5TC,18225
4/28/2025,Y3,Y_2027,BCI5TC,19296
4/28/2025,M0,Y_2028,BCI5TC,18988
4/29/2025,M1,M_Apr_2025,BCI5TC,16112.5
4/29/2025,M2,M_May_2025,BCI5TC,18325
4/29/2025,M3,M_Jun_2025,BCI5TC,20125
4/29/2025,Q0,M_Jul_2025,BCI5TC,19875
4/29/2025,Q1,Q_2_2025,BCI5TC,18500
4/29/2025,Q2,Q_3_2025,BCI5TC,19950
4/29/2025,Q3,Q_4_2025,BCI5TC,20950
4/29/2025,Y0,Q_1_2026,BCI5TC,12075
4/29/2025,Y1,Y_2025,BCI5TC,17062.5
4/29/2025,Y2,Y_2026,BCI5TC,18025
4/29/2025,Y3,Y_2027,BCI5TC,19200
4/29/2025,M0,Y_2028,BCI5TC,18892
4/30/2025,M1,M_Apr_2025,BCI5TC,18575
4/30/2025,M2,M_May_2025,BCI5TC,20525
4/30/2025,M3,M_Jun_2025,BCI5TC,20125
4/30/2025,Q0,M_Jul_2025,BCI5TC,20225
4/30/2025,Q1,Q_2_2025,BCI5TC,18500
4/30/2025,Q2,Q_3_2025,BCI5TC,20275
4/30/2025,Q3,Q_4_2025,BCI5TC,21275
4/30/2025,Y0,Q_1_2026,BCI5TC,12188
4/30/2025,Y1,Y_2025,BCI5TC,17062.5
4/30/2025,Y2,Y_2026,BCI5TC,18150
4/30/2025,Y3,Y_2027,BCI5TC,19192
4/30/2025,M0,Y_2028,BCI5TC,18992
5/1/2025,M1,M_May_2025,BCI5TC,19125
5/1/2025,M2,M_Jun_2025,BCI5TC,20875
5/1/2025,M3,M_Jul_2025,BCI5TC,20450
5/1/2025,Q0,M_Aug_2025,BCI5TC,20475
5/1/2025,Q1,Q_2_2025,BCI5TC,18500
5/1/2025,Q2,Q_3_2025,BCI5TC,20550
5/1/2025,Q3,Q_4_2025,BCI5TC,21500
5/1/2025,Y0,Q_1_2026,BCI5TC,12325
5/1/2025,Y1,Y_2025,BCI5TC,17062.5
5/1/2025,Y2,Y_2026,BCI5TC,18250
5/1/2025,Y3,Y_2027,BCI5TC,19233
5/1/2025,M0,Y_2028,BCI5TC,19042
5/2/2025,M1,M_May_2025,BCI5TC,19325
5/2/2025,M2,M_Jun_2025,BCI5TC,21225
5/2/2025,M3,M_Jul_2025,BCI5TC,20475
5/2/2025,Q0,M_Aug_2025,BCI5TC,20600
5/2/2025,Q1,Q_2_2025,BCI5TC,18500
5/2/2025,Q2,Q_3_2025,BCI5TC,20600
5/2/2025,Q3,Q_4_2025,BCI5TC,21575
5/2/2025,Y0,Q_1_2026,BCI5TC,12296
5/2/2025,Y1,Y_2025,BCI5TC,17062.5
5/2/2025,Y2,Y_2026,BCI5TC,18250
5/2/2025,Y3,Y_2027,BCI5TC,19204
5/2/2025,M0,Y_2028,BCI5TC,19050
5/5/2025,M1,M_May_2025,BCI5TC,19325
5/5/2025,M2,M_Jun_2025,BCI5TC,21225
5/5/2025,M3,M_Jul_2025,BCI5TC,20475
5/5/2025,Q0,M_Aug_2025,BCI5TC,20600
5/5/2025,Q1,Q_2_2025,BCI5TC,18500
5/5/2025,Q2,Q_3_2025,BCI5TC,20600
5/5/2025,Q3,Q_4_2025,BCI5TC,21575
5/5/2025,Y0,Q_1_2026,BCI5TC,12296
5/5/2025,Y1,Y_2025,BCI5TC,17062.5
5/5/2025,Y2,Y_2026,BCI5TC,18250
5/5/2025,Y3,Y_2027,BCI5TC,19204
5/5/2025,M0,Y_2028,BCI5TC,19050
5/6/2025,M1,M_May_2025,BCI5TC,17925
5/6/2025,M2,M_Jun_2025,BCI5TC,20000
5/6/2025,M3,M_Jul_2025,BCI5TC,19750
5/6/2025,Q0,M_Aug_2025,BCI5TC,19750
5/6/2025,Q1,Q_2_2025,BCI5TC,18500
5/6/2025,Q2,Q_3_2025,BCI5TC,19800
5/6/2025,Q3,Q_4_2025,BCI5TC,20800
5/6/2025,Y0,Q_1_2026,BCI5TC,12079
5/6/2025,Y1,Y_2025,BCI5TC,17062.5
5/6/2025,Y2,Y_2026,BCI5TC,18200
5/6/2025,Y3,Y_2027,BCI5TC,19113
5/6/2025,M0,Y_2028,BCI5TC,18992
5/7/2025,M1,M_May_2025,BCI5TC,16950
5/7/2025,M2,M_Jun_2025,BCI5TC,19050
5/7/2025,M3,M_Jul_2025,BCI5TC,19300
5/7/2025,Q0,M_Aug_2025,BCI5TC,19200
5/7/2025,Q1,Q_2_2025,BCI5TC,18500
5/7/2025,Q2,Q_3_2025,BCI5TC,19425
5/7/2025,Q3,Q_4_2025,BCI5TC,20550
5/7/2025,Y0,Q_1_2026,BCI5TC,12021
5/7/2025,Y1,Y_2025,BCI5TC,17062.5
5/7/2025,Y2,Y_2026,BCI5TC,18000
5/7/2025,Y3,Y_2027,BCI5TC,18975
5/7/2025,M0,Y_2028,BCI5TC,18917
5/8/2025,M1,M_May_2025,BCI5TC,15925
5/8/2025,M2,M_Jun_2025,BCI5TC,18100
5/8/2025,M3,M_Jul_2025,BCI5TC,18825
5/8/2025,Q0,M_Aug_2025,BCI5TC,19025
5/8/2025,Q1,Q_2_2025,BCI5TC,18500
5/8/2025,Q2,Q_3_2025,BCI5TC,19050
5/8/2025,Q3,Q_4_2025,BCI5TC,20225
5/8/2025,Y0,Q_1_2026,BCI5TC,11917
5/8/2025,Y1,Y_2025,BCI5TC,17062.5
5/8/2025,Y2,Y_2026,BCI5TC,17875
5/8/2025,Y3,Y_2027,BCI5TC,18888
5/8/2025,M0,Y_2028,BCI5TC,18817
5/9/2025,M1,M_May_2025,BCI5TC,16000
5/9/2025,M2,M_Jun_2025,BCI5TC,18375
5/9/2025,M3,M_Jul_2025,BCI5TC,19025
5/9/2025,Q0,M_Aug_2025,BCI5TC,19075
5/9/2025,Q1,Q_2_2025,BCI5TC,18500
5/9/2025,Q2,Q_3_2025,BCI5TC,19150
5/9/2025,Q3,Q_4_2025,BCI5TC,20275
5/9/2025,Y0,Q_1_2026,BCI5TC,11883
5/9/2025,Y1,Y_2025,BCI5TC,17062.5
5/9/2025,Y2,Y_2026,BCI5TC,17900
5/9/2025,Y3,Y_2027,BCI5TC,18863
5/9/2025,M0,Y_2028,BCI5TC,18817
5/12/2025,M1,M_May_2025,BCI5TC,16200
5/12/2025,M2,M_Jun_2025,BCI5TC,18725
5/12/2025,M3,M_Jul_2025,BCI5TC,19300
5/12/2025,Q0,M_Aug_2025,BCI5TC,19525
5/12/2025,Q1,Q_2_2025,BCI5TC,18500
5/12/2025,Q2,Q_3_2025,BCI5TC,19625
5/12/2025,Q3,Q_4_2025,BCI5TC,20575
5/12/2025,Y0,Q_1_2026,BCI5TC,12121
5/12/2025,Y1,Y_2025,BCI5TC,17062.5
5/12/2025,Y2,Y_2026,BCI5TC,18050
5/12/2025,Y3,Y_2027,BCI5TC,19000
5/12/2025,M0,Y_2028,BCI5TC,18871
5/13/2025,M1,M_May_2025,BCI5TC,15300
5/13/2025,M2,M_Jun_2025,BCI5TC,17875
5/13/2025,M3,M_Jul_2025,BCI5TC,18625
5/13/2025,Q0,M_Aug_2025,BCI5TC,18825
5/13/2025,Q1,Q_2_2025,BCI5TC,18500
5/13/2025,Q2,Q_3_2025,BCI5TC,19075
5/13/2025,Q3,Q_4_2025,BCI5TC,20425
5/13/2025,Y0,Q_1_2026,BCI5TC,11908
5/13/2025,Y1,Y_2025,BCI5TC,17062.5
5/13/2025,Y2,Y_2026,BCI5TC,17925
5/13/2025,Y3,Y_2027,BCI5TC,18846
5/13/2025,M0,Y_2028,BCI5TC,18771
5/14/2025,M1,M_May_2025,BCI5TC,15550
5/14/2025,M2,M_Jun_2025,BCI5TC,18375
5/14/2025,M3,M_Jul_2025,BCI5TC,18825
5/14/2025,Q0,M_Aug_2025,BCI5TC,19125
5/14/2025,Q1,Q_2_2025,BCI5TC,18500
5/14/2025,Q2,Q_3_2025,BCI5TC,19300
5/14/2025,Q3,Q_4_2025,BCI5TC,20350
5/14/2025,Y0,Q_1_2026,BCI5TC,12058
5/14/2025,Y1,Y_2025,BCI5TC,17062.5
5/14/2025,Y2,Y_2026,BCI5TC,17950
5/14/2025,Y3,Y_2027,BCI5TC,18950
5/14/2025,M0,Y_2028,BCI5TC,18804
5/15/2025,M1,M_May_2025,BCI5TC,16125
5/15/2025,M2,M_Jun_2025,BCI5TC,19100
5/15/2025,M3,M_Jul_2025,BCI5TC,19125
5/15/2025,Q0,M_Aug_2025,BCI5TC,19225
5/15/2025,Q1,Q_2_2025,BCI5TC,18500
5/15/2025,Q2,Q_3_2025,BCI5TC,19375
5/15/2025,Q3,Q_4_2025,BCI5TC,20475
5/15/2025,Y0,Q_1_2026,BCI5TC,12129
5/15/2025,Y1,Y_2025,BCI5TC,17062.5
5/15/2025,Y2,Y_2026,BCI5TC,18025
5/15/2025,Y3,Y_2027,BCI5TC,18979
5/15/2025,M0,Y_2028,BCI5TC,18821
5/16/2025,M1,M_May_2025,BCI5TC,16300
5/16/2025,M2,M_Jun_2025,BCI5TC,18875
5/16/2025,M3,M_Jul_2025,BCI5TC,18825
5/16/2025,Q0,M_Aug_2025,BCI5TC,19000
5/16/2025,Q1,Q_2_2025,BCI5TC,18500
5/16/2025,Q2,Q_3_2025,BCI5TC,19100
5/16/2025,Q3,Q_4_2025,BCI5TC,20200
5/16/2025,Y0,Q_1_2026,BCI5TC,12125
5/16/2025,Y1,Y_2025,BCI5TC,17062.5
5/16/2025,Y2,Y_2026,BCI5TC,18000
5/16/2025,Y3,Y_2027,BCI5TC,18992
5/16/2025,M0,Y_2028,BCI5TC,18806
5/19/2025,M1,M_May_2025,BCI5TC,15300
5/19/2025,M2,M_Jun_2025,BCI5TC,17325
5/19/2025,M3,M_Jul_2025,BCI5TC,17800
5/19/2025,Q0,M_Aug_2025,BCI5TC,18125
5/19/2025,Q1,Q_2_2025,BCI5TC,18500
5/19/2025,Q2,Q_3_2025,BCI5TC,18250
5/19/2025,Q3,Q_4_2025,BCI5TC,19950
5/19/2025,Y0,Q_1_2026,BCI5TC,11808
5/19/2025,Y1,Y_2025,BCI5TC,17062.5
5/19/2025,Y2,Y_2026,BCI5TC,17800
5/19/2025,Y3,Y_2027,BCI5TC,18767
5/19/2025,M0,Y_2028,BCI5TC,18713
5/20/2025,M1,M_May_2025,BCI5TC,15625
5/20/2025,M2,M_Jun_2025,BCI5TC,18000
5/20/2025,M3,M_Jul_2025,BCI5TC,18350
5/20/2025,Q0,M_Aug_2025,BCI5TC,18675
5/20/2025,Q1,Q_2_2025,BCI5TC,18500
5/20/2025,Q2,Q_3_2025,BCI5TC,18825
5/20/2025,Q3,Q_4_2025,BCI5TC,20100
5/20/2025,Y0,Q_1_2026,BCI5TC,11958
5/20/2025,Y1,Y_2025,BCI5TC,17062.5
5/20/2025,Y2,Y_2026,BCI5TC,17875
5/20/2025,Y3,Y_2027,BCI5TC,18896
5/20/2025,M0,Y_2028,BCI5TC,18746
5/21/2025,M1,M_May_2025,BCI5TC,15500
5/21/2025,M2,M_Jun_2025,BCI5TC,17675
5/21/2025,M3,M_Jul_2025,BCI5TC,17900
5/21/2025,Q0,M_Aug_2025,BCI5TC,18350
5/21/2025,Q1,Q_2_2025,BCI5TC,18500
5/21/2025,Q2,Q_3_2025,BCI5TC,18425
5/21/2025,Q3,Q_4_2025,BCI5TC,19800
5/21/2025,Y0,Q_1_2026,BCI5TC,11838
5/21/2025,Y1,Y_2025,BCI5TC,17062.5
5/21/2025,Y2,Y_2026,BCI5TC,17850
5/21/2025,Y3,Y_2027,BCI5TC,18825
5/21/2025,M0,Y_2028,BCI5TC,18721
5/22/2025,M1,M_May_2025,BCI5TC,15625
5/22/2025,M2,M_Jun_2025,BCI5TC,17625
5/22/2025,M3,M_Jul_2025,BCI5TC,17500
5/22/2025,Q0,M_Aug_2025,BCI5TC,18025
5/22/2025,Q1,Q_2_2025,BCI5TC,18500
5/22/2025,Q2,Q_3_2025,BCI5TC,18150
5/22/2025,Q3,Q_4_2025,BCI5TC,19625
5/22/2025,Y0,Q_1_2026,BCI5TC,11733
5/22/2025,Y1,Y_2025,BCI5TC,17062.5
5/22/2025,Y2,Y_2026,BCI5TC,17775
5/22/2025,Y3,Y_2027,BCI5TC,18750
5/22/2025,M0,Y_2028,BCI5TC,18688
5/23/2025,M1,M_May_2025,BCI5TC,15725
5/23/2025,M2,M_Jun_2025,BCI5TC,17725
5/23/2025,M3,M_Jul_2025,BCI5TC,17375
5/23/2025,Q0,M_Aug_2025,BCI5TC,17625
5/23/2025,Q1,Q_2_2025,BCI5TC,18500
5/23/2025,Q2,Q_3_2025,BCI5TC,17825
5/23/2025,Q3,Q_4_2025,BCI5TC,19475
5/23/2025,Y0,Q_1_2026,BCI5TC,11617
5/23/2025,Y1,Y_2025,BCI5TC,17062.5
5/23/2025,Y2,Y_2026,BCI5TC,17700
5/23/2025,Y3,Y_2027,BCI5TC,18704
5/23/2025,M0,Y_2028,BCI5TC,18629
5/26/2025,M1,M_May_2025,BCI5TC,15725
5/26/2025,M2,M_Jun_2025,BCI5TC,17725
5/26/2025,M3,M_Jul_2025,BCI5TC,17375
5/26/2025,Q0,M_Aug_2025,BCI5TC,17625
5/26/2025,Q1,Q_2_2025,BCI5TC,18500
5/26/2025,Q2,Q_3_2025,BCI5TC,17825
5/26/2025,Q3,Q_4_2025,BCI5TC,19475
5/26/2025,Y0,Q_1_2026,BCI5TC,11617
5/26/2025,Y1,Y_2025,BCI5TC,17062.5
5/26/2025,Y2,Y_2026,BCI5TC,17700
5/26/2025,Y3,Y_2027,BCI5TC,18704
5/26/2025,M0,Y_2028,BCI5TC,18629
5/27/2025,M1,M_May_2025,BCI5TC,15375
5/27/2025,M2,M_Jun_2025,BCI5TC,17600
5/27/2025,M3,M_Jul_2025,BCI5TC,17350
5/27/2025,Q0,M_Aug_2025,BCI5TC,17500
5/27/2025,Q1,Q_2_2025,BCI5TC,18500
5/27/2025,Q2,Q_3_2025,BCI5TC,17875
5/27/2025,Q3,Q_4_2025,BCI5TC,19475
5/27/2025,Y0,Q_1_2026,BCI5TC,11783
5/27/2025,Y1,Y_2025,BCI5TC,17062.5
5/27/2025,Y2,Y_2026,BCI5TC,17625
5/27/2025,Y3,Y_2027,BCI5TC,18700
5/27/2025,M0,Y_2028,BCI5TC,18629
5/28/2025,M1,M_May_2025,BCI5TC,15450
5/28/2025,M2,M_Jun_2025,BCI5TC,18525
5/28/2025,M3,M_Jul_2025,BCI5TC,18075
5/28/2025,Q0,M_Aug_2025,BCI5TC,18200
5/28/2025,Q1,Q_2_2025,BCI5TC,18500
5/28/2025,Q2,Q_3_2025,BCI5TC,18375
5/28/2025,Q3,Q_4_2025,BCI5TC,19800
5/28/2025,Y0,Q_1_2026,BCI5TC,12138
5/28/2025,Y1,Y_2025,BCI5TC,17062.5
5/28/2025,Y2,Y_2026,BCI5TC,17875
5/28/2025,Y3,Y_2027,BCI5TC,18800
5/28/2025,M0,Y_2028,BCI5TC,18675
5/29/2025,M1,M_May_2025,BCI5TC,15550
5/29/2025,M2,M_Jun_2025,BCI5TC,18900
5/29/2025,M3,M_Jul_2025,BCI5TC,18100
5/29/2025,Q0,M_Aug_2025,BCI5TC,18175
5/29/2025,Q1,Q_2_2025,BCI5TC,18500
5/29/2025,Q2,Q_3_2025,BCI5TC,18375
5/29/2025,Q3,Q_4_2025,BCI5TC,19675
5/29/2025,Y0,Q_1_2026,BCI5TC,12129
5/29/2025,Y1,Y_2025,BCI5TC,17062.5
5/29/2025,Y2,Y_2026,BCI5TC,17850
5/29/2025,Y3,Y_2027,BCI5TC,18771
5/29/2025,M0,Y_2028,BCI5TC,18658
5/30/2025,M1,M_May_2025,BCI5TC,19200
5/30/2025,M2,M_Jun_2025,BCI5TC,17800
5/30/2025,M3,M_Jul_2025,BCI5TC,17775
5/30/2025,Q0,M_Aug_2025,BCI5TC,18875
5/30/2025,Q1,Q_2_2025,BCI5TC,18500
5/30/2025,Q2,Q_3_2025,BCI5TC,18125
5/30/2025,Q3,Q_4_2025,BCI5TC,19700
5/30/2025,Y0,Q_1_2026,BCI5TC,12046
5/30/2025,Y1,Y_2025,BCI5TC,17062.5
5/30/2025,Y2,Y_2026,BCI5TC,17825
5/30/2025,Y3,Y_2027,BCI5TC,18704
5/30/2025,M0,Y_2028,BCI5TC,18621
6/2/2025,M1,M_Jun_2025,BCI5TC,19050
6/2/2025,M2,M_Jul_2025,BCI5TC,17625
6/2/2025,M3,M_Aug_2025,BCI5TC,17125
6/2/2025,Q0,M_Sep_2025,BCI5TC,18825
6/2/2025,Q1,Q_2_2025,BCI5TC,18500
6/2/2025,Q2,Q_3_2025,BCI5TC,17800
6/2/2025,Q3,Q_4_2025,BCI5TC,19300
6/2/2025,Y0,Q_1_2026,BCI5TC,11967
6/2/2025,Y1,Y_2025,BCI5TC,17062.5
6/2/2025,Y2,Y_2026,BCI5TC,17550
6/2/2025,Y3,Y_2027,BCI5TC,18579
6/2/2025,M0,Y_2028,BCI5TC,18538
6/3/2025,M1,M_Jun_2025,BCI5TC,19250
6/3/2025,M2,M_Jul_2025,BCI5TC,17300
6/3/2025,M3,M_Aug_2025,BCI5TC,16875
6/3/2025,Q0,M_Sep_2025,BCI5TC,18825
6/3/2025,Q1,Q_2_2025,BCI5TC,18500
6/3/2025,Q2,Q_3_2025,BCI5TC,17700
6/3/2025,Q3,Q_4_2025,BCI5TC,19162.5
6/3/2025,Y0,Q_1_2026,BCI5TC,11858
6/3/2025,Y1,Y_2025,BCI5TC,17062.5
6/3/2025,Y2,Y_2026,BCI5TC,17525
6/3/2025,Y3,Y_2027,BCI5TC,18496
6/3/2025,M0,Y_2028,BCI5TC,18442
6/4/2025,M1,M_Jun_2025,BCI5TC,21125
6/4/2025,M2,M_Jul_2025,BCI5TC,18775
6/4/2025,M3,M_Aug_2025,BCI5TC,17675
6/4/2025,Q0,M_Sep_2025,BCI5TC,19225
6/4/2025,Q1,Q_2_2025,BCI5TC,18500
6/4/2025,Q2,Q_3_2025,BCI5TC,18575
6/4/2025,Q3,Q_4_2025,BCI5TC,19550
6/4/2025,Y0,Q_1_2026,BCI5TC,12163
6/4/2025,Y1,Y_2025,BCI5TC,17062.5
6/4/2025,Y2,Y_2026,BCI5TC,17825
6/4/2025,Y3,Y_2027,BCI5TC,18652
6/4/2025,M0,Y_2028,BCI5TC,18508
6/5/2025,M1,M_Jun_2025,BCI5TC,21400
6/5/2025,M2,M_Jul_2025,BCI5TC,18600
6/5/2025,M3,M_Aug_2025,BCI5TC,17325
6/5/2025,Q0,M_Sep_2025,BCI5TC,19400
6/5/2025,Q1,Q_2_2025,BCI5TC,18500
6/5/2025,Q2,Q_3_2025,BCI5TC,18400
6/5/2025,Q3,Q_4_2025,BCI5TC,19600
6/5/2025,Y0,Q_1_2026,BCI5TC,12146
6/5/2025,Y1,Y_2025,BCI5TC,17062.5
6/5/2025,Y2,Y_2026,BCI5TC,17700
6/5/2025,Y3,Y_2027,BCI5TC,18638
6/5/2025,M0,Y_2028,BCI5TC,18533
6/6/2025,M1,M_Jun_2025,BCI5TC,22025
6/6/2025,M2,M_Jul_2025,BCI5TC,18850
6/6/2025,M3,M_Aug_2025,BCI5TC,17350
6/6/2025,Q0,M_Sep_2025,BCI5TC,19250
6/6/2025,Q1,Q_2_2025,BCI5TC,18500
6/6/2025,Q2,Q_3_2025,BCI5TC,18300
6/6/2025,Q3,Q_4_2025,BCI5TC,19500
6/6/2025,Y0,Q_1_2026,BCI5TC,12163
6/6/2025,Y1,Y_2025,BCI5TC,17062.5
6/6/2025,Y2,Y_2026,BCI5TC,17675
6/6/2025,Y3,Y_2027,BCI5TC,18625
6/6/2025,M0,Y_2028,BCI5TC,18538
6/9/2025,M1,M_Jun_2025,BCI5TC,22300
6/9/2025,M2,M_Jul_2025,BCI5TC,18850
6/9/2025,M3,M_Aug_2025,BCI5TC,17375
6/9/2025,Q0,M_Sep_2025,BCI5TC,19100
6/9/2025,Q1,Q_2_2025,BCI5TC,18500
6/9/2025,Q2,Q_3_2025,BCI5TC,18425
6/9/2025,Q3,Q_4_2025,BCI5TC,19250
6/9/2025,Y0,Q_1_2026,BCI5TC,12100
6/9/2025,Y1,Y_2025,BCI5TC,17062.5
6/9/2025,Y2,Y_2026,BCI5TC,17675
6/9/2025,Y3,Y_2027,BCI5TC,18604
6/9/2025,M0,Y_2028,BCI5TC,18542
6/10/2025,M1,M_Jun_2025,BCI5TC,22250
6/10/2025,M2,M_Jul_2025,BCI5TC,18825
6/10/2025,M3,M_Aug_2025,BCI5TC,17325
6/10/2025,Q0,M_Sep_2025,BCI5TC,19125
6/10/2025,Q1,Q_2_2025,BCI5TC,18500
6/10/2025,Q2,Q_3_2025,BCI5TC,18425
6/10/2025,Q3,Q_4_2025,BCI5TC,19325
6/10/2025,Y0,Q_1_2026,BCI5TC,12088
6/10/2025,Y1,Y_2025,BCI5TC,17062.5
6/10/2025,Y2,Y_2026,BCI5TC,17675
6/10/2025,Y3,Y_2027,BCI5TC,18650
6/10/2025,M0,Y_2028,BCI5TC,18558
6/11/2025,M1,M_Jun_2025,BCI5TC,23375
6/11/2025,M2,M_Jul_2025,BCI5TC,19850
6/11/2025,M3,M_Aug_2025,BCI5TC,17500
6/11/2025,Q0,M_Sep_2025,BCI5TC,19250
6/11/2025,Q1,Q_2_2025,BCI5TC,18500
6/11/2025,Q2,Q_3_2025,BCI5TC,18866.5
6/11/2025,Q3,Q_4_2025,BCI5TC,19750
6/11/2025,Y0,Q_1_2026,BCI5TC,12213
6/11/2025,Y1,Y_2025,BCI5TC,17062.5
6/11/2025,Y2,Y_2026,BCI5TC,17725
6/11/2025,Y3,Y_2027,BCI5TC,18700
6/11/2025,M0,Y_2028,BCI5TC,18575
6/12/2025,M1,M_Jun_2025,BCI5TC,23875
6/12/2025,M2,M_Jul_2025,BCI5TC,20000
6/12/2025,M3,M_Aug_2025,BCI5TC,17550
6/12/2025,Q0,M_Sep_2025,BCI5TC,19375
6/12/2025,Q1,Q_2_2025,BCI5TC,18500
6/12/2025,Q2,Q_3_2025,BCI5TC,18950
6/12/2025,Q3,Q_4_2025,BCI5TC,19650
6/12/2025,Y0,Q_1_2026,BCI5TC,12267
6/12/2025,Y1,Y_2025,BCI5TC,17062.5
6/12/2025,Y2,Y_2026,BCI5TC,17775
6/12/2025,Y3,Y_2027,BCI5TC,18738
6/12/2025,M0,Y_2028,BCI5TC,18596
6/13/2025,M1,M_Jun_2025,BCI5TC,24925
6/13/2025,M2,M_Jul_2025,BCI5TC,20675
6/13/2025,M3,M_Aug_2025,BCI5TC,17825
6/13/2025,Q0,M_Sep_2025,BCI5TC,19375
6/13/2025,Q1,Q_2_2025,BCI5TC,18500
6/13/2025,Q2,Q_3_2025,BCI5TC,19291.5
6/13/2025,Q3,Q_4_2025,BCI5TC,19800
6/13/2025,Y0,Q_1_2026,BCI5TC,12425
6/13/2025,Y1,Y_2025,BCI5TC,17062.5
6/13/2025,Y2,Y_2026,BCI5TC,17950
6/13/2025,Y3,Y_2027,BCI5TC,18817
6/13/2025,M0,Y_2028,BCI5TC,18621
6/16/2025,M1,M_Jun_2025,BCI5TC,24500
6/16/2025,M2,M_Jul_2025,BCI5TC,20125
6/16/2025,M3,M_Aug_2025,BCI5TC,17025
6/16/2025,Q0,M_Sep_2025,BCI5TC,19125
6/16/2025,Q1,Q_2_2025,BCI5TC,18500
6/16/2025,Q2,Q_3_2025,BCI5TC,18675
6/16/2025,Q3,Q_4_2025,BCI5TC,19425
6/16/2025,Y0,Q_1_2026,BCI5TC,12250
6/16/2025,Y1,Y_2025,BCI5TC,17062.5
6/16/2025,Y2,Y_2026,BCI5TC,17725
6/16/2025,Y3,Y_2027,BCI5TC,18683
6/16/2025,M0,Y_2028,BCI5TC,18588
6/17/2025,M1,M_Jun_2025,BCI5TC,24650
6/17/2025,M2,M_Jul_2025,BCI5TC,19650
6/17/2025,M3,M_Aug_2025,BCI5TC,17175
6/17/2025,Q0,M_Sep_2025,BCI5TC,19075
6/17/2025,Q1,Q_2_2025,BCI5TC,18500
6/17/2025,Q2,Q_3_2025,BCI5TC,18625
6/17/2025,Q3,Q_4_2025,BCI5TC,19500
6/17/2025,Y0,Q_1_2026,BCI5TC,12288
6/17/2025,Y1,Y_2025,BCI5TC,17062.5
6/17/2025,Y2,Y_2026,BCI5TC,17750
6/17/2025,Y3,Y_2027,BCI5TC,18692
6/17/2025,M0,Y_2028,BCI5TC,18588
6/18/2025,M1,M_Jun_2025,BCI5TC,24675
6/18/2025,M2,M_Jul_2025,BCI5TC,19800
6/18/2025,M3,M_Aug_2025,BCI5TC,17800
6/18/2025,Q0,M_Sep_2025,BCI5TC,19525
6/18/2025,Q1,Q_2_2025,BCI5TC,18500
6/18/2025,Q2,Q_3_2025,BCI5TC,19050
6/18/2025,Q3,Q_4_2025,BCI5TC,19850
6/18/2025,Y0,Q_1_2026,BCI5TC,12275
6/18/2025,Y1,Y_2025,BCI5TC,17062.5
6/18/2025,Y2,Y_2026,BCI5TC,17750
6/18/2025,Y3,Y_2027,BCI5TC,18725
6/18/2025,M0,Y_2028,BCI5TC,18613
6/19/2025,M1,M_Jun_2025,BCI5TC,24325
6/19/2025,M2,M_Jul_2025,BCI5TC,18925
6/19/2025,M3,M_Aug_2025,BCI5TC,17400
6/19/2025,Q0,M_Sep_2025,BCI5TC,18925
6/19/2025,Q1,Q_2_2025,BCI5TC,18500
6/19/2025,Q2,Q_3_2025,BCI5TC,18425
6/19/2025,Q3,Q_4_2025,BCI5TC,19525
6/19/2025,Y0,Q_1_2026,BCI5TC,12196
6/19/2025,Y1,Y_2025,BCI5TC,17062.5
6/19/2025,Y2,Y_2026,BCI5TC,17725
6/19/2025,Y3,Y_2027,BCI5TC,18642
6/19/2025,M0,Y_2028,BCI5TC,18500
6/20/2025,M1,M_Jun_2025,BCI5TC,24200
6/20/2025,M2,M_Jul_2025,BCI5TC,19050
6/20/2025,M3,M_Aug_2025,BCI5TC,17575
6/20/2025,Q0,M_Sep_2025,BCI5TC,19200
6/20/2025,Q1,Q_2_2025,BCI5TC,18500
6/20/2025,Q2,Q_3_2025,BCI5TC,18625
6/20/2025,Q3,Q_4_2025,BCI5TC,19600
6/20/2025,Y0,Q_1_2026,BCI5TC,12313
6/20/2025,Y1,Y_2025,BCI5TC,17062.5
6/20/2025,Y2,Y_2026,BCI5TC,17725
6/20/2025,Y3,Y_2027,BCI5TC,18692
6/20/2025,M0,Y_2028,BCI5TC,18492
6/23/2025,M1,M_Jun_2025,BCI5TC,24750
6/23/2025,M2,M_Jul_2025,BCI5TC,19900
6/23/2025,M3,M_Aug_2025,BCI5TC,18275
6/23/2025,Q0,M_Sep_2025,BCI5TC,19675
6/23/2025,Q1,Q_2_2025,BCI5TC,18500
6/23/2025,Q2,Q_3_2025,BCI5TC,19283.5
6/23/2025,Q3,Q_4_2025,BCI5TC,19875
6/23/2025,Y0,Q_1_2026,BCI5TC,12483
6/23/2025,Y1,Y_2025,BCI5TC,17062.5
6/23/2025,Y2,Y_2026,BCI5TC,17950
6/23/2025,Y3,Y_2027,BCI5TC,18796
6/23/2025,M0,Y_2028,BCI5TC,18546
6/24/2025,M1,M_Jun_2025,BCI5TC,24700
6/24/2025,M2,M_Jul_2025,BCI5TC,19350
6/24/2025,M3,M_Aug_2025,BCI5TC,17875
6/24/2025,Q0,M_Sep_2025,BCI5TC,19375
6/24/2025,Q1,Q_2_2025,BCI5TC,18500
6/24/2025,Q2,Q_3_2025,BCI5TC,18862.5
6/24/2025,Q3,Q_4_2025,BCI5TC,19775
6/24/2025,Y0,Q_1_2026,BCI5TC,12288
6/24/2025,Y1,Y_2025,BCI5TC,17062.5
6/24/2025,Y2,Y_2026,BCI5TC,17875
6/24/2025,Y3,Y_2027,BCI5TC,18717
6/24/2025,M0,Y_2028,BCI5TC,18542
6/25/2025,M1,M_Jun_2025,BCI5TC,24575
6/25/2025,M2,M_Jul_2025,BCI5TC,18825
6/25/2025,M3,M_Aug_2025,BCI5TC,17675
6/25/2025,Q0,M_Sep_2025,BCI5TC,19175
6/25/2025,Q1,Q_2_2025,BCI5TC,18500
6/25/2025,Q2,Q_3_2025,BCI5TC,18625
6/25/2025,Q3,Q_4_2025,BCI5TC,19750
6/25/2025,Y0,Q_1_2026,BCI5TC,12300
6/25/2025,Y1,Y_2025,BCI5TC,17062.5
6/25/2025,Y2,Y_2026,BCI5TC,17750
6/25/2025,Y3,Y_2027,BCI5TC,18658
6/25/2025,M0,Y_2028,BCI5TC,18525
6/26/2025,M1,M_Jun_2025,BCI5TC,24450
6/26/2025,M2,M_Jul_2025,BCI5TC,17312.5
6/26/2025,M3,M_Aug_2025,BCI5TC,17150
6/26/2025,Q0,M_Sep_2025,BCI5TC,19250
6/26/2025,Q1,Q_2_2025,BCI5TC,18500
6/26/2025,Q2,Q_3_2025,BCI5TC,17904
6/26/2025,Q3,Q_4_2025,BCI5TC,19450
6/26/2025,Y0,Q_1_2026,BCI5TC,12163
6/26/2025,Y1,Y_2025,BCI5TC,17062.5
6/26/2025,Y2,Y_2026,BCI5TC,17700
6/26/2025,Y3,Y_2027,BCI5TC,18608
6/26/2025,M0,Y_2028,BCI5TC,18517
6/27/2025,M1,M_Jun_2025,BCI5TC,24450
6/27/2025,M2,M_Jul_2025,BCI5TC,16875
6/27/2025,M3,M_Aug_2025,BCI5TC,16925
6/27/2025,Q0,M_Sep_2025,BCI5TC,19250
6/27/2025,Q1,Q_2_2025,BCI5TC,18500
6/27/2025,Q2,Q_3_2025,BCI5TC,17675
6/27/2025,Q3,Q_4_2025,BCI5TC,19425
6/27/2025,Y0,Q_1_2026,BCI5TC,12188
6/27/2025,Y1,Y_2025,BCI5TC,17062.5
6/27/2025,Y2,Y_2026,BCI5TC,17625
6/27/2025,Y3,Y_2027,BCI5TC,18638
6/27/2025,M0,Y_2028,BCI5TC,18517
6/30/2025,M1,M_Jun_2025,BCI5TC,16375
6/30/2025,M2,M_Jul_2025,BCI5TC,16775
6/30/2025,M3,M_Aug_2025,BCI5TC,19125
6/30/2025,Q0,M_Sep_2025,BCI5TC,20000
6/30/2025,Q1,Q_2_2025,BCI5TC,17450
6/30/2025,Q2,Q_3_2025,BCI5TC,19475
6/30/2025,Q3,Q_4_2025,BCI5TC,12375
6/30/2025,Y0,Q_1_2026,BCI5TC,17146
6/30/2025,Y1,Y_2025,BCI5TC,17062.5
6/30/2025,Y2,Y_2026,BCI5TC,17675
6/30/2025,Y3,Y_2027,BCI5TC,18617
6/30/2025,M0,Y_2028,BCI5TC,18517
7/1/2025,M1,M_Jul_2025,BCI5TC,16100
7/1/2025,M2,M_Aug_2025,BCI5TC,16900
7/1/2025,M3,M_Sep_2025,BCI5TC,19225
7/1/2025,Q0,M_Oct_2025,BCI5TC,19750
7/1/2025,Q1,Q_3_2025,BCI5TC,17400
7/1/2025,Q2,Q_4_2025,BCI5TC,19575
7/1/2025,Q3,Q_1_2026,BCI5TC,12475
7/1/2025,Y0,Q_2_2026,BCI5TC,17350
7/1/2025,Y1,Y_2025,BCI5TC,17062.5
7/1/2025,Y2,Y_2026,BCI5TC,17850
7/1/2025,Y3,Y_2027,BCI5TC,18721
7/1/2025,M0,Y_2028,BCI5TC,18542
7/2/2025,M1,M_Jul_2025,BCI5TC,16325
7/2/2025,M2,M_Aug_2025,BCI5TC,17400
7/2/2025,M3,M_Sep_2025,BCI5TC,19450
7/2/2025,Q0,M_Oct_2025,BCI5TC,20625
7/2/2025,Q1,Q_3_2025,BCI5TC,17737.5
7/2/2025,Q2,Q_4_2025,BCI5TC,19825
7/2/2025,Q3,Q_1_2026,BCI5TC,12750
7/2/2025,Y0,Q_2_2026,BCI5TC,17483
7/2/2025,Y1,Y_2025,BCI5TC,17062.5
7/2/2025,Y2,Y_2026,BCI5TC,18050
7/2/2025,Y3,Y_2027,BCI5TC,18871
7/2/2025,M0,Y_2028,BCI5TC,18608
7/3/2025,M1,M_Jul_2025,BCI5TC,16275
7/3/2025,M2,M_Aug_2025,BCI5TC,17800
7/3/2025,M3,M_Sep_2025,BCI5TC,19850
7/3/2025,Q0,M_Oct_2025,BCI5TC,20850
7/3/2025,Q1,Q_3_2025,BCI5TC,17975
7/3/2025,Q2,Q_4_2025,BCI5TC,20175
7/3/2025,Q3,Q_1_2026,BCI5TC,12675
7/3/2025,Y0,Q_2_2026,BCI5TC,17596
7/3/2025,Y1,Y_2025,BCI5TC,17062.5
7/3/2025,Y2,Y_2026,BCI5TC,18175
7/3/2025,Y3,Y_2027,BCI5TC,18917
7/3/2025,M0,Y_2028,BCI5TC,18613
7/4/2025,M1,M_Jul_2025,BCI5TC,16125
7/4/2025,M2,M_Aug_2025,BCI5TC,17900
7/4/2025,M3,M_Sep_2025,BCI5TC,19975
7/4/2025,Q0,M_Oct_2025,BCI5TC,21050
7/4/2025,Q1,Q_3_2025,BCI5TC,18000
7/4/2025,Q2,Q_4_2025,BCI5TC,20325
7/4/2025,Q3,Q_1_2026,BCI5TC,12775
7/4/2025,Y0,Q_2_2026,BCI5TC,17613
7/4/2025,Y1,Y_2025,BCI5TC,17062.5
7/4/2025,Y2,Y_2026,BCI5TC,18275
7/4/2025,Y3,Y_2027,BCI5TC,18817
7/4/2025,M0,Y_2028,BCI5TC,18667
7/7/2025,M1,M_Jul_2025,BCI5TC,16175
7/7/2025,M2,M_Aug_2025,BCI5TC,18075
7/7/2025,M3,M_Sep_2025,BCI5TC,20325
7/7/2025,Q0,M_Oct_2025,BCI5TC,21025
7/7/2025,Q1,Q_3_2025,BCI5TC,18187.5
7/7/2025,Q2,Q_4_2025,BCI5TC,20375
7/7/2025,Q3,Q_1_2026,BCI5TC,12875
7/7/2025,Y0,Q_2_2026,BCI5TC,17725
7/7/2025,Y1,Y_2025,BCI5TC,17062.5
7/7/2025,Y2,Y_2026,BCI5TC,18425
7/7/2025,Y3,Y_2027,BCI5TC,18996
7/7/2025,M0,Y_2028,BCI5TC,18679
7/8/2025,M1,M_Jul_2025,BCI5TC,15800
7/8/2025,M2,M_Aug_2025,BCI5TC,18000
7/8/2025,M3,M_Sep_2025,BCI5TC,19950
7/8/2025,Q0,M_Oct_2025,BCI5TC,21575
7/8/2025,Q1,Q_3_2025,BCI5TC,17912.5
7/8/2025,Q2,Q_4_2025,BCI5TC,20400
7/8/2025,Q3,Q_1_2026,BCI5TC,12750
7/8/2025,Y0,Q_2_2026,BCI5TC,17746
7/8/2025,Y1,Y_2025,BCI5TC,17062.5
7/8/2025,Y2,Y_2026,BCI5TC,18350
7/8/2025,Y3,Y_2027,BCI5TC,19021
7/8/2025,M0,Y_2028,BCI5TC,18679
7/9/2025,M1,M_Jul_2025,BCI5TC,15725
7/9/2025,M2,M_Aug_2025,BCI5TC,18275
7/9/2025,M3,M_Sep_2025,BCI5TC,20550
7/9/2025,Q0,M_Oct_2025,BCI5TC,21550
7/9/2025,Q1,Q_3_2025,BCI5TC,18175
7/9/2025,Q2,Q_4_2025,BCI5TC,20700
7/9/2025,Q3,Q_1_2026,BCI5TC,13075
7/9/2025,Y0,Q_2_2026,BCI5TC,17942
7/9/2025,Y1,Y_2025,BCI5TC,17062.5
7/9/2025,Y2,Y_2026,BCI5TC,18575
7/9/2025,Y3,Y_2027,BCI5TC,19108
7/9/2025,M0,Y_2028,BCI5TC,18708
7/10/2025,M1,M_Jul_2025,BCI5TC,17125
7/10/2025,M2,M_Aug_2025,BCI5TC,20200
7/10/2025,M3,M_Sep_2025,BCI5TC,21900
7/10/2025,Q0,M_Oct_2025,BCI5TC,22100
7/10/2025,Q1,Q_3_2025,BCI5TC,19741.5
7/10/2025,Q2,Q_4_2025,BCI5TC,21950
7/10/2025,Q3,Q_1_2026,BCI5TC,14100
7/10/2025,Y0,Q_2_2026,BCI5TC,18800
7/10/2025,Y1,Y_2025,BCI5TC,17062.5
7/10/2025,Y2,Y_2026,BCI5TC,19500
7/10/2025,Y3,Y_2027,BCI5TC,19333
7/10/2025,M0,Y_2028,BCI5TC,18900
7/11/2025,M1,M_Jul_2025,BCI5TC,18125
7/11/2025,M2,M_Aug_2025,BCI5TC,21375
7/11/2025,M3,M_Sep_2025,BCI5TC,22500
7/11/2025,Q0,M_Oct_2025,BCI5TC,23050
7/11/2025,Q1,Q_3_2025,BCI5TC,20650
7/11/2025,Q2,Q_4_2025,BCI5TC,22175
7/11/2025,Q3,Q_1_2026,BCI5TC,14350
7/11/2025,Y0,Q_2_2026,BCI5TC,19163
7/11/2025,Y1,Y_2025,BCI5TC,17062.5
7/11/2025,Y2,Y_2026,BCI5TC,19675
7/11/2025,Y3,Y_2027,BCI5TC,19567
7/11/2025,M0,Y_2028,BCI5TC,18996
7/14/2025,M1,M_Jul_2025,BCI5TC,18375
7/14/2025,M2,M_Aug_2025,BCI5TC,21550
7/14/2025,M3,M_Sep_2025,BCI5TC,23025
7/14/2025,Q0,M_Oct_2025,BCI5TC,23875
7/14/2025,Q1,Q_3_2025,BCI5TC,21000
7/14/2025,Q2,Q_4_2025,BCI5TC,22675
7/14/2025,Q3,Q_1_2026,BCI5TC,14275
7/14/2025,Y0,Q_2_2026,BCI5TC,19088
7/14/2025,Y1,Y_2025,BCI5TC,17062.5
7/14/2025,Y2,Y_2026,BCI5TC,19625
7/14/2025,Y3,Y_2027,BCI5TC,19550
7/14/2025,M0,Y_2028,BCI5TC,18963
7/15/2025,M1,M_Jul_2025,BCI5TC,18650
7/15/2025,M2,M_Aug_2025,BCI5TC,21025
7/15/2025,M3,M_Sep_2025,BCI5TC,22425
7/15/2025,Q0,M_Oct_2025,BCI5TC,23500
7/15/2025,Q1,Q_3_2025,BCI5TC,20700
7/15/2025,Q2,Q_4_2025,BCI5TC,22275
7/15/2025,Q3,Q_1_2026,BCI5TC,14125
7/15/2025,Y0,Q_2_2026,BCI5TC,18958
7/15/2025,Y1,Y_2025,BCI5TC,17062.5
7/15/2025,Y2,Y_2026,BCI5TC,19425
7/15/2025,Y3,Y_2027,BCI5TC,19446
7/15/2025,M0,Y_2028,BCI5TC,18942
7/16/2025,M1,M_Jul_2025,BCI5TC,20750
7/16/2025,M2,M_Aug_2025,BCI5TC,23875
7/16/2025,M3,M_Sep_2025,BCI5TC,24750
7/16/2025,Q0,M_Oct_2025,BCI5TC,23875
7/16/2025,Q1,Q_3_2025,BCI5TC,23167
7/16/2025,Q2,Q_4_2025,BCI5TC,23250
7/16/2025,Q3,Q_1_2026,BCI5TC,14550
7/16/2025,Y0,Q_2_2026,BCI5TC,19333
7/16/2025,Y1,Y_2025,BCI5TC,17062.5
7/16/2025,Y2,Y_2026,BCI5TC,19900
7/16/2025,Y3,Y_2027,BCI5TC,19646
7/16/2025,M0,Y_2028,BCI5TC,19038
7/17/2025,M1,M_Jul_2025,BCI5TC,21750
7/17/2025,M2,M_Aug_2025,BCI5TC,24700
7/17/2025,M3,M_Sep_2025,BCI5TC,24800
7/17/2025,Q0,M_Oct_2025,BCI5TC,25000
7/17/2025,Q1,Q_3_2025,BCI5TC,23750
7/17/2025,Q2,Q_4_2025,BCI5TC,23700
7/17/2025,Q3,Q_1_2026,BCI5TC,14625
7/17/2025,Y0,Q_2_2026,BCI5TC,19508
7/17/2025,Y1,Y_2025,BCI5TC,17062.5
7/17/2025,Y2,Y_2026,BCI5TC,20200
7/17/2025,Y3,Y_2027,BCI5TC,19754
7/17/2025,M0,Y_2028,BCI5TC,19108
7/18/2025,M1,M_Jul_2025,BCI5TC,21125
7/18/2025,M2,M_Aug_2025,BCI5TC,23875
7/18/2025,M3,M_Sep_2025,BCI5TC,24250
7/18/2025,Q0,M_Oct_2025,BCI5TC,24500
7/18/2025,Q1,Q_3_2025,BCI5TC,23125
7/18/2025,Q2,Q_4_2025,BCI5TC,23325
7/18/2025,Q3,Q_1_2026,BCI5TC,14525
7/18/2025,Y0,Q_2_2026,BCI5TC,19329
7/18/2025,Y1,Y_2025,BCI5TC,17062.5
7/18/2025,Y2,Y_2026,BCI5TC,19775
7/18/2025,Y3,Y_2027,BCI5TC,19613
7/18/2025,M0,Y_2028,BCI5TC,19033
7/21/2025,M1,M_Jul_2025,BCI5TC,20850
7/21/2025,M2,M_Aug_2025,BCI5TC,23425
7/21/2025,M3,M_Sep_2025,BCI5TC,24300
7/21/2025,Q0,M_Oct_2025,BCI5TC,24700
7/21/2025,Q1,Q_3_2025,BCI5TC,22858
7/21/2025,Q2,Q_4_2025,BCI5TC,23500
7/21/2025,Q3,Q_1_2026,BCI5TC,14575
7/21/2025,Y0,Q_2_2026,BCI5TC,19350
7/21/2025,Y1,Y_2025,BCI5TC,17062.5
7/21/2025,Y2,Y_2026,BCI5TC,19850
7/21/2025,Y3,Y_2027,BCI5TC,19638
7/21/2025,M0,Y_2028,BCI5TC,19021
7/22/2025,M1,M_Jul_2025,BCI5TC,21625
7/22/2025,M2,M_Aug_2025,BCI5TC,25575
7/22/2025,M3,M_Sep_2025,BCI5TC,25675
7/22/2025,Q0,M_Oct_2025,BCI5TC,25750
7/22/2025,Q1,Q_3_2025,BCI5TC,24292
7/22/2025,Q2,Q_4_2025,BCI5TC,24400
7/22/2025,Q3,Q_1_2026,BCI5TC,15112.5
7/22/2025,Y0,Q_2_2026,BCI5TC,19767
7/22/2025,Y1,Y_2025,BCI5TC,17062.5
7/22/2025,Y2,Y_2026,BCI5TC,20300
7/22/2025,Y3,Y_2027,BCI5TC,19854
7/22/2025,M0,Y_2028,BCI5TC,19129
7/23/2025,M1,M_Jul_2025,BCI5TC,21750
7/23/2025,M2,M_Aug_2025,BCI5TC,25375
7/23/2025,M3,M_Sep_2025,BCI5TC,25125
7/23/2025,Q0,M_Oct_2025,BCI5TC,24875
7/23/2025,Q1,Q_3_2025,BCI5TC,24083.5
7/23/2025,Q2,Q_4_2025,BCI5TC,23700
7/23/2025,Q3,Q_1_2026,BCI5TC,14875
7/23/2025,Y0,Q_2_2026,BCI5TC,19488
7/23/2025,Y1,Y_2025,BCI5TC,17062.5
7/23/2025,Y2,Y_2026,BCI5TC,20000
7/23/2025,Y3,Y_2027,BCI5TC,19713
7/23/2025,M0,Y_2028,BCI5TC,19088
7/24/2025,M1,M_Jul_2025,BCI5TC,22250
7/24/2025,M2,M_Aug_2025,BCI5TC,25050
7/24/2025,M3,M_Sep_2025,BCI5TC,24450
7/24/2025,Q0,M_Oct_2025,BCI5TC,24375
7/24/2025,Q1,Q_3_2025,BCI5TC,23917
7/24/2025,Q2,Q_4_2025,BCI5TC,23450
7/24/2025,Q3,Q_1_2026,BCI5TC,14875
7/24/2025,Y0,Q_2_2026,BCI5TC,19371
7/24/2025,Y1,Y_2025,BCI5TC,17062.5
7/24/2025,Y2,Y_2026,BCI5TC,19900
7/24/2025,Y3,Y_2027,BCI5TC,19667
7/24/2025,M0,Y_2028,BCI5TC,19038
7/25/2025,M1,M_Jul_2025,BCI5TC,22250
7/25/2025,M2,M_Aug_2025,BCI5TC,25050
7/25/2025,M3,M_Sep_2025,BCI5TC,24450
7/25/2025,Q0,M_Oct_2025,BCI5TC,24375
7/25/2025,Q1,Q_3_2025,BCI5TC,23917
7/25/2025,Q2,Q_4_2025,BCI5TC,23450
7/25/2025,Q3,Q_1_2026,BCI5TC,14875
7/25/2025,Y0,Q_2_2026,BCI5TC,19254
7/25/2025,Y1,Y_2025,BCI5TC,17062.5
7/25/2025,Y2,Y_2026,BCI5TC,19900
7/25/2025,Y3,Y_2027,BCI5TC,19613
7/25/2025,M0,Y_2028,BCI5TC,19017
7/28/2025,M1,M_Jul_2025,BCI5TC,22050
7/28/2025,M2,M_Aug_2025,BCI5TC,24200
7/28/2025,M3,M_Sep_2025,BCI5TC,24200
7/28/2025,Q0,M_Oct_2025,BCI5TC,24750
7/28/2025,Q1,Q_3_2025,BCI5TC,23475
7/28/2025,Q2,Q_4_2025,BCI5TC,23450
7/28/2025,Q3,Q_1_2026,BCI5TC,14575
7/28/2025,Y0,Q_2_2026,BCI5TC,19229
7/28/2025,Y1,Y_2025,BCI5TC,17062.5
7/28/2025,Y2,Y_2026,BCI5TC,19825
7/28/2025,Y3,Y_2027,BCI5TC,19633
7/28/2025,M0,Y_2028,BCI5TC,19042
7/29/2025,M1,M_Jul_2025,BCI5TC,21750
7/29/2025,M2,M_Aug_2025,BCI5TC,22375
7/29/2025,M3,M_Sep_2025,BCI5TC,23625
7/29/2025,Q0,M_Oct_2025,BCI5TC,24300
7/29/2025,Q1,Q_3_2025,BCI5TC,22566.5
7/29/2025,Q2,Q_4_2025,BCI5TC,23250
7/29/2025,Q3,Q_1_2026,BCI5TC,14500
7/29/2025,Y0,Q_2_2026,BCI5TC,18992
7/29/2025,Y1,Y_2025,BCI5TC,17062.5
7/29/2025,Y2,Y_2026,BCI5TC,19675
7/29/2025,Y3,Y_2027,BCI5TC,19538
7/29/2025,M0,Y_2028,BCI5TC,19008
7/30/2025,M1,M_Jul_2025,BCI5TC,21750
7/30/2025,M2,M_Aug_2025,BCI5TC,22475
7/30/2025,M3,M_Sep_2025,BCI5TC,24250
7/30/2025,Q0,M_Oct_2025,BCI5TC,24875
7/30/2025,Q1,Q_3_2025,BCI5TC,22858.5
7/30/2025,Q2,Q_4_2025,BCI5TC,23850
7/30/2025,Q3,Q_1_2026,BCI5TC,14625
7/30/2025,Y0,Q_2_2026,BCI5TC,19242
7/30/2025,Y1,Y_2025,BCI5TC,17062.5
7/30/2025,Y2,Y_2026,BCI5TC,19900
7/30/2025,Y3,Y_2027,BCI5TC,19758
7/30/2025,M0,Y_2028,BCI5TC,19063
7/31/2025,M1,M_Jul_2025,BCI5TC,23875
7/31/2025,M2,M_Aug_2025,BCI5TC,25150
7/31/2025,M3,M_Sep_2025,BCI5TC,25450
7/31/2025,Q0,M_Oct_2025,BCI5TC,24875
7/31/2025,Q1,Q_3_2025,BCI5TC,23550
7/31/2025,Q2,Q_4_2025,BCI5TC,24250
7/31/2025,Q3,Q_1_2026,BCI5TC,14875
7/31/2025,Y0,Q_2_2026,BCI5TC,19492
7/31/2025,Y1,Y_2025,BCI5TC,17062.5
7/31/2025,Y2,Y_2026,BCI5TC,20100
7/31/2025,Y3,Y_2027,BCI5TC,19954
7/31/2025,M0,Y_2028,BCI5TC,19129
8/1/2025,M1,M_Aug_2025,BCI5TC,24350
8/1/2025,M2,M_Sep_2025,BCI5TC,25200
8/1/2025,M3,M_Oct_2025,BCI5TC,25750
8/1/2025,Q0,M_Nov_2025,BCI5TC,24625
8/1/2025,Q1,Q_3_2025,BCI5TC,23550
8/1/2025,Q2,Q_4_2025,BCI5TC,24250
8/1/2025,Q3,Q_1_2026,BCI5TC,14875
8/1/2025,Y0,Q_2_2026,BCI5TC,19550
8/1/2025,Y1,Y_2025,BCI5TC,17062.5
8/1/2025,Y2,Y_2026,BCI5TC,20200
8/1/2025,Y3,Y_2027,BCI5TC,19992
8/1/2025,M0,Y_2028,BCI5TC,19138
8/4/2025,M1,M_Aug_2025,BCI5TC,24350
8/4/2025,M2,M_Sep_2025,BCI5TC,25200
8/4/2025,M3,M_Oct_2025,BCI5TC,25750
8/4/2025,Q0,M_Nov_2025,BCI5TC,24625
8/4/2025,Q1,Q_3_2025,BCI5TC,23550
8/4/2025,Q2,Q_4_2025,BCI5TC,24250
8/4/2025,Q3,Q_1_2026,BCI5TC,14875
8/4/2025,Y0,Q_2_2026,BCI5TC,19417
8/4/2025,Y1,Y_2025,BCI5TC,17062.5
8/4/2025,Y2,Y_2026,BCI5TC,20200
8/4/2025,Y3,Y_2027,BCI5TC,19863
8/4/2025,M0,Y_2028,BCI5TC,19075
8/5/2025,M1,M_Aug_2025,BCI5TC,24625
8/5/2025,M2,M_Sep_2025,BCI5TC,25775
8/5/2025,M3,M_Oct_2025,BCI5TC,26100
8/5/2025,Q0,M_Nov_2025,BCI5TC,25050
8/5/2025,Q1,Q_3_2025,BCI5TC,23550
8/5/2025,Q2,Q_4_2025,BCI5TC,24750
8/5/2025,Q3,Q_1_2026,BCI5TC,15375
8/5/2025,Y0,Q_2_2026,BCI5TC,19788
8/5/2025,Y1,Y_2025,BCI5TC,17062.5
8/5/2025,Y2,Y_2026,BCI5TC,20375
8/5/2025,Y3,Y_2027,BCI5TC,20117
8/5/2025,M0,Y_2028,BCI5TC,19158
8/6/2025,M1,M_Aug_2025,BCI5TC,24925
8/6/2025,M2,M_Sep_2025,BCI5TC,25750
8/6/2025,M3,M_Oct_2025,BCI5TC,26325
8/6/2025,Q0,M_Nov_2025,BCI5TC,25250
8/6/2025,Q1,Q_3_2025,BCI5TC,23550
8/6/2025,Q2,Q_4_2025,BCI5TC,24925
8/6/2025,Q3,Q_1_2026,BCI5TC,15475
8/6/2025,Y0,Q_2_2026,BCI5TC,19800
8/6/2025,Y1,Y_2025,BCI5TC,17062.5
8/6/2025,Y2,Y_2026,BCI5TC,20500
8/6/2025,Y3,Y_2027,BCI5TC,20117
8/6/2025,M0,Y_2028,BCI5TC,19150
8/7/2025,M1,M_Aug_2025,BCI5TC,25875
8/7/2025,M2,M_Sep_2025,BCI5TC,26375
8/7/2025,M3,M_Oct_2025,BCI5TC,27000
8/7/2025,Q0,M_Nov_2025,BCI5TC,25625
8/7/2025,Q1,Q_3_2025,BCI5TC,23550
8/7/2025,Q2,Q_4_2025,BCI5TC,25375
8/7/2025,Q3,Q_1_2026,BCI5TC,15500
8/7/2025,Y0,Q_2_2026,BCI5TC,19867
8/7/2025,Y1,Y_2025,BCI5TC,17062.5
8/7/2025,Y2,Y_2026,BCI5TC,20425
8/7/2025,Y3,Y_2027,BCI5TC,20204
8/7/2025,M0,Y_2028,BCI5TC,19163
8/8/2025,M1,M_Aug_2025,BCI5TC,26525
8/8/2025,M2,M_Sep_2025,BCI5TC,27250
8/8/2025,M3,M_Oct_2025,BCI5TC,27500
8/8/2025,Q0,M_Nov_2025,BCI5TC,26250
8/8/2025,Q1,Q_3_2025,BCI5TC,23550
8/8/2025,Q2,Q_4_2025,BCI5TC,25900
8/8/2025,Q3,Q_1_2026,BCI5TC,15625
8/8/2025,Y0,Q_2_2026,BCI5TC,19988
8/8/2025,Y1,Y_2025,BCI5TC,17062.5
8/8/2025,Y2,Y_2026,BCI5TC,20625
8/8/2025,Y3,Y_2027,BCI5TC,20275
8/8/2025,M0,Y_2028,BCI5TC,19258
8/11/2025,M1,M_Aug_2025,BCI5TC,26375
8/11/2025,M2,M_Sep_2025,BCI5TC,26625
8/11/2025,M3,M_Oct_2025,BCI5TC,27125
8/11/2025,Q0,M_Nov_2025,BCI5TC,26000
8/11/2025,Q1,Q_3_2025,BCI5TC,23550
8/11/2025,Q2,Q_4_2025,BCI5TC,25625
8/11/2025,Q3,Q_1_2026,BCI5TC,15525
8/11/2025,Y0,Q_2_2026,BCI5TC,19763
8/11/2025,Y1,Y_2025,BCI5TC,17062.5
8/11/2025,Y2,Y_2026,BCI5TC,20425
8/11/2025,Y3,Y_2027,BCI5TC,20175
8/11/2025,M0,Y_2028,BCI5TC,19150
8/12/2025,M1,M_Aug_2025,BCI5TC,26875
8/12/2025,M2,M_Sep_2025,BCI5TC,27375
8/12/2025,M3,M_Oct_2025,BCI5TC,27625
8/12/2025,Q0,M_Nov_2025,BCI5TC,26375
8/12/2025,Q1,Q_3_2025,BCI5TC,23550
8/12/2025,Q2,Q_4_2025,BCI5TC,26225
8/12/2025,Q3,Q_1_2026,BCI5TC,15800
8/12/2025,Y0,Q_2_2026,BCI5TC,20083
8/12/2025,Y1,Y_2025,BCI5TC,17062.5
8/12/2025,Y2,Y_2026,BCI5TC,20775
8/12/2025,Y3,Y_2027,BCI5TC,20354
8/12/2025,M0,Y_2028,BCI5TC,19196
8/13/2025,M1,M_Aug_2025,BCI5TC,27625
8/13/2025,M2,M_Sep_2025,BCI5TC,28500
8/13/2025,M3,M_Oct_2025,BCI5TC,28650
8/13/2025,Q0,M_Nov_2025,BCI5TC,26875
8/13/2025,Q1,Q_3_2025,BCI5TC,23550
8/13/2025,Q2,Q_4_2025,BCI5TC,26787.5
8/13/2025,Q3,Q_1_2026,BCI5TC,16125
8/13/2025,Y0,Q_2_2026,BCI5TC,20275
8/13/2025,Y1,Y_2025,BCI5TC,17062.5
8/13/2025,Y2,Y_2026,BCI5TC,20825
8/13/2025,Y3,Y_2027,BCI5TC,20400
8/13/2025,M0,Y_2028,BCI5TC,19275
8/14/2025,M1,M_Aug_2025,BCI5TC,27375
8/14/2025,M2,M_Sep_2025,BCI5TC,28600
8/14/2025,M3,M_Oct_2025,BCI5TC,28900
8/14/2025,Q0,M_Nov_2025,BCI5TC,27075
8/14/2025,Q1,Q_3_2025,BCI5TC,23550
8/14/2025,Q2,Q_4_2025,BCI5TC,27025
8/14/2025,Q3,Q_1_2026,BCI5TC,16150
8/14/2025,Y0,Q_2_2026,BCI5TC,20354
8/14/2025,Y1,Y_2025,BCI5TC,17062.5
8/14/2025,Y2,Y_2026,BCI5TC,20950
8/14/2025,Y3,Y_2027,BCI5TC,20442
8/14/2025,M0,Y_2028,BCI5TC,19292
8/15/2025,M1,M_Aug_2025,BCI5TC,26875
8/15/2025,M2,M_Sep_2025,BCI5TC,27375
8/15/2025,M3,M_Oct_2025,BCI5TC,27625
8/15/2025,Q0,M_Nov_2025,BCI5TC,26500
8/15/2025,Q1,Q_3_2025,BCI5TC,23550
8/15/2025,Q2,Q_4_2025,BCI5TC,26200
8/15/2025,Q3,Q_1_2026,BCI5TC,15950
8/15/2025,Y0,Q_2_2026,BCI5TC,20079
8/15/2025,Y1,Y_2025,BCI5TC,17062.5
8/15/2025,Y2,Y_2026,BCI5TC,20700
8/15/2025,Y3,Y_2027,BCI5TC,20321
8/15/2025,M0,Y_2028,BCI5TC,19233
8/18/2025,M1,M_Aug_2025,BCI5TC,26425
8/18/2025,M2,M_Sep_2025,BCI5TC,27025
8/18/2025,M3,M_Oct_2025,BCI5TC,27925
8/18/2025,Q0,M_Nov_2025,BCI5TC,26375
8/18/2025,Q1,Q_3_2025,BCI5TC,23550
8/18/2025,Q2,Q_4_2025,BCI5TC,26150
8/18/2025,Q3,Q_1_2026,BCI5TC,15925
8/18/2025,Y0,Q_2_2026,BCI5TC,20071
8/18/2025,Y1,Y_2025,BCI5TC,17062.5
8/18/2025,Y2,Y_2026,BCI5TC,20775
8/18/2025,Y3,Y_2027,BCI5TC,20313
8/18/2025,M0,Y_2028,BCI5TC,19217
8/19/2025,M1,M_Aug_2025,BCI5TC,25625
8/19/2025,M2,M_Sep_2025,BCI5TC,25725
8/19/2025,M3,M_Oct_2025,BCI5TC,26925
8/19/2025,Q0,M_Nov_2025,BCI5TC,25650
8/19/2025,Q1,Q_3_2025,BCI5TC,23550
8/19/2025,Q2,Q_4_2025,BCI5TC,25400
8/19/2025,Q3,Q_1_2026,BCI5TC,15800
8/19/2025,Y0,Q_2_2026,BCI5TC,19800
8/19/2025,Y1,Y_2025,BCI5TC,17062.5
8/19/2025,Y2,Y_2026,BCI5TC,20500
8/19/2025,Y3,Y_2027,BCI5TC,20213
8/19/2025,M0,Y_2028,BCI5TC,19183
8/20/2025,M1,M_Aug_2025,BCI5TC,25500
8/20/2025,M2,M_Sep_2025,BCI5TC,25875
8/20/2025,M3,M_Oct_2025,BCI5TC,27250
8/20/2025,Q0,M_Nov_2025,BCI5TC,25875
8/20/2025,Q1,Q_3_2025,BCI5TC,23550
8/20/2025,Q2,Q_4_2025,BCI5TC,25625
8/20/2025,Q3,Q_1_2026,BCI5TC,16000
8/20/2025,Y0,Q_2_2026,BCI5TC,20104
8/20/2025,Y1,Y_2025,BCI5TC,17062.5
8/20/2025,Y2,Y_2026,BCI5TC,20725
8/20/2025,Y3,Y_2027,BCI5TC,20383
8/20/2025,M0,Y_2028,BCI5TC,19233
8/21/2025,M1,M_Aug_2025,BCI5TC,25475
8/21/2025,M2,M_Sep_2025,BCI5TC,26300
8/21/2025,M3,M_Oct_2025,BCI5TC,27625
8/21/2025,Q0,M_Nov_2025,BCI5TC,26100
8/21/2025,Q1,Q_3_2025,BCI5TC,23550
8/21/2025,Q2,Q_4_2025,BCI5TC,25950
8/21/2025,Q3,Q_1_2026,BCI5TC,16025
8/21/2025,Y0,Q_2_2026,BCI5TC,20192
8/21/2025,Y1,Y_2025,BCI5TC,17062.5
8/21/2025,Y2,Y_2026,BCI5TC,20800
8/21/2025,Y3,Y_2027,BCI5TC,20479
8/21/2025,M0,Y_2028,BCI5TC,19283
8/22/2025,M1,M_Aug_2025,BCI5TC,25750
8/22/2025,M2,M_Sep_2025,BCI5TC,28300
8/22/2025,M3,M_Oct_2025,BCI5TC,29325
8/22/2025,Q0,M_Nov_2025,BCI5TC,27250
8/22/2025,Q1,Q_3_2025,BCI5TC,23550
8/22/2025,Q2,Q_4_2025,BCI5TC,27175
8/22/2025,Q3,Q_1_2026,BCI5TC,16625
8/22/2025,Y0,Q_2_2026,BCI5TC,20508
8/22/2025,Y1,Y_2025,BCI5TC,17062.5
8/22/2025,Y2,Y_2026,BCI5TC,21350
8/22/2025,Y3,Y_2027,BCI5TC,20746
8/22/2025,M0,Y_2028,BCI5TC,19513
8/25/2025,M1,M_Aug_2025,BCI5TC,25750
8/25/2025,M2,M_Sep_2025,BCI5TC,28300
8/25/2025,M3,M_Oct_2025,BCI5TC,29325
8/25/2025,Q0,M_Nov_2025,BCI5TC,27250
8/25/2025,Q1,Q_3_2025,BCI5TC,23550
8/25/2025,Q2,Q_4_2025,BCI5TC,27175
8/25/2025,Q3,Q_1_2026,BCI5TC,16625
8/25/2025,Y0,Q_2_2026,BCI5TC,20508
8/25/2025,Y1,Y_2025,BCI5TC,17062.5
8/25/2025,Y2,Y_2026,BCI5TC,21350
8/25/2025,Y3,Y_2027,BCI5TC,20746
8/25/2025,M0,Y_2028,BCI5TC,19513
8/26/2025,M1,M_Aug_2025,BCI5TC,26100
8/26/2025,M2,M_Sep_2025,BCI5TC,28850
8/26/2025,M3,M_Oct_2025,BCI5TC,29175
8/26/2025,Q0,M_Nov_2025,BCI5TC,27250
8/26/2025,Q1,Q_3_2025,BCI5TC,23550
8/26/2025,Q2,Q_4_2025,BCI5TC,27050
8/26/2025,Q3,Q_1_2026,BCI5TC,16600
8/26/2025,Y0,Q_2_2026,BCI5TC,20733
8/26/2025,Y1,Y_2025,BCI5TC,17062.5
8/26/2025,Y2,Y_2026,BCI5TC,21400
8/26/2025,Y3,Y_2027,BCI5TC,20796
8/26/2025,M0,Y_2028,BCI5TC,19533
8/27/2025,M1,M_Aug_2025,BCI5TC,25750
8/27/2025,M2,M_Sep_2025,BCI5TC,27375
8/27/2025,M3,M_Oct_2025,BCI5TC,28400
8/27/2025,Q0,M_Nov_2025,BCI5TC,26450
8/27/2025,Q1,Q_3_2025,BCI5TC,23550
8/27/2025,Q2,Q_4_2025,BCI5TC,26300
8/27/2025,Q3,Q_1_2026,BCI5TC,16375
8/27/2025,Y0,Q_2_2026,BCI5TC,20567
8/27/2025,Y1,Y_2025,BCI5TC,17062.5
8/27/2025,Y2,Y_2026,BCI5TC,21325
8/27/2025,Y3,Y_2027,BCI5TC,20621
8/27/2025,M0,Y_2028,BCI5TC,19425
8/28/2025,M1,M_Aug_2025,BCI5TC,25875
8/28/2025,M2,M_Sep_2025,BCI5TC,27575
8/28/2025,M3,M_Oct_2025,BCI5TC,28875
8/28/2025,Q0,M_Nov_2025,BCI5TC,26500
8/28/2025,Q1,Q_3_2025,BCI5TC,23550
8/28/2025,Q2,Q_4_2025,BCI5TC,26625
8/28/2025,Q3,Q_1_2026,BCI5TC,16600
8/28/2025,Y0,Q_2_2026,BCI5TC,20908
8/28/2025,Y1,Y_2025,BCI5TC,17062.5
8/28/2025,Y2,Y_2026,BCI5TC,21600
8/28/2025,Y3,Y_2027,BCI5TC,20796
8/28/2025,M0,Y_2028,BCI5TC,19488
8/29/2025,M1,M_Aug_2025,BCI5TC,27500
8/29/2025,M2,M_Sep_2025,BCI5TC,28875
8/29/2025,M3,M_Oct_2025,BCI5TC,26500
8/29/2025,Q0,M_Nov_2025,BCI5TC,25000
8/29/2025,Q1,Q_3_2025,BCI5TC,23550
8/29/2025,Q2,Q_4_2025,BCI5TC,26250
8/29/2025,Q3,Q_1_2026,BCI5TC,16425
8/29/2025,Y0,Q_2_2026,BCI5TC,20892
8/29/2025,Y1,Y_2025,BCI5TC,17062.5
8/29/2025,Y2,Y_2026,BCI5TC,21500
8/29/2025,Y3,Y_2027,BCI5TC,20775
8/29/2025,M0,Y_2028,BCI5TC,19483
9/1/2025,M1,M_Sep_2025,BCI5TC,26375
9/1/2025,M2,M_Oct_2025,BCI5TC,27925
9/1/2025,M3,M_Nov_2025,BCI5TC,26025
9/1/2025,Q0,M_Dec_2025,BCI5TC,23875
9/1/2025,Q1,Q_3_2025,BCI5TC,23550
9/1/2025,Q2,Q_4_2025,BCI5TC,25941.5
9/1/2025,Q3,Q_1_2026,BCI5TC,16325
9/1/2025,Y0,Q_2_2026,BCI5TC,20700
9/1/2025,Y1,Y_2025,BCI5TC,17062.5
9/1/2025,Y2,Y_2026,BCI5TC,21450
9/1/2025,Y3,Y_2027,BCI5TC,20650
9/1/2025,M0,Y_2028,BCI5TC,19438
9/2/2025,M1,M_Sep_2025,BCI5TC,25875
9/2/2025,M2,M_Oct_2025,BCI5TC,27825
9/2/2025,M3,M_Nov_2025,BCI5TC,25875
9/2/2025,Q0,M_Dec_2025,BCI5TC,23550
9/2/2025,Q1,Q_3_2025,BCI5TC,23550
9/2/2025,Q2,Q_4_2025,BCI5TC,25825
9/2/2025,Q3,Q_1_2026,BCI5TC,16175
9/2/2025,Y0,Q_2_2026,BCI5TC,20638
9/2/2025,Y1,Y_2025,BCI5TC,17062.5
9/2/2025,Y2,Y_2026,BCI5TC,21250
9/2/2025,Y3,Y_2027,BCI5TC,20663
9/2/2025,M0,Y_2028,BCI5TC,19446
9/3/2025,M1,M_Sep_2025,BCI5TC,26025
9/3/2025,M2,M_Oct_2025,BCI5TC,28175
9/3/2025,M3,M_Nov_2025,BCI5TC,26000
9/3/2025,Q0,M_Dec_2025,BCI5TC,24000
9/3/2025,Q1,Q_3_2025,BCI5TC,23550
9/3/2025,Q2,Q_4_2025,BCI5TC,25925
9/3/2025,Q3,Q_1_2026,BCI5TC,16400
9/3/2025,Y0,Q_2_2026,BCI5TC,20767
9/3/2025,Y1,Y_2025,BCI5TC,17062.5
9/3/2025,Y2,Y_2026,BCI5TC,21325
9/3/2025,Y3,Y_2027,BCI5TC,20738
9/3/2025,M0,Y_2028,BCI5TC,19496
9/4/2025,M1,M_Sep_2025,BCI5TC,26025
9/4/2025,M2,M_Oct_2025,BCI5TC,28175
9/4/2025,M3,M_Nov_2025,BCI5TC,26000
9/4/2025,Q0,M_Dec_2025,BCI5TC,24000
9/4/2025,Q1,Q_3_2025,BCI5TC,23550
9/4/2025,Q2,Q_4_2025,BCI5TC,25925
9/4/2025,Q3,Q_1_2026,BCI5TC,16400
9/4/2025,Y0,Q_2_2026,BCI5TC,20838
9/4/2025,Y1,Y_2025,BCI5TC,17062.5
9/4/2025,Y2,Y_2026,BCI5TC,21325
9/4/2025,Y3,Y_2027,BCI5TC,20804
9/4/2025,M0,Y_2028,BCI5TC,19521
9/5/2025,M1,M_Sep_2025,BCI5TC,25675
9/5/2025,M2,M_Oct_2025,BCI5TC,27525
9/5/2025,M3,M_Nov_2025,BCI5TC,25875
9/5/2025,Q0,M_Dec_2025,BCI5TC,23950
9/5/2025,Q1,Q_3_2025,BCI5TC,23550
9/5/2025,Q2,Q_4_2025,BCI5TC,25900
9/5/2025,Q3,Q_1_2026,BCI5TC,16475
9/5/2025,Y0,Q_2_2026,BCI5TC,20817
9/5/2025,Y1,Y_2025,BCI5TC,17062.5
9/5/2025,Y2,Y_2026,BCI5TC,21425
9/5/2025,Y3,Y_2027,BCI5TC,20817
9/5/2025,M0,Y_2028,BCI5TC,19525
9/8/2025,M1,M_Sep_2025,BCI5TC,26450
9/8/2025,M2,M_Oct_2025,BCI5TC,28475
9/8/2025,M3,M_Nov_2025,BCI5TC,26325
9/8/2025,Q0,M_Dec_2025,BCI5TC,24175
9/8/2025,Q1,Q_3_2025,BCI5TC,23550
9/8/2025,Q2,Q_4_2025,BCI5TC,26325
9/8/2025,Q3,Q_1_2026,BCI5TC,16750
9/8/2025,Y0,Q_2_2026,BCI5TC,21146
9/8/2025,Y1,Y_2025,BCI5TC,17062.5
9/8/2025,Y2,Y_2026,BCI5TC,21875
9/8/2025,Y3,Y_2027,BCI5TC,21004
9/8/2025,M0,Y_2028,BCI5TC,19629
9/9/2025,M1,M_Sep_2025,BCI5TC,26375
9/9/2025,M2,M_Oct_2025,BCI5TC,28625
9/9/2025,M3,M_Nov_2025,BCI5TC,26700
9/9/2025,Q0,M_Dec_2025,BCI5TC,24475
9/9/2025,Q1,Q_3_2025,BCI5TC,23550
9/9/2025,Q2,Q_4_2025,BCI5TC,26600
9/9/2025,Q3,Q_1_2026,BCI5TC,16775
9/9/2025,Y0,Q_2_2026,BCI5TC,21371
9/9/2025,Y1,Y_2025,BCI5TC,17062.5
9/9/2025,Y2,Y_2026,BCI5TC,21925
9/9/2025,Y3,Y_2027,BCI5TC,20989
9/9/2025,M0,Y_2028,BCI5TC,19646
9/10/2025,M1,M_Sep_2025,BCI5TC,26250
9/10/2025,M2,M_Oct_2025,BCI5TC,28400
9/10/2025,M3,M_Nov_2025,BCI5TC,26450
9/10/2025,Q0,M_Dec_2025,BCI5TC,24075
9/10/2025,Q1,Q_3_2025,BCI5TC,23550
9/10/2025,Q2,Q_4_2025,BCI5TC,26225
9/10/2025,Q3,Q_1_2026,BCI5TC,16625
9/10/2025,Y0,Q_2_2026,BCI5TC,21329
9/10/2025,Y1,Y_2025,BCI5TC,17062.5
9/10/2025,Y2,Y_2026,BCI5TC,21825
9/10/2025,Y3,Y_2027,BCI5TC,20957
9/10/2025,M0,Y_2028,BCI5TC,19646
9/11/2025,M1,M_Sep_2025,BCI5TC,25750
9/11/2025,M2,M_Oct_2025,BCI5TC,27950
9/11/2025,M3,M_Nov_2025,BCI5TC,25925
9/11/2025,Q0,M_Dec_2025,BCI5TC,24000
9/11/2025,Q1,Q_3_2025,BCI5TC,23550
9/11/2025,Q2,Q_4_2025,BCI5TC,25975
9/11/2025,Q3,Q_1_2026,BCI5TC,16450
9/11/2025,Y0,Q_2_2026,BCI5TC,21125
9/11/2025,Y1,Y_2025,BCI5TC,17062.5
9/11/2025,Y2,Y_2026,BCI5TC,21825
9/11/2025,Y3,Y_2027,BCI5TC,20864
9/11/2025,M0,Y_2028,BCI5TC,19629
9/12/2025,M1,M_Sep_2025,BCI5TC,26250
9/12/2025,M2,M_Oct_2025,BCI5TC,28550
9/12/2025,M3,M_Nov_2025,BCI5TC,26600
9/12/2025,Q0,M_Dec_2025,BCI5TC,24425
9/12/2025,Q1,Q_3_2025,BCI5TC,23550
9/12/2025,Q2,Q_4_2025,BCI5TC,26550
9/12/2025,Q3,Q_1_2026,BCI5TC,16775
9/12/2025,Y0,Q_2_2026,BCI5TC,21439
9/12/2025,Y1,Y_2025,BCI5TC,17062.5
9/12/2025,Y2,Y_2026,BCI5TC,21975
9/12/2025,Y3,Y_2027,BCI5TC,21018
9/12/2025,M0,Y_2028,BCI5TC,19682
9/15/2025,M1,M_Sep_2025,BCI5TC,26375
9/15/2025,M2,M_Oct_2025,BCI5TC,28550
9/15/2025,M3,M_Nov_2025,BCI5TC,26525
9/15/2025,Q0,M_Dec_2025,BCI5TC,24125
9/15/2025,Q1,Q_3_2025,BCI5TC,23550
9/15/2025,Q2,Q_4_2025,BCI5TC,26450
9/15/2025,Q3,Q_1_2026,BCI5TC,16550
9/15/2025,Y0,Q_2_2026,BCI5TC,21471
9/15/2025,Y1,Y_2025,BCI5TC,17062.5
9/15/2025,Y2,Y_2026,BCI5TC,22050
9/15/2025,Y3,Y_2027,BCI5TC,21025
9/15/2025,M0,Y_2028,BCI5TC,19686
9/16/2025,M1,M_Sep_2025,BCI5TC,26050
9/16/2025,M2,M_Oct_2025,BCI5TC,28875
9/16/2025,M3,M_Nov_2025,BCI5TC,26625
9/16/2025,Q0,M_Dec_2025,BCI5TC,24425
9/16/2025,Q1,Q_3_2025,BCI5TC,23550
9/16/2025,Q2,Q_4_2025,BCI5TC,26650
9/16/2025,Q3,Q_1_2026,BCI5TC,16800
9/16/2025,Y0,Q_2_2026,BCI5TC,21471
9/16/2025,Y1,Y_2025,BCI5TC,17062.5
9/16/2025,Y2,Y_2026,BCI5TC,21950
9/16/2025,Y3,Y_2027,BCI5TC,21132
9/16/2025,M0,Y_2028,BCI5TC,19700
9/17/2025,M1,M_Sep_2025,BCI5TC,26425
9/17/2025,M2,M_Oct_2025,BCI5TC,29625
9/17/2025,M3,M_Nov_2025,BCI5TC,27125
9/17/2025,Q0,M_Dec_2025,BCI5TC,24500
9/17/2025,Q1,Q_3_2025,BCI5TC,23550
9/17/2025,Q2,Q_4_2025,BCI5TC,27037.5
9/17/2025,Q3,Q_1_2026,BCI5TC,16950
9/17/2025,Y0,Q_2_2026,BCI5TC,21661
9/17/2025,Y1,Y_2025,BCI5TC,17062.5
9/17/2025,Y2,Y_2026,BCI5TC,22000
9/17/2025,Y3,Y_2027,BCI5TC,21132
9/17/2025,M0,Y_2028,BCI5TC,19754
9/18/2025,M1,M_Sep_2025,BCI5TC,26700
9/18/2025,M2,M_Oct_2025,BCI5TC,30375
9/18/2025,M3,M_Nov_2025,BCI5TC,27600
9/18/2025,Q0,M_Dec_2025,BCI5TC,24425
9/18/2025,Q1,Q_3_2025,BCI5TC,23550
9/18/2025,Q2,Q_4_2025,BCI5TC,27325
9/18/2025,Q3,Q_1_2026,BCI5TC,17125
9/18/2025,Y0,Q_2_2026,BCI5TC,21839
9/18/2025,Y1,Y_2025,BCI5TC,17062.5
9/18/2025,Y2,Y_2026,BCI5TC,22275
9/18/2025,Y3,Y_2027,BCI5TC,21196
9/18/2025,M0,Y_2028,BCI5TC,19804
9/19/2025,M1,M_Sep_2025,BCI5TC,26825
9/19/2025,M2,M_Oct_2025,BCI5TC,30450
9/19/2025,M3,M_Nov_2025,BCI5TC,27675
9/19/2025,Q0,M_Dec_2025,BCI5TC,24575
9/19/2025,Q1,Q_3_2025,BCI5TC,23550
9/19/2025,Q2,Q_4_2025,BCI5TC,27550
9/19/2025,Q3,Q_1_2026,BCI5TC,17375
9/19/2025,Y0,Q_2_2026,BCI5TC,21907
9/19/2025,Y1,Y_2025,BCI5TC,17062.5
9/19/2025,Y2,Y_2026,BCI5TC,22250
9/19/2025,Y3,Y_2027,BCI5TC,21236
9/19/2025,M0,Y_2028,BCI5TC,19879
9/22/2025,M1,M_Sep_2025,BCI5TC,26550
9/22/2025,M2,M_Oct_2025,BCI5TC,30000
9/22/2025,M3,M_Nov_2025,BCI5TC,27250
9/22/2025,Q0,M_Dec_2025,BCI5TC,24225
9/22/2025,Q1,Q_3_2025,BCI5TC,23550
9/22/2025,Q2,Q_4_2025,BCI5TC,27150
9/22/2025,Q3,Q_1_2026,BCI5TC,17275
9/22/2025,Y0,Q_2_2026,BCI5TC,21818
9/22/2025,Y1,Y_2025,BCI5TC,17062.5
9/22/2025,Y2,Y_2026,BCI5TC,22175
9/22/2025,Y3,Y_2027,BCI5TC,21193
9/22/2025,M0,Y_2028,BCI5TC,19893
9/23/2025,M1,M_Sep_2025,BCI5TC,27125
9/23/2025,M2,M_Oct_2025,BCI5TC,31075
9/23/2025,M3,M_Nov_2025,BCI5TC,27875
9/23/2025,Q0,M_Dec_2025,BCI5TC,24750
9/23/2025,Q1,Q_3_2025,BCI5TC,23550
9/23/2025,Q2,Q_4_2025,BCI5TC,27950
9/23/2025,Q3,Q_1_2026,BCI5TC,17800
9/23/2025,Y0,Q_2_2026,BCI5TC,22379
9/23/2025,Y1,Y_2025,BCI5TC,17062.5
9/23/2025,Y2,Y_2026,BCI5TC,22775
9/23/2025,Y3,Y_2027,BCI5TC,21682
9/23/2025,M0,Y_2028,BCI5TC,20064
9/24/2025,M1,M_Sep_2025,BCI5TC,26825
9/24/2025,M2,M_Oct_2025,BCI5TC,30950
9/24/2025,M3,M_Nov_2025,BCI5TC,27650
9/24/2025,Q0,M_Dec_2025,BCI5TC,24525
9/24/2025,Q1,Q_3_2025,BCI5TC,23550
9/24/2025,Q2,Q_4_2025,BCI5TC,27700
9/24/2025,Q3,Q_1_2026,BCI5TC,17600
9/24/2025,Y0,Q_2_2026,BCI5TC,22379
9/24/2025,Y1,Y_2025,BCI5TC,17062.5
9/24/2025,Y2,Y_2026,BCI5TC,22725
9/24/2025,Y3,Y_2027,BCI5TC,21750
9/24/2025,M0,Y_2028,BCI5TC,20271
9/25/2025,M1,M_Sep_2025,BCI5TC,26750
9/25/2025,M2,M_Oct_2025,BCI5TC,29950
9/25/2025,M3,M_Nov_2025,BCI5TC,27000
9/25/2025,Q0,M_Dec_2025,BCI5TC,23925
9/25/2025,Q1,Q_3_2025,BCI5TC,23550
9/25/2025,Q2,Q_4_2025,BCI5TC,26962.5
9/25/2025,Q3,Q_1_2026,BCI5TC,17375
9/25/2025,Y0,Q_2_2026,BCI5TC,22236
9/25/2025,Y1,Y_2025,BCI5TC,17062.5
9/25/2025,Y2,Y_2026,BCI5TC,22475
9/25/2025,Y3,Y_2027,BCI5TC,21568
9/25/2025,M0,Y_2028,BCI5TC,20236
9/26/2025,M1,M_Sep_2025,BCI5TC,26750
9/26/2025,M2,M_Oct_2025,BCI5TC,29800
9/26/2025,M3,M_Nov_2025,BCI5TC,26625
9/26/2025,Q0,M_Dec_2025,BCI5TC,23725
9/26/2025,Q1,Q_3_2025,BCI5TC,23550
9/26/2025,Q2,Q_4_2025,BCI5TC,26683.5
9/26/2025,Q3,Q_1_2026,BCI5TC,17125
9/26/2025,Y0,Q_2_2026,BCI5TC,22129
9/26/2025,Y1,Y_2025,BCI5TC,17062.5
9/26/2025,Y2,Y_2026,BCI5TC,22450
9/26/2025,Y3,Y_2027,BCI5TC,21529
9/26/2025,M0,Y_2028,BCI5TC,20200
9/29/2025,M1,M_Sep_2025,BCI5TC,26750
9/29/2025,M2,M_Oct_2025,BCI5TC,27875
9/29/2025,M3,M_Nov_2025,BCI5TC,25625
9/29/2025,Q0,M_Dec_2025,BCI5TC,23300
9/29/2025,Q1,Q_3_2025,BCI5TC,23550
9/29/2025,Q2,Q_4_2025,BCI5TC,25600
9/29/2025,Q3,Q_1_2026,BCI5TC,16700
9/29/2025,Y0,Q_2_2026,BCI5TC,21779
9/29/2025,Y1,Y_2025,BCI5TC,17062.5
9/29/2025,Y2,Y_2026,BCI5TC,22175
9/29/2025,Y3,Y_2027,BCI5TC,21268
9/29/2025,M0,Y_2028,BCI5TC,20068
9/30/2025,M1,M_Sep_2025,BCI5TC,24800
9/30/2025,M2,M_Oct_2025,BCI5TC,24850
9/30/2025,M3,M_Nov_2025,BCI5TC,23150
9/30/2025,Q0,M_Dec_2025,BCI5TC,16800
9/30/2025,Q1,Q_3_2025,BCI5TC,24275
9/30/2025,Q2,Q_4_2025,BCI5TC,16600
9/30/2025,Q3,Q_1_2026,BCI5TC,21675
9/30/2025,Y0,Q_2_2026,BCI5TC,24800
9/30/2025,Y1,Y_2025,BCI5TC,17062.5
9/30/2025,Y2,Y_2026,BCI5TC,22075
9/30/2025,Y3,Y_2027,BCI5TC,21225
9/30/2025,M0,Y_2028,BCI5TC,20057
10/1/2025,M1,M_Oct_2025,BCI5TC,24175
10/1/2025,M2,M_Nov_2025,BCI5TC,24675
10/1/2025,M3,M_Dec_2025,BCI5TC,23375
10/1/2025,Q0,M_Jan_2026,BCI5TC,16575
10/1/2025,Q1,Q_4_2025,BCI5TC,24075
10/1/2025,Q2,Q_1_2026,BCI5TC,16700
10/1/2025,Q3,Q_2_2026,BCI5TC,21975
10/1/2025,Y0,Q_3_2026,BCI5TC,24904
10/1/2025,Y1,Y_2025,BCI5TC,17062.5
10/1/2025,Y2,Y_2026,BCI5TC,22225
10/1/2025,Y3,Y_2027,BCI5TC,21332
10/1/2025,M0,Y_2028,BCI5TC,20121
10/2/2025,M1,M_Oct_2025,BCI5TC,24750
10/2/2025,M2,M_Nov_2025,BCI5TC,25700
10/2/2025,M3,M_Dec_2025,BCI5TC,23975
10/2/2025,Q0,M_Jan_2026,BCI5TC,17450
10/2/2025,Q1,Q_4_2025,BCI5TC,24875
10/2/2025,Q2,Q_1_2026,BCI5TC,16775
10/2/2025,Q3,Q_2_2026,BCI5TC,22225
10/2/2025,Y0,Q_3_2026,BCI5TC,25132
10/2/2025,Y1,Y_2025,BCI5TC,17062.5
10/2/2025,Y2,Y_2026,BCI5TC,22450
10/2/2025,Y3,Y_2027,BCI5TC,21543
10/2/2025,M0,Y_2028,BCI5TC,20175
10/3/2025,M1,M_Oct_2025,BCI5TC,24750
10/3/2025,M2,M_Nov_2025,BCI5TC,25700
10/3/2025,M3,M_Dec_2025,BCI5TC,23975
10/3/2025,Q0,M_Jan_2026,BCI5TC,17450
10/3/2025,Q1,Q_4_2025,BCI5TC,24875
10/3/2025,Q2,Q_1_2026,BCI5TC,16775
10/3/2025,Q3,Q_2_2026,BCI5TC,22225
10/3/2025,Y0,Q_3_2026,BCI5TC,25196
10/3/2025,Y1,Y_2025,BCI5TC,17062.5
10/3/2025,Y2,Y_2026,BCI5TC,22450
10/3/2025,Y3,Y_2027,BCI5TC,21593
10/3/2025,M0,Y_2028,BCI5TC,20211
10/6/2025,M1,M_Oct_2025,BCI5TC,25500
10/6/2025,M2,M_Nov_2025,BCI5TC,26275
10/6/2025,M3,M_Dec_2025,BCI5TC,24650
10/6/2025,Q0,M_Jan_2026,BCI5TC,17325
10/6/2025,Q1,Q_4_2025,BCI5TC,25475
10/6/2025,Q2,Q_1_2026,BCI5TC,16950
10/6/2025,Q3,Q_2_2026,BCI5TC,22450
10/6/2025,Y0,Q_3_2026,BCI5TC,25354
10/6/2025,Y1,Y_2025,BCI5TC,17062.5
10/6/2025,Y2,Y_2026,BCI5TC,22625
10/6/2025,Y3,Y_2027,BCI5TC,21761
10/6/2025,M0,Y_2028,BCI5TC,20254
10/7/2025,M1,M_Oct_2025,BCI5TC,26000
10/7/2025,M2,M_Nov_2025,BCI5TC,26800
10/7/2025,M3,M_Dec_2025,BCI5TC,25175
10/7/2025,Q0,M_Jan_2026,BCI5TC,17800
10/7/2025,Q1,Q_4_2025,BCI5TC,25962.5
10/7/2025,Q2,Q_1_2026,BCI5TC,16975
10/7/2025,Q3,Q_2_2026,BCI5TC,22575
10/7/2025,Y0,Q_3_2026,BCI5TC,25354
10/7/2025,Y1,Y_2025,BCI5TC,17062.5
10/7/2025,Y2,Y_2026,BCI5TC,22600
10/7/2025,Y3,Y_2027,BCI5TC,21775
10/7/2025,M0,Y_2028,BCI5TC,20268
10/8/2025,M1,M_Oct_2025,BCI5TC,24450
10/8/2025,M2,M_Nov_2025,BCI5TC,25525
10/8/2025,M3,M_Dec_2025,BCI5TC,24000
10/8/2025,Q0,M_Jan_2026,BCI5TC,17625
10/8/2025,Q1,Q_4_2025,BCI5TC,24650
10/8/2025,Q2,Q_1_2026,BCI5TC,16550
10/8/2025,Q3,Q_2_2026,BCI5TC,22175
10/8/2025,Y0,Q_3_2026,BCI5TC,25175
10/8/2025,Y1,Y_2025,BCI5TC,17062.5
10/8/2025,Y2,Y_2026,BCI5TC,22350
10/8/2025,Y3,Y_2027,BCI5TC,21611
10/8/2025,M0,Y_2028,BCI5TC,20164
10/9/2025,M1,M_Oct_2025,BCI5TC,24250
10/9/2025,M2,M_Nov_2025,BCI5TC,25450
10/9/2025,M3,M_Dec_2025,BCI5TC,24200
10/9/2025,Q0,M_Jan_2026,BCI5TC,17675
10/9/2025,Q1,Q_4_2025,BCI5TC,24575
10/9/2025,Q2,Q_1_2026,BCI5TC,16700
10/9/2025,Q3,Q_2_2026,BCI5TC,22225
10/9/2025,Y0,Q_3_2026,BCI5TC,25225
10/9/2025,Y1,Y_2025,BCI5TC,17062.5
10/9/2025,Y2,Y_2026,BCI5TC,22400
10/9/2025,Y3,Y_2027,BCI5TC,21636
10/9/2025,M0,Y_2028,BCI5TC,20204
10/10/2025,M1,M_Oct_2025,BCI5TC,25275
10/10/2025,M2,M_Nov_2025,BCI5TC,27550
10/10/2025,M3,M_Dec_2025,BCI5TC,25750
10/10/2025,Q0,M_Jan_2026,BCI5TC,18100
10/10/2025,Q1,Q_4_2025,BCI5TC,26250
10/10/2025,Q2,Q_1_2026,BCI5TC,17700
10/10/2025,Q3,Q_2_2026,BCI5TC,22675
10/10/2025,Y0,Q_3_2026,BCI5TC,25639
10/10/2025,Y1,Y_2025,BCI5TC,17062.5
10/10/2025,Y2,Y_2026,BCI5TC,23075
10/10/2025,Y3,Y_2027,BCI5TC,22075
10/10/2025,M0,Y_2028,BCI5TC,20375
10/13/2025,M1,M_Oct_2025,BCI5TC,28175
10/13/2025,M2,M_Nov_2025,BCI5TC,29750
10/13/2025,M3,M_Dec_2025,BCI5TC,26525
10/13/2025,Q0,M_Jan_2026,BCI5TC,18800
10/13/2025,Q1,Q_4_2025,BCI5TC,28150
10/13/2025,Q2,Q_1_2026,BCI5TC,17625
10/13/2025,Q3,Q_2_2026,BCI5TC,22775
10/13/2025,Y0,Q_3_2026,BCI5TC,25896
10/13/2025,Y1,Y_2025,BCI5TC,17062.5
10/13/2025,Y2,Y_2026,BCI5TC,23150
10/13/2025,Y3,Y_2027,BCI5TC,22204
10/13/2025,M0,Y_2028,BCI5TC,20443
10/14/2025,M1,M_Oct_2025,BCI5TC,25800
10/14/2025,M2,M_Nov_2025,BCI5TC,27250
10/14/2025,M3,M_Dec_2025,BCI5TC,25000
10/14/2025,Q0,M_Jan_2026,BCI5TC,18150
10/14/2025,Q1,Q_4_2025,BCI5TC,26050
10/14/2025,Q2,Q_1_2026,BCI5TC,17075
10/14/2025,Q3,Q_2_2026,BCI5TC,22625
10/14/2025,Y0,Q_3_2026,BCI5TC,25471
10/14/2025,Y1,Y_2025,BCI5TC,17062.5
10/14/2025,Y2,Y_2026,BCI5TC,22725
10/14/2025,Y3,Y_2027,BCI5TC,21896
10/14/2025,M0,Y_2028,BCI5TC,20307
10/15/2025,M1,M_Oct_2025,BCI5TC,25800
10/15/2025,M2,M_Nov_2025,BCI5TC,27250
10/15/2025,M3,M_Dec_2025,BCI5TC,25000
10/15/2025,Q0,M_Jan_2026,BCI5TC,18150
10/15/2025,Q1,Q_4_2025,BCI5TC,26050
10/15/2025,Q2,Q_1_2026,BCI5TC,17075
10/15/2025,Q3,Q_2_2026,BCI5TC,22625
10/15/2025,Y0,Q_3_2026,BCI5TC,25586
10/15/2025,Y1,Y_2025,BCI5TC,17062.5
10/15/2025,Y2,Y_2026,BCI5TC,22725
10/15/2025,Y3,Y_2027,BCI5TC,22004
10/15/2025,M0,Y_2028,BCI5TC,20364
10/16/2025,M1,M_Oct_2025,BCI5TC,25800
10/16/2025,M2,M_Nov_2025,BCI5TC,28375
10/16/2025,M3,M_Dec_2025,BCI5TC,25875
10/16/2025,Q0,M_Jan_2026,BCI5TC,18150
10/16/2025,Q1,Q_4_2025,BCI5TC,26750
10/16/2025,Q2,Q_1_2026,BCI5TC,17075
10/16/2025,Q3,Q_2_2026,BCI5TC,22625
10/16/2025,Y0,Q_3_2026,BCI5TC,25571
10/16/2025,Y1,Y_2025,BCI5TC,17062.5
10/16/2025,Y2,Y_2026,BCI5TC,22825
10/16/2025,Y3,Y_2027,BCI5TC,22014
10/16/2025,M0,Y_2028,BCI5TC,20400
10/17/2025,M1,M_Oct_2025,BCI5TC,26075
10/17/2025,M2,M_Nov_2025,BCI5TC,27725
10/17/2025,M3,M_Dec_2025,BCI5TC,25725
10/17/2025,Q0,M_Jan_2026,BCI5TC,18100
10/17/2025,Q1,Q_4_2025,BCI5TC,26500
10/17/2025,Q2,Q_1_2026,BCI5TC,17350
10/17/2025,Q3,Q_2_2026,BCI5TC,22750
10/17/2025,Y0,Q_3_2026,BCI5TC,25543
10/17/2025,Y1,Y_2025,BCI5TC,17062.5
10/17/2025,Y2,Y_2026,BCI5TC,22900
10/17/2025,Y3,Y_2027,BCI5TC,22007
10/17/2025,M0,Y_2028,BCI5TC,20418
10/20/2025,M1,M_Oct_2025,BCI5TC,25850
10/20/2025,M2,M_Nov_2025,BCI5TC,27600
10/20/2025,M3,M_Dec_2025,BCI5TC,26025
10/20/2025,Q0,M_Jan_2026,BCI5TC,18250
10/20/2025,Q1,Q_4_2025,BCI5TC,26562.5
10/20/2025,Q2,Q_1_2026,BCI5TC,17500
10/20/2025,Q3,Q_2_2026,BCI5TC,22800
10/20/2025,Y0,Q_3_2026,BCI5TC,25564
10/20/2025,Y1,Y_2025,BCI5TC,17062.5
10/20/2025,Y2,Y_2026,BCI5TC,22975
10/20/2025,Y3,Y_2027,BCI5TC,22043
10/20/2025,M0,Y_2028,BCI5TC,20446
10/21/2025,M1,M_Oct_2025,BCI5TC,25675
10/21/2025,M2,M_Nov_2025,BCI5TC,27875
10/21/2025,M3,M_Dec_2025,BCI5TC,26100
10/21/2025,Q0,M_Jan_2026,BCI5TC,18725
10/21/2025,Q1,Q_4_2025,BCI5TC,26500
10/21/2025,Q2,Q_1_2026,BCI5TC,17750
10/21/2025,Q3,Q_2_2026,BCI5TC,23000
10/21/2025,Y0,Q_3_2026,BCI5TC,25671
10/21/2025,Y1,Y_2025,BCI5TC,17062.5
10/21/2025,Y2,Y_2026,BCI5TC,23075
10/21/2025,Y3,Y_2027,BCI5TC,22171
10/21/2025,M0,Y_2028,BCI5TC,20504
10/22/2025,M1,M_Oct_2025,BCI5TC,25200
10/22/2025,M2,M_Nov_2025,BCI5TC,26200
10/22/2025,M3,M_Dec_2025,BCI5TC,25200
10/22/2025,Q0,M_Jan_2026,BCI5TC,18375
10/22/2025,Q1,Q_4_2025,BCI5TC,25550
10/22/2025,Q2,Q_1_2026,BCI5TC,17275
10/22/2025,Q3,Q_2_2026,BCI5TC,22975
10/22/2025,Y0,Q_3_2026,BCI5TC,25636
10/22/2025,Y1,Y_2025,BCI5TC,17062.5
10/22/2025,Y2,Y_2026,BCI5TC,22887.5
10/22/2025,Y3,Y_2027,BCI5TC,22111
10/22/2025,M0,Y_2028,BCI5TC,20496
10/23/2025,M1,M_Oct_2025,BCI5TC,24625
10/23/2025,M2,M_Nov_2025,BCI5TC,24650
10/23/2025,M3,M_Dec_2025,BCI5TC,24150
10/23/2025,Q0,M_Jan_2026,BCI5TC,17725
10/23/2025,Q1,Q_4_2025,BCI5TC,24475
10/23/2025,Q2,Q_1_2026,BCI5TC,16650
10/23/2025,Q3,Q_2_2026,BCI5TC,22450
10/23/2025,Y0,Q_3_2026,BCI5TC,25218
10/23/2025,Y1,Y_2025,BCI5TC,17062.5
10/23/2025,Y2,Y_2026,BCI5TC,22450
10/23/2025,Y3,Y_2027,BCI5TC,21925
10/23/2025,M0,Y_2028,BCI5TC,20375
10/24/2025,M1,M_Oct_2025,BCI5TC,24500
10/24/2025,M2,M_Nov_2025,BCI5TC,24675
10/24/2025,M3,M_Dec_2025,BCI5TC,24675
10/24/2025,Q0,M_Jan_2026,BCI5TC,17875
10/24/2025,Q1,Q_4_2025,BCI5TC,24616.5
10/24/2025,Q2,Q_1_2026,BCI5TC,16833.5
10/24/2025,Q3,Q_2_2026,BCI5TC,22450
10/24/2025,Y0,Q_3_2026,BCI5TC,25236
10/24/2025,Y1,Y_2025,BCI5TC,17062.5
10/24/2025,Y2,Y_2026,BCI5TC,22425
10/24/2025,Y3,Y_2027,BCI5TC,21943
10/24/2025,M0,Y_2028,BCI5TC,20371
10/27/2025,M1,M_Oct_2025,BCI5TC,24375
10/27/2025,M2,M_Nov_2025,BCI5TC,23625
10/27/2025,M3,M_Dec_2025,BCI5TC,23950
10/27/2025,Q0,M_Jan_2026,BCI5TC,17575
10/27/2025,Q1,Q_4_2025,BCI5TC,23925
10/27/2025,Q2,Q_1_2026,BCI5TC,16625
10/27/2025,Q3,Q_2_2026,BCI5TC,22600
10/27/2025,Y0,Q_3_2026,BCI5TC,25107
10/27/2025,Y1,Y_2025,BCI5TC,17062.5
10/27/2025,Y2,Y_2026,BCI5TC,22475
10/27/2025,Y3,Y_2027,BCI5TC,21804
10/27/2025,M0,Y_2028,BCI5TC,20311
10/28/2025,M1,M_Oct_2025,BCI5TC,24175
10/28/2025,M2,M_Nov_2025,BCI5TC,24250
10/28/2025,M3,M_Dec_2025,BCI5TC,24325
10/28/2025,Q0,M_Jan_2026,BCI5TC,17750
10/28/2025,Q1,Q_4_2025,BCI5TC,24100
10/28/2025,Q2,Q_1_2026,BCI5TC,16775
10/28/2025,Q3,Q_2_2026,BCI5TC,22475
10/28/2025,Y0,Q_3_2026,BCI5TC,25146
10/28/2025,Y1,Y_2025,BCI5TC,17062.5
10/28/2025,Y2,Y_2026,BCI5TC,22450
10/28/2025,Y3,Y_2027,BCI5TC,21714
10/28/2025,M0,Y_2028,BCI5TC,20289
10/29/2025,M1,M_Oct_2025,BCI5TC,24500
10/29/2025,M2,M_Nov_2025,BCI5TC,25275
10/29/2025,M3,M_Dec_2025,BCI5TC,25475
10/29/2025,Q0,M_Jan_2026,BCI5TC,18325
10/29/2025,Q1,Q_4_2025,BCI5TC,25075
10/29/2025,Q2,Q_1_2026,BCI5TC,17100
10/29/2025,Q3,Q_2_2026,BCI5TC,22600
10/29/2025,Y0,Q_3_2026,BCI5TC,25357
10/29/2025,Y1,Y_2025,BCI5TC,17062.5
10/29/2025,Y2,Y_2026,BCI5TC,22675
10/29/2025,Y3,Y_2027,BCI5TC,21893
10/29/2025,M0,Y_2028,BCI5TC,20368
10/30/2025,M1,M_Oct_2025,BCI5TC,24450
10/30/2025,M2,M_Nov_2025,BCI5TC,25687.5
10/30/2025,M3,M_Dec_2025,BCI5TC,25937.5
10/30/2025,Q0,M_Jan_2026,BCI5TC,18675
10/30/2025,Q1,Q_4_2025,BCI5TC,25362.5
10/30/2025,Q2,Q_1_2026,BCI5TC,17325
10/30/2025,Q3,Q_2_2026,BCI5TC,22850
10/30/2025,Y0,Q_3_2026,BCI5TC,25475
10/30/2025,Y1,Y_2025,BCI5TC,17062.5
10/30/2025,Y2,Y_2026,BCI5TC,22850
10/30/2025,Y3,Y_2027,BCI5TC,21950
10/30/2025,M0,Y_2028,BCI5TC,20433
10/31/2025,M1,M_Oct_2025,BCI5TC,24625
10/31/2025,M2,M_Nov_2025,BCI5TC,25100
10/31/2025,M3,M_Dec_2025,BCI5TC,17975
10/31/2025,Q0,M_Jan_2026,BCI5TC,14125
10/31/2025,Q1,Q_4_2025,BCI5TC,25362.5
10/31/2025,Q2,Q_1_2026,BCI5TC,16825
10/31/2025,Q3,Q_2_2026,BCI5TC,22625
10/31/2025,Y0,Q_3_2026,BCI5TC,25296
10/31/2025,Y1,Y_2025,BCI5TC,17062.5
10/31/2025,Y2,Y_2026,BCI5TC,22612.5
10/31/2025,Y3,Y_2027,BCI5TC,21754
10/31/2025,M0,Y_2028,BCI5TC,20375
11/3/2025,M1,M_Nov_2025,BCI5TC,23375
11/3/2025,M2,M_Dec_2025,BCI5TC,24375
11/3/2025,M3,M_Jan_2026,BCI5TC,17875
11/3/2025,Q0,M_Feb_2026,BCI5TC,13925
11/3/2025,Q1,Q_4_2025,BCI5TC,25362.5
11/3/2025,Q2,Q_1_2026,BCI5TC,16600
11/3/2025,Q3,Q_2_2026,BCI5TC,22625
11/3/2025,Y0,Q_3_2026,BCI5TC,25207
11/3/2025,Y1,Y_2025,BCI5TC,17062.5
11/3/2025,Y2,Y_2026,BCI5TC,22525
11/3/2025,Y3,Y_2027,BCI5TC,21725
11/3/2025,M0,Y_2028,BCI5TC,20357
11/4/2025,M1,M_Nov_2025,BCI5TC,24987.5
11/4/2025,M2,M_Dec_2025,BCI5TC,25250
11/4/2025,M3,M_Jan_2026,BCI5TC,18325
11/4/2025,Q0,M_Feb_2026,BCI5TC,14325
11/4/2025,Q1,Q_4_2025,BCI5TC,25362.5
11/4/2025,Q2,Q_1_2026,BCI5TC,17125
11/4/2025,Q3,Q_2_2026,BCI5TC,22825
11/4/2025,Y0,Q_3_2026,BCI5TC,25318
11/4/2025,Y1,Y_2025,BCI5TC,17062.5
11/4/2025,Y2,Y_2026,BCI5TC,22725
11/4/2025,Y3,Y_2027,BCI5TC,21900
11/4/2025,M0,Y_2028,BCI5TC,20404
11/5/2025,M1,M_Nov_2025,BCI5TC,25500
11/5/2025,M2,M_Dec_2025,BCI5TC,25625
11/5/2025,M3,M_Jan_2026,BCI5TC,18375
11/5/2025,Q0,M_Feb_2026,BCI5TC,14125
11/5/2025,Q1,Q_4_2025,BCI5TC,25362.5
11/5/2025,Q2,Q_1_2026,BCI5TC,17125
11/5/2025,Q3,Q_2_2026,BCI5TC,22975
11/5/2025,Y0,Q_3_2026,BCI5TC,25457
11/5/2025,Y1,Y_2025,BCI5TC,17062.5
11/5/2025,Y2,Y_2026,BCI5TC,22875
11/5/2025,Y3,Y_2027,BCI5TC,22000
11/5/2025,M0,Y_2028,BCI5TC,20479
11/6/2025,M1,M_Nov_2025,BCI5TC,26325
11/6/2025,M2,M_Dec_2025,BCI5TC,26175
11/6/2025,M3,M_Jan_2026,BCI5TC,18900
11/6/2025,Q0,M_Feb_2026,BCI5TC,14350
11/6/2025,Q1,Q_4_2025,BCI5TC,25362.5
11/6/2025,Q2,Q_1_2026,BCI5TC,17425
11/6/2025,Q3,Q_2_2026,BCI5TC,22925
11/6/2025,Y0,Q_3_2026,BCI5TC,25550
11/6/2025,Y1,Y_2025,BCI5TC,17062.5
11/6/2025,Y2,Y_2026,BCI5TC,23025
11/6/2025,Y3,Y_2027,BCI5TC,22075
11/6/2025,M0,Y_2028,BCI5TC,20614
11/7/2025,M1,M_Nov_2025,BCI5TC,25700
11/7/2025,M2,M_Dec_2025,BCI5TC,25425
11/7/2025,M3,M_Jan_2026,BCI5TC,18700
11/7/2025,Q0,M_Feb_2026,BCI5TC,14300
11/7/2025,Q1,Q_4_2025,BCI5TC,25362.5
11/7/2025,Q2,Q_1_2026,BCI5TC,17300
11/7/2025,Q3,Q_2_2026,BCI5TC,23050
11/7/2025,Y0,Q_3_2026,BCI5TC,25482
11/7/2025,Y1,Y_2025,BCI5TC,17062.5
11/7/2025,Y2,Y_2026,BCI5TC,22875
11/7/2025,Y3,Y_2027,BCI5TC,22089
11/7/2025,M0,Y_2028,BCI5TC,20618
11/10/2025,M1,M_Nov_2025,BCI5TC,25675
11/10/2025,M2,M_Dec_2025,BCI5TC,25275
11/10/2025,M3,M_Jan_2026,BCI5TC,18725
11/10/2025,Q0,M_Feb_2026,BCI5TC,14200
11/10/2025,Q1,Q_4_2025,BCI5TC,25362.5
11/10/2025,Q2,Q_1_2026,BCI5TC,17225
11/10/2025,Q3,Q_2_2026,BCI5TC,22950
11/10/2025,Y0,Q_3_2026,BCI5TC,25529
11/10/2025,Y1,Y_2025,BCI5TC,17062.5
11/10/2025,Y2,Y_2026,BCI5TC,22850
11/10/2025,Y3,Y_2027,BCI5TC,22225
11/10/2025,M0,Y_2028,BCI5TC,20850
11/11/2025,M1,M_Nov_2025,BCI5TC,25475
11/11/2025,M2,M_Dec_2025,BCI5TC,24825
11/11/2025,M3,M_Jan_2026,BCI5TC,18525
11/11/2025,Q0,M_Feb_2026,BCI5TC,14075
11/11/2025,Q1,Q_4_2025,BCI5TC,25362.5
11/11/2025,Q2,Q_1_2026,BCI5TC,17050
11/11/2025,Q3,Q_2_2026,BCI5TC,22700
11/11/2025,Y0,Q_3_2026,BCI5TC,25400
11/11/2025,Y1,Y_2025,BCI5TC,17062.5
11/11/2025,Y2,Y_2026,BCI5TC,22750
11/11/2025,Y3,Y_2027,BCI5TC,22093
11/11/2025,M0,Y_2028,BCI5TC,20779
11/12/2025,M1,M_Nov_2025,BCI5TC,24875
11/12/2025,M2,M_Dec_2025,BCI5TC,24875
11/12/2025,M3,M_Jan_2026,BCI5TC,18900
11/12/2025,Q0,M_Feb_2026,BCI5TC,14250
11/12/2025,Q1,Q_4_2025,BCI5TC,25362.5
11/12/2025,Q2,Q_1_2026,BCI5TC,17225
11/12/2025,Q3,Q_2_2026,BCI5TC,22700
11/12/2025,Y0,Q_3_2026,BCI5TC,25396
11/12/2025,Y1,Y_2025,BCI5TC,17062.5
11/12/2025,Y2,Y_2026,BCI5TC,22750
11/12/2025,Y3,Y_2027,BCI5TC,22082
11/12/2025,M0,Y_2028,BCI5TC,20850
11/13/2025,M1,M_Nov_2025,BCI5TC,24875
11/13/2025,M2,M_Dec_2025,BCI5TC,24875
11/13/2025,M3,M_Jan_2026,BCI5TC,18900
11/13/2025,Q0,M_Feb_2026,BCI5TC,14250
11/13/2025,Q1,Q_4_2025,BCI5TC,25362.5
11/13/2025,Q2,Q_1_2026,BCI5TC,17225
11/13/2025,Q3,Q_2_2026,BCI5TC,22700
11/13/2025,Y0,Q_3_2026,BCI5TC,25661
11/13/2025,Y1,Y_2025,BCI5TC,17062.5
11/13/2025,Y2,Y_2026,BCI5TC,22750
11/13/2025,Y3,Y_2027,BCI5TC,22250
11/13/2025,M0,Y_2028,BCI5TC,20996
11/14/2025,M1,M_Nov_2025,BCI5TC,26550
11/14/2025,M2,M_Dec_2025,BCI5TC,25925
11/14/2025,M3,M_Jan_2026,BCI5TC,20125
11/14/2025,Q0,M_Feb_2026,BCI5TC,15025
11/14/2025,Q1,Q_4_2025,BCI5TC,25362.5
11/14/2025,Q2,Q_1_2026,BCI5TC,18125
11/14/2025,Q3,Q_2_2026,BCI5TC,23250
11/14/2025,Y0,Q_3_2026,BCI5TC,25668
11/14/2025,Y1,Y_2025,BCI5TC,17062.5
11/14/2025,Y2,Y_2026,BCI5TC,23300
11/14/2025,Y3,Y_2027,BCI5TC,22264
11/14/2025,M0,Y_2028,BCI5TC,21004
11/17/2025,M1,M_Nov_2025,BCI5TC,26875
11/17/2025,M2,M_Dec_2025,BCI5TC,26350
11/17/2025,M3,M_Jan_2026,BCI5TC,20025
11/17/2025,Q0,M_Feb_2026,BCI5TC,14975
11/17/2025,Q1,Q_4_2025,BCI5TC,25362.5
11/17/2025,Q2,Q_1_2026,BCI5TC,18075
11/17/2025,Q3,Q_2_2026,BCI5TC,23125
11/17/2025,Y0,Q_3_2026,BCI5TC,25525
11/17/2025,Y1,Y_2025,BCI5TC,17062.5
11/17/2025,Y2,Y_2026,BCI5TC,23125
11/17/2025,Y3,Y_2027,BCI5TC,22239
11/17/2025,M0,Y_2028,BCI5TC,20854
11/18/2025,M1,M_Nov_2025,BCI5TC,27850
11/18/2025,M2,M_Dec_2025,BCI5TC,27650
11/18/2025,M3,M_Jan_2026,BCI5TC,20700
11/18/2025,Q0,M_Feb_2026,BCI5TC,15125
11/18/2025,Q1,Q_4_2025,BCI5TC,25362.5
11/18/2025,Q2,Q_1_2026,BCI5TC,18425
11/18/2025,Q3,Q_2_2026,BCI5TC,23200
11/18/2025,Y0,Q_3_2026,BCI5TC,25600
11/18/2025,Y1,Y_2025,BCI5TC,17062.5
11/18/2025,Y2,Y_2026,BCI5TC,23250
11/18/2025,Y3,Y_2027,BCI5TC,22368
11/18/2025,M0,Y_2028,BCI5TC,21014
11/19/2025,M1,M_Nov_2025,BCI5TC,27725
11/19/2025,M2,M_Dec_2025,BCI5TC,26875
11/19/2025,M3,M_Jan_2026,BCI5TC,20150
11/19/2025,Q0,M_Feb_2026,BCI5TC,14875
11/19/2025,Q1,Q_4_2025,BCI5TC,25362.5
11/19/2025,Q2,Q_1_2026,BCI5TC,18125
11/19/2025,Q3,Q_2_2026,BCI5TC,23150
11/19/2025,Y0,Q_3_2026,BCI5TC,25514
11/19/2025,Y1,Y_2025,BCI5TC,17062.5
11/19/2025,Y2,Y_2026,BCI5TC,23100
11/19/2025,Y3,Y_2027,BCI5TC,22275
11/19/2025,M0,Y_2028,BCI5TC,21007
11/20/2025,M1,M_Nov_2025,BCI5TC,27775
11/20/2025,M2,M_Dec_2025,BCI5TC,27225
11/20/2025,M3,M_Jan_2026,BCI5TC,20300
11/20/2025,Q0,M_Feb_2026,BCI5TC,14950
11/20/2025,Q1,Q_4_2025,BCI5TC,25362.5
11/20/2025,Q2,Q_1_2026,BCI5TC,18250
11/20/2025,Q3,Q_2_2026,BCI5TC,23125
11/20/2025,Y0,Q_3_2026,BCI5TC,25511
11/20/2025,Y1,Y_2025,BCI5TC,17062.5
11/20/2025,Y2,Y_2026,BCI5TC,23150
11/20/2025,Y3,Y_2027,BCI5TC,22311
11/20/2025,M0,Y_2028,BCI5TC,21014
11/21/2025,M1,M_Nov_2025,BCI5TC,27800
11/21/2025,M2,M_Dec_2025,BCI5TC,27275
11/21/2025,M3,M_Jan_2026,BCI5TC,20500
11/21/2025,Q0,M_Feb_2026,BCI5TC,14825
11/21/2025,Q1,Q_4_2025,BCI5TC,25362.5
11/21/2025,Q2,Q_1_2026,BCI5TC,18250
11/21/2025,Q3,Q_2_2026,BCI5TC,23300
11/21/2025,Y0,Q_3_2026,BCI5TC,25496
11/21/2025,Y1,Y_2025,BCI5TC,17062.5
11/21/2025,Y2,Y_2026,BCI5TC,23175
11/21/2025,Y3,Y_2027,BCI5TC,22372
11/21/2025,M0,Y_2028,BCI5TC,21004
11/24/2025,M1,M_Nov_2025,BCI5TC,27950
11/24/2025,M2,M_Dec_2025,BCI5TC,27375
11/24/2025,M3,M_Jan_2026,BCI5TC,20625
11/24/2025,Q0,M_Feb_2026,BCI5TC,15025
11/24/2025,Q1,Q_4_2025,BCI5TC,25362.5
11/24/2025,Q2,Q_1_2026,BCI5TC,18475
11/24/2025,Q3,Q_2_2026,BCI5TC,23500
11/24/2025,Y0,Q_3_2026,BCI5TC,25561
11/24/2025,Y1,Y_2025,BCI5TC,17062.5
11/24/2025,Y2,Y_2026,BCI5TC,23400
11/24/2025,Y3,Y_2027,BCI5TC,22425
11/24/2025,M0,Y_2028,BCI5TC,21036
11/25/2025,M1,M_Nov_2025,BCI5TC,28375
11/25/2025,M2,M_Dec_2025,BCI5TC,28375
11/25/2025,M3,M_Jan_2026,BCI5TC,21250
11/25/2025,Q0,M_Feb_2026,BCI5TC,15375
11/25/2025,Q1,Q_4_2025,BCI5TC,25362.5
11/25/2025,Q2,Q_1_2026,BCI5TC,19025
11/25/2025,Q3,Q_2_2026,BCI5TC,23875
11/25/2025,Y0,Q_3_2026,BCI5TC,25714
11/25/2025,Y1,Y_2025,BCI5TC,17062.5
11/25/2025,Y2,Y_2026,BCI5TC,23675
11/25/2025,Y3,Y_2027,BCI5TC,22600
11/25/2025,M0,Y_2028,BCI5TC,21083
11/26/2025,M1,M_Nov_2025,BCI5TC,28500
11/26/2025,M2,M_Dec_2025,BCI5TC,28375
11/26/2025,M3,M_Jan_2026,BCI5TC,21175
11/26/2025,Q0,M_Feb_2026,BCI5TC,15675
11/26/2025,Q1,Q_4_2025,BCI5TC,25362.5
11/26/2025,Q2,Q_1_2026,BCI5TC,18975
11/26/2025,Q3,Q_2_2026,BCI5TC,23675
11/26/2025,Y0,Q_3_2026,BCI5TC,25650
11/26/2025,Y1,Y_2025,BCI5TC,17062.5
11/26/2025,Y2,Y_2026,BCI5TC,23575
11/26/2025,Y3,Y_2027,BCI5TC,22618
11/26/2025,M0,Y_2028,BCI5TC,21182
11/27/2025,M1,M_Nov_2025,BCI5TC,28625
11/27/2025,M2,M_Dec_2025,BCI5TC,29750
11/27/2025,M3,M_Jan_2026,BCI5TC,22000
11/27/2025,Q0,M_Feb_2026,BCI5TC,16025
11/27/2025,Q1,Q_4_2025,BCI5TC,25362.5
11/27/2025,Q2,Q_1_2026,BCI5TC,19425
11/27/2025,Q3,Q_2_2026,BCI5TC,23800
11/27/2025,Y0,Q_3_2026,BCI5TC,25664
11/27/2025,Y1,Y_2025,BCI5TC,17062.5
11/27/2025,Y2,Y_2026,BCI5TC,23675
11/27/2025,Y3,Y_2027,BCI5TC,22682
11/27/2025,M0,Y_2028,BCI5TC,21193
11/28/2025,M1,M_Nov_2025,BCI5TC,30125
11/28/2025,M2,M_Dec_2025,BCI5TC,22575
11/28/2025,M3,M_Jan_2026,BCI5TC,16500
11/28/2025,Q0,M_Feb_2026,BCI5TC,20250
11/28/2025,Q1,Q_4_2025,BCI5TC,25362.5
11/28/2025,Q2,Q_1_2026,BCI5TC,19700
11/28/2025,Q3,Q_2_2026,BCI5TC,23750
11/28/2025,Y0,Q_3_2026,BCI5TC,25679
11/28/2025,Y1,Y_2025,BCI5TC,17062.5
11/28/2025,Y2,Y_2026,BCI5TC,23850
11/28/2025,Y3,Y_2027,BCI5TC,22729
11/28/2025,M0,Y_2028,BCI5TC,21211
12/1/2025,M1,M_Dec_2025,BCI5TC,30975
12/1/2025,M2,M_Jan_2026,BCI5TC,22625
12/1/2025,M3,M_Feb_2026,BCI5TC,16500
12/1/2025,Q0,M_Mar_2026,BCI5TC,20450
12/1/2025,Q1,Q_4_2025,BCI5TC,25362.5
12/1/2025,Q2,Q_1_2026,BCI5TC,19875
12/1/2025,Q3,Q_2_2026,BCI5TC,24000
12/1/2025,Y0,Q_3_2026,BCI5TC,25721
12/1/2025,Y1,Y_2025,BCI5TC,17062.5
12/1/2025,Y2,Y_2026,BCI5TC,23900
12/1/2025,Y3,Y_2027,BCI5TC,22786
12/1/2025,M0,Y_2028,BCI5TC,21250
12/2/2025,M1,M_Dec_2025,BCI5TC,30700
12/2/2025,M2,M_Jan_2026,BCI5TC,21875
12/2/2025,M3,M_Feb_2026,BCI5TC,16050
12/2/2025,Q0,M_Mar_2026,BCI5TC,19875
12/2/2025,Q1,Q_4_2025,BCI5TC,25362.5
12/2/2025,Q2,Q_1_2026,BCI5TC,19375
12/2/2025,Q3,Q_2_2026,BCI5TC,23875
12/2/2025,Y0,Q_3_2026,BCI5TC,25479
12/2/2025,Y1,Y_2025,BCI5TC,17062.5
12/2/2025,Y2,Y_2026,BCI5TC,23600
12/2/2025,Y3,Y_2027,BCI5TC,22611
12/2/2025,M0,Y_2028,BCI5TC,21236
12/3/2025,M1,M_Dec_2025,BCI5TC,33075
12/3/2025,M2,M_Jan_2026,BCI5TC,22125
12/3/2025,M3,M_Feb_2026,BCI5TC,16450
12/3/2025,Q0,M_Mar_2026,BCI5TC,20050
12/3/2025,Q1,Q_4_2025,BCI5TC,25362.5
12/3/2025,Q2,Q_1_2026,BCI5TC,19550
12/3/2025,Q3,Q_2_2026,BCI5TC,23825
12/3/2025,Y0,Q_3_2026,BCI5TC,25596
12/3/2025,Y1,Y_2025,BCI5TC,17062.5
12/3/2025,Y2,Y_2026,BCI5TC,23775
12/3/2025,Y3,Y_2027,BCI5TC,22732
12/3/2025,M0,Y_2028,BCI5TC,21296
12/4/2025,M1,M_Dec_2025,BCI5TC,33375
12/4/2025,M2,M_Jan_2026,BCI5TC,21500
12/4/2025,M3,M_Feb_2026,BCI5TC,16200
12/4/2025,Q0,M_Mar_2026,BCI5TC,19825
12/4/2025,Q1,Q_4_2025,BCI5TC,25362.5
12/4/2025,Q2,Q_1_2026,BCI5TC,19150
12/4/2025,Q3,Q_2_2026,BCI5TC,23825
12/4/2025,Y0,Q_3_2026,BCI5TC,25596
12/4/2025,Y1,Y_2025,BCI5TC,17062.5
12/4/2025,Y2,Y_2026,BCI5TC,23612.5
12/4/2025,Y3,Y_2027,BCI5TC,22668
12/4/2025,M0,Y_2028,BCI5TC,21268
12/5/2025,M1,M_Dec_2025,BCI5TC,33375
12/5/2025,M2,M_Jan_2026,BCI5TC,21500
12/5/2025,M3,M_Feb_2026,BCI5TC,16200
12/5/2025,Q0,M_Mar_2026,BCI5TC,19825
12/5/2025,Q1,Q_4_2025,BCI5TC,25362.5
12/5/2025,Q2,Q_1_2026,BCI5TC,19150
12/5/2025,Q3,Q_2_2026,BCI5TC,23825
12/5/2025,Y0,Q_3_2026,BCI5TC,25489
12/5/2025,Y1,Y_2025,BCI5TC,17062.5
12/5/2025,Y2,Y_2026,BCI5TC,23612.5
12/5/2025,Y3,Y_2027,BCI5TC,22582
12/5/2025,M0,Y_2028,BCI5TC,21186
12/8/2025,M1,M_Dec_2025,BCI5TC,34300
12/8/2025,M2,M_Jan_2026,BCI5TC,21425
12/8/2025,M3,M_Feb_2026,BCI5TC,16450
12/8/2025,Q0,M_Mar_2026,BCI5TC,20300
12/8/2025,Q1,Q_4_2025,BCI5TC,25362.5
12/8/2025,Q2,Q_1_2026,BCI5TC,19325
12/8/2025,Q3,Q_2_2026,BCI5TC,24250
12/8/2025,Y0,Q_3_2026,BCI5TC,25804
12/8/2025,Y1,Y_2025,BCI5TC,17062.5
12/8/2025,Y2,Y_2026,BCI5TC,23925
12/8/2025,Y3,Y_2027,BCI5TC,22796
12/8/2025,M0,Y_2028,BCI5TC,21275
12/9/2025,M1,M_Dec_2025,BCI5TC,33000
12/9/2025,M2,M_Jan_2026,BCI5TC,19875
12/9/2025,M3,M_Feb_2026,BCI5TC,16050
12/9/2025,Q0,M_Mar_2026,BCI5TC,20000
12/9/2025,Q1,Q_4_2025,BCI5TC,25362.5
12/9/2025,Q2,Q_1_2026,BCI5TC,18650
12/9/2025,Q3,Q_2_2026,BCI5TC,23850
12/9/2025,Y0,Q_3_2026,BCI5TC,25525
12/9/2025,Y1,Y_2025,BCI5TC,17062.5
12/9/2025,Y2,Y_2026,BCI5TC,23525
12/9/2025,Y3,Y_2027,BCI5TC,22607
12/9/2025,M0,Y_2028,BCI5TC,21154
12/10/2025,M1,M_Dec_2025,BCI5TC,33500
12/10/2025,M2,M_Jan_2026,BCI5TC,20500
12/10/2025,M3,M_Feb_2026,BCI5TC,16500
12/10/2025,Q0,M_Mar_2026,BCI5TC,20500
12/10/2025,Q1,Q_4_2025,BCI5TC,25362.5
12/10/2025,Q2,Q_1_2026,BCI5TC,19100
12/10/2025,Q3,Q_2_2026,BCI5TC,24050
12/10/2025,Y0,Q_3_2026,BCI5TC,25746
12/10/2025,Y1,Y_2025,BCI5TC,17062.5
12/10/2025,Y2,Y_2026,BCI5TC,23725
12/10/2025,Y3,Y_2027,BCI5TC,22764
12/10/2025,M0,Y_2028,BCI5TC,21239
12/11/2025,M1,M_Dec_2025,BCI5TC,33500
12/11/2025,M2,M_Jan_2026,BCI5TC,20500
12/11/2025,M3,M_Feb_2026,BCI5TC,16500
12/11/2025,Q0,M_Mar_2026,BCI5TC,20500
12/11/2025,Q1,Q_4_2025,BCI5TC,25362.5
12/11/2025,Q2,Q_1_2026,BCI5TC,19100
12/11/2025,Q3,Q_2_2026,BCI5TC,24050
12/11/2025,Y0,Q_3_2026,BCI5TC,25546
12/11/2025,Y1,Y_2025,BCI5TC,17062.5
12/11/2025,Y2,Y_2026,BCI5TC,23725
12/11/2025,Y3,Y_2027,BCI5TC,22604
12/11/2025,M0,Y_2028,BCI5TC,21182
12/12/2025,M1,M_Dec_2025,BCI5TC,33500
12/12/2025,M2,M_Jan_2026,BCI5TC,20500
12/12/2025,M3,M_Feb_2026,BCI5TC,16500
12/12/2025,Q0,M_Mar_2026,BCI5TC,20500
12/12/2025,Q1,Q_4_2025,BCI5TC,25362.5
12/12/2025,Q2,Q_1_2026,BCI5TC,19100
12/12/2025,Q3,Q_2_2026,BCI5TC,24050
12/12/2025,Y0,Q_3_2026,BCI5TC,25632
12/12/2025,Y1,Y_2025,BCI5TC,17062.5
12/12/2025,Y2,Y_2026,BCI5TC,23725
12/12/2025,Y3,Y_2027,BCI5TC,22675
12/12/2025,M0,Y_2028,BCI5TC,21204
12/15/2025,M1,M_Dec_2025,BCI5TC,34200
12/15/2025,M2,M_Jan_2026,BCI5TC,21325
12/15/2025,M3,M_Feb_2026,BCI5TC,16550
12/15/2025,Q0,M_Mar_2026,BCI5TC,20700
12/15/2025,Q1,Q_4_2025,BCI5TC,25362.5
12/15/2025,Q2,Q_1_2026,BCI5TC,19458.5
12/15/2025,Q3,Q_2_2026,BCI5TC,24150
12/15/2025,Y0,Q_3_2026,BCI5TC,25721
12/15/2025,Y1,Y_2025,BCI5TC,17062.5
12/15/2025,Y2,Y_2026,BCI5TC,23750
12/15/2025,Y3,Y_2027,BCI5TC,22764
12/15/2025,M0,Y_2028,BCI5TC,21229
12/16/2025,M1,M_Dec_2025,BCI5TC,34925
12/16/2025,M2,M_Jan_2026,BCI5TC,21375
12/16/2025,M3,M_Feb_2026,BCI5TC,16925
12/16/2025,Q0,M_Mar_2026,BCI5TC,20500
12/16/2025,Q1,Q_4_2025,BCI5TC,25362.5
12/16/2025,Q2,Q_1_2026,BCI5TC,19625
12/16/2025,Q3,Q_2_2026,BCI5TC,24350
12/16/2025,Y0,Q_3_2026,BCI5TC,25668
12/16/2025,Y1,Y_2025,BCI5TC,17062.5
12/16/2025,Y2,Y_2026,BCI5TC,23975
12/16/2025,Y3,Y_2027,BCI5TC,22711
12/16/2025,M0,Y_2028,BCI5TC,21218
12/17/2025,M1,M_Dec_2025,BCI5TC,34625
12/17/2025,M2,M_Jan_2026,BCI5TC,20125
12/17/2025,M3,M_Feb_2026,BCI5TC,16000
12/17/2025,Q0,M_Mar_2026,BCI5TC,19825
12/17/2025,Q1,Q_4_2025,BCI5TC,25362.5
12/17/2025,Q2,Q_1_2026,BCI5TC,18700
12/17/2025,Q3,Q_2_2026,BCI5TC,23625
12/17/2025,Y0,Q_3_2026,BCI5TC,25561
12/17/2025,Y1,Y_2025,BCI5TC,17062.5
12/17/2025,Y2,Y_2026,BCI5TC,23450
12/17/2025,Y3,Y_2027,BCI5TC,22518
12/17/2025,M0,Y_2028,BCI5TC,21136
12/18/2025,M1,M_Dec_2025,BCI5TC,34700
12/18/2025,M2,M_Jan_2026,BCI5TC,20750
12/18/2025,M3,M_Feb_2026,BCI5TC,16250
12/18/2025,Q0,M_Mar_2026,BCI5TC,20150
12/18/2025,Q1,Q_4_2025,BCI5TC,25362.5
12/18/2025,Q2,Q_1_2026,BCI5TC,19000
12/18/2025,Q3,Q_2_2026,BCI5TC,23800
12/18/2025,Y0,Q_3_2026,BCI5TC,25518
12/18/2025,Y1,Y_2025,BCI5TC,17062.5
12/18/2025,Y2,Y_2026,BCI5TC,23650
12/18/2025,Y3,Y_2027,BCI5TC,22600
12/18/2025,M0,Y_2028,BCI5TC,21168
12/19/2025,M1,M_Dec_2025,BCI5TC,34700
12/19/2025,M2,M_Jan_2026,BCI5TC,21350
12/19/2025,M3,M_Feb_2026,BCI5TC,16475
12/19/2025,Q0,M_Mar_2026,BCI5TC,20100
12/19/2025,Q1,Q_4_2025,BCI5TC,25362.5
12/19/2025,Q2,Q_1_2026,BCI5TC,19308.33
12/19/2025,Q3,Q_2_2026,BCI5TC,24125
12/19/2025,Y0,Q_3_2026,BCI5TC,25600
12/19/2025,Y1,Y_2025,BCI5TC,17062.5
12/19/2025,Y2,Y_2026,BCI5TC,23700
12/19/2025,Y3,Y_2027,BCI5TC,22654
12/19/2025,M0,Y_2028,BCI5TC,21193
12/22/2025,M1,M_Dec_2025,BCI5TC,34700
12/22/2025,M2,M_Jan_2026,BCI5TC,21450
12/22/2025,M3,M_Feb_2026,BCI5TC,17025
12/22/2025,Q0,M_Mar_2026,BCI5TC,20375
12/22/2025,Q1,Q_4_2025,BCI5TC,25362.5
12/22/2025,Q2,Q_1_2026,BCI5TC,19625
12/22/2025,Q3,Q_2_2026,BCI5TC,24425
12/22/2025,Y0,Q_3_2026,BCI5TC,25796
12/22/2025,Y1,Y_2025,BCI5TC,17062.5
12/22/2025,Y2,Y_2026,BCI5TC,24025
12/22/2025,Y3,Y_2027,BCI5TC,22796
12/22/2025,M0,Y_2028,BCI5TC,21216
12/23/2025,M1,M_Dec_2025,BCI5TC,34700
12/23/2025,M2,M_Jan_2026,BCI5TC,20500
12/23/2025,M3,M_Feb_2026,BCI5TC,16750
12/23/2025,Q0,M_Mar_2026,BCI5TC,20200
12/23/2025,Q1,Q_4_2025,BCI5TC,25362.5
12/23/2025,Q2,Q_1_2026,BCI5TC,19150
12/23/2025,Q3,Q_2_2026,BCI5TC,24125
12/23/2025,Y0,Q_3_2026,BCI5TC,25636
12/23/2025,Y1,Y_2025,BCI5TC,17062.5
12/23/2025,Y2,Y_2026,BCI5TC,23700
12/23/2025,Y3,Y_2027,BCI5TC,22686
12/23/2025,M0,Y_2028,BCI5TC,21164
12/24/2025,M1,M_Dec_2025,BCI5TC,20375
12/24/2025,M2,M_Jan_2026,BCI5TC,16750
12/24/2025,M3,M_Feb_2026,BCI5TC,20200
12/24/2025,Q0,M_Mar_2026,BCI5TC,20200
12/24/2025,Q1,Q_4_2025,BCI5TC,18950
12/24/2025,Q2,Q_1_2026,BCI5TC,24125
12/24/2025,Q3,Q_2_2026,BCI5TC,25550
12/24/2025,Y0,Q_3_2026,BCI5TC,26121
12/24/2025,Y1,Y_2025,BCI5TC,23725
12/24/2025,Y2,Y_2026,BCI5TC,22625
12/24/2025,Y3,Y_2027,BCI5TC,21157
12/24/2025,M0,Y_2028,BCI5TC,19961
12/25/2025,M1,M_Dec_2025,BCI5TC,20375
12/25/2025,M2,M_Jan_2026,BCI5TC,16750
12/25/2025,M3,M_Feb_2026,BCI5TC,20200
12/25/2025,Q0,M_Mar_2026,BCI5TC,20200
12/25/2025,Q1,Q_4_2025,BCI5TC,18950
12/25/2025,Q2,Q_1_2026,BCI5TC,24125
12/25/2025,Q3,Q_2_2026,BCI5TC,25550
12/25/2025,Y0,Q_3_2026,BCI5TC,26121
12/25/2025,Y1,Y_2025,BCI5TC,23725
12/25/2025,Y2,Y_2026,BCI5TC,22625
12/25/2025,Y3,Y_2027,BCI5TC,21157
12/25/2025,M0,Y_2028,BCI5TC,19961
12/26/2025,M1,M_Dec_2025,BCI5TC,20375
12/26/2025,M2,M_Jan_2026,BCI5TC,16750
12/26/2025,M3,M_Feb_2026,BCI5TC,20200
12/26/2025,Q0,M_Mar_2026,BCI5TC,20200
12/26/2025,Q1,Q_4_2025,BCI5TC,18950
12/26/2025,Q2,Q_1_2026,BCI5TC,24125
12/26/2025,Q3,Q_2_2026,BCI5TC,25550
12/26/2025,Y0,Q_3_2026,BCI5TC,26121
12/26/2025,Y1,Y_2025,BCI5TC,23725
12/26/2025,Y2,Y_2026,BCI5TC,22625
12/26/2025,Y3,Y_2027,BCI5TC,21157
12/26/2025,M0,Y_2028,BCI5TC,19961
12/29/2025,M1,M_Dec_2025,BCI5TC,20500
12/29/2025,M2,M_Jan_2026,BCI5TC,16750
12/29/2025,M3,M_Feb_2026,BCI5TC,20000
12/29/2025,Q0,M_Mar_2026,BCI5TC,20200
12/29/2025,Q1,Q_4_2025,BCI5TC,18950
12/29/2025,Q2,Q_1_2026,BCI5TC,24000
12/29/2025,Q3,Q_2_2026,BCI5TC,25550
12/29/2025,Y0,Q_3_2026,BCI5TC,26096
12/29/2025,Y1,Y_2025,BCI5TC,23675
12/29/2025,Y2,Y_2026,BCI5TC,22625
12/29/2025,Y3,Y_2027,BCI5TC,21132
12/29/2025,M0,Y_2028,BCI5TC,19950
12/30/2025,M1,M_Dec_2025,BCI5TC,20200
12/30/2025,M2,M_Jan_2026,BCI5TC,16675
12/30/2025,M3,M_Feb_2026,BCI5TC,19925
12/30/2025,Q0,M_Mar_2026,BCI5TC,20200
12/30/2025,Q1,Q_4_2025,BCI5TC,18950
12/30/2025,Q2,Q_1_2026,BCI5TC,23900
12/30/2025,Q3,Q_2_2026,BCI5TC,25350
12/30/2025,Y0,Q_3_2026,BCI5TC,25936
12/30/2025,Y1,Y_2025,BCI5TC,23525
12/30/2025,Y2,Y_2026,BCI5TC,22625
12/30/2025,Y3,Y_2027,BCI5TC,21129
12/30/2025,M0,Y_2028,BCI5TC,19943
12/31/2025,M1,M_Dec_2025,BCI5TC,19825
12/31/2025,M2,M_Jan_2026,BCI5TC,16375
12/31/2025,M3,M_Feb_2026,BCI5TC,20300
12/31/2025,Q0,M_Mar_2026,BCI5TC,22550
12/31/2025,Q1,Q_4_2025,BCI5TC,18950
12/31/2025,Q2,Q_1_2026,BCI5TC,23825
12/31/2025,Q3,Q_2_2026,BCI5TC,25350
12/31/2025,Y0,Q_3_2026,BCI5TC,26021
12/31/2025,Y1,Y_2025,BCI5TC,23525
12/31/2025,Y2,Y_2026,BCI5TC,22625
12/31/2025,Y3,Y_2027,BCI5TC,21157
12/31/2025,M0,Y_2028,BCI5TC,19943
1/1/2026,M1,M_Jan_2026,BCI5TC,19825
1/1/2026,M2,M_Feb_2026,BCI5TC,16375
1/1/2026,M3,M_Mar_2026,BCI5TC,20300
1/1/2026,Q0,M_Apr_2026,BCI5TC,22550
1/1/2026,Q1,Q_1_2026,BCI5TC,18950
1/1/2026,Q2,Q_2_2026,BCI5TC,23825
1/1/2026,Q3,Q_3_2026,BCI5TC,25350
1/1/2026,Y0,Q_4_2026,BCI5TC,26021
1/1/2026,Y1,Y_2026,BCI5TC,23525
1/1/2026,Y2,Y_2027,BCI5TC,22625
1/1/2026,Y3,Y_2028,BCI5TC,21157
1/1/2026,M0,Y_2029,BCI5TC,19943
1/2/2026,M1,M_Jan_2026,BCI5TC,18925
1/2/2026,M2,M_Feb_2026,BCI5TC,15975
1/2/2026,M3,M_Mar_2026,BCI5TC,20125
1/2/2026,Q0,M_Apr_2026,BCI5TC,22375
1/2/2026,Q1,Q_1_2026,BCI5TC,18500
1/2/2026,Q2,Q_2_2026,BCI5TC,23625
1/2/2026,Q3,Q_3_2026,BCI5TC,25475
1/2/2026,Y0,Q_4_2026,BCI5TC,26000
1/2/2026,Y1,Y_2026,BCI5TC,23575
1/2/2026,Y2,Y_2027,BCI5TC,22650
1/2/2026,Y3,Y_2028,BCI5TC,21132
1/2/2026,M0,Y_2029,BCI5TC,19932
1/5/2026,M1,M_Jan_2026,BCI5TC,19800
1/5/2026,M2,M_Feb_2026,BCI5TC,16400
1/5/2026,M3,M_Mar_2026,BCI5TC,20775
1/5/2026,Q0,M_Apr_2026,BCI5TC,23000
1/5/2026,Q1,Q_1_2026,BCI5TC,18975
1/5/2026,Q2,Q_2_2026,BCI5TC,23975
1/5/2026,Q3,Q_3_2026,BCI5TC,25625
1/5/2026,Y0,Q_4_2026,BCI5TC,26129
1/5/2026,Y1,Y_2026,BCI5TC,23700
1/5/2026,Y2,Y_2027,BCI5TC,22550
1/5/2026,Y3,Y_2028,BCI5TC,21221
1/5/2026,M0,Y_2029,BCI5TC,20018
1/6/2026,M1,M_Jan_2026,BCI5TC,20425
1/6/2026,M2,M_Feb_2026,BCI5TC,16475
1/6/2026,M3,M_Mar_2026,BCI5TC,21300
1/6/2026,Q0,M_Apr_2026,BCI5TC,23250
1/6/2026,Q1,Q_1_2026,BCI5TC,19400
1/6/2026,Q2,Q_2_2026,BCI5TC,24175
1/6/2026,Q3,Q_3_2026,BCI5TC,25837.5
1/6/2026,Y0,Q_4_2026,BCI5TC,26189
1/6/2026,Y1,Y_2026,BCI5TC,23900
1/6/2026,Y2,Y_2027,BCI5TC,22725
1/6/2026,Y3,Y_2028,BCI5TC,21275
1/6/2026,M0,Y_2029,BCI5TC,20064
1/7/2026,M1,M_Jan_2026,BCI5TC,19200
1/7/2026,M2,M_Feb_2026,BCI5TC,15800
1/7/2026,M3,M_Mar_2026,BCI5TC,21100
1/7/2026,Q0,M_Apr_2026,BCI5TC,23250
1/7/2026,Q1,Q_1_2026,BCI5TC,18675
1/7/2026,Q2,Q_2_2026,BCI5TC,24125
1/7/2026,Q3,Q_3_2026,BCI5TC,25700
1/7/2026,Y0,Q_4_2026,BCI5TC,26125
1/7/2026,Y1,Y_2026,BCI5TC,23675
1/7/2026,Y2,Y_2027,BCI5TC,22750
1/7/2026,Y3,Y_2028,BCI5TC,21229
1/7/2026,M0,Y_2029,BCI5TC,20050
1/8/2026,M1,M_Jan_2026,BCI5TC,19825
1/8/2026,M2,M_Feb_2026,BCI5TC,16700
1/8/2026,M3,M_Mar_2026,BCI5TC,21975
1/8/2026,Q0,M_Apr_2026,BCI5TC,23750
1/8/2026,Q1,Q_1_2026,BCI5TC,19500
1/8/2026,Q2,Q_2_2026,BCI5TC,24675
1/8/2026,Q3,Q_3_2026,BCI5TC,26125
1/8/2026,Y0,Q_4_2026,BCI5TC,26464
1/8/2026,Y1,Y_2026,BCI5TC,24162.5
1/8/2026,Y2,Y_2027,BCI5TC,22750
1/8/2026,Y3,Y_2028,BCI5TC,21475
1/8/2026,M0,Y_2029,BCI5TC,20225
1/9/2026,M1,M_Jan_2026,BCI5TC,19200
1/9/2026,M2,M_Feb_2026,BCI5TC,16250
1/9/2026,M3,M_Mar_2026,BCI5TC,21450
1/9/2026,Q0,M_Apr_2026,BCI5TC,23750
1/9/2026,Q1,Q_1_2026,BCI5TC,19000
1/9/2026,Q2,Q_2_2026,BCI5TC,24375
1/9/2026,Q3,Q_3_2026,BCI5TC,26000
1/9/2026,Y0,Q_4_2026,BCI5TC,26379
1/9/2026,Y1,Y_2026,BCI5TC,23925
1/9/2026,Y2,Y_2027,BCI5TC,23000
1/9/2026,Y3,Y_2028,BCI5TC,21400
1/9/2026,M0,Y_2029,BCI5TC,20218
1/12/2026,M1,M_Jan_2026,BCI5TC,18550
1/12/2026,M2,M_Feb_2026,BCI5TC,15650
1/12/2026,M3,M_Mar_2026,BCI5TC,20925
1/12/2026,Q0,M_Apr_2026,BCI5TC,23375
1/12/2026,Q1,Q_1_2026,BCI5TC,18537.5
1/12/2026,Q2,Q_2_2026,BCI5TC,24175
1/12/2026,Q3,Q_3_2026,BCI5TC,25925
1/12/2026,Y0,Q_4_2026,BCI5TC,26289
1/12/2026,Y1,Y_2026,BCI5TC,23725
1/12/2026,Y2,Y_2027,BCI5TC,22900
1/12/2026,Y3,Y_2028,BCI5TC,21371
1/12/2026,M0,Y_2029,BCI5TC,20211
1/13/2026,M1,M_Jan_2026,BCI5TC,18600
1/13/2026,M2,M_Feb_2026,BCI5TC,15650
1/13/2026,M3,M_Mar_2026,BCI5TC,21250
1/13/2026,Q0,M_Apr_2026,BCI5TC,23675
1/13/2026,Q1,Q_1_2026,BCI5TC,18500
1/13/2026,Q2,Q_2_2026,BCI5TC,24412.5
1/13/2026,Q3,Q_3_2026,BCI5TC,26025
1/13/2026,Y0,Q_4_2026,BCI5TC,26493
1/13/2026,Y1,Y_2026,BCI5TC,23875
1/13/2026,Y2,Y_2027,BCI5TC,23100
1/13/2026,Y3,Y_2028,BCI5TC,21379
1/13/2026,M0,Y_2029,BCI5TC,20218
1/14/2026,M1,M_Jan_2026,BCI5TC,18825
1/14/2026,M2,M_Feb_2026,BCI5TC,15875
1/14/2026,M3,M_Mar_2026,BCI5TC,21750
1/14/2026,Q0,M_Apr_2026,BCI5TC,24250
1/14/2026,Q1,Q_1_2026,BCI5TC,18825
1/14/2026,Q2,Q_2_2026,BCI5TC,24875
1/14/2026,Q3,Q_3_2026,BCI5TC,26550
1/14/2026,Y0,Q_4_2026,BCI5TC,26943
1/14/2026,Y1,Y_2026,BCI5TC,24312.5
1/14/2026,Y2,Y_2027,BCI5TC,23325
1/14/2026,Y3,Y_2028,BCI5TC,21557
1/14/2026,M0,Y_2029,BCI5TC,20371
1/15/2026,M1,M_Jan_2026,BCI5TC,19075
1/15/2026,M2,M_Feb_2026,BCI5TC,17625
1/15/2026,M3,M_Mar_2026,BCI5TC,21750
1/15/2026,Q0,M_Apr_2026,BCI5TC,24250
1/15/2026,Q1,Q_1_2026,BCI5TC,20075
1/15/2026,Q2,Q_2_2026,BCI5TC,26225
1/15/2026,Q3,Q_3_2026,BCI5TC,27025
1/15/2026,Y0,Q_4_2026,BCI5TC,27411
1/15/2026,Y1,Y_2026,BCI5TC,24312.5
1/15/2026,Y2,Y_2027,BCI5TC,23325
1/15/2026,Y3,Y_2028,BCI5TC,22007
1/15/2026,M0,Y_2029,BCI5TC,20611
1/16/2026,M1,M_Jan_2026,BCI5TC,19125
1/16/2026,M2,M_Feb_2026,BCI5TC,17875
1/16/2026,M3,M_Mar_2026,BCI5TC,23750
1/16/2026,Q0,M_Apr_2026,BCI5TC,26050
1/16/2026,Q1,Q_1_2026,BCI5TC,20433
1/16/2026,Q2,Q_2_2026,BCI5TC,26325
1/16/2026,Q3,Q_3_2026,BCI5TC,27125
1/16/2026,Y0,Q_4_2026,BCI5TC,27643
1/16/2026,Y1,Y_2026,BCI5TC,25312.5
1/16/2026,Y2,Y_2027,BCI5TC,24300
1/16/2026,Y3,Y_2028,BCI5TC,22243
1/16/2026,M0,Y_2029,BCI5TC,20896
1/19/2026,M1,M_Jan_2026,BCI5TC,19800
1/19/2026,M2,M_Feb_2026,BCI5TC,19300
1/19/2026,M3,M_Mar_2026,BCI5TC,24550
1/19/2026,Q0,M_Apr_2026,BCI5TC,26500
1/19/2026,Q1,Q_1_2026,BCI5TC,21200
1/19/2026,Q2,Q_2_2026,BCI5TC,26875
1/19/2026,Q3,Q_3_2026,BCI5TC,27675
1/19/2026,Y0,Q_4_2026,BCI5TC,27989
1/19/2026,Y1,Y_2026,BCI5TC,25962.5
1/19/2026,Y2,Y_2027,BCI5TC,24525
1/19/2026,Y3,Y_2028,BCI5TC,22364
1/19/2026,M0,Y_2029,BCI5TC,21146
1/20/2026,M1,M_Jan_2026,BCI5TC,20000
1/20/2026,M2,M_Feb_2026,BCI5TC,20200
1/20/2026,M3,M_Mar_2026,BCI5TC,25200
1/20/2026,Q0,M_Apr_2026,BCI5TC,26650
1/20/2026,Q1,Q_1_2026,BCI5TC,21800
1/20/2026,Q2,Q_2_2026,BCI5TC,27150
1/20/2026,Q3,Q_3_2026,BCI5TC,28150
1/20/2026,Y0,Q_4_2026,BCI5TC,28404
1/20/2026,Y1,Y_2026,BCI5TC,26400
1/20/2026,Y2,Y_2027,BCI5TC,24750
1/20/2026,Y3,Y_2028,BCI5TC,22646
1/20/2026,M0,Y_2029,BCI5TC,21343
1/21/2026,M1,M_Jan_2026,BCI5TC,20750
1/21/2026,M2,M_Feb_2026,BCI5TC,20375
1/21/2026,M3,M_Mar_2026,BCI5TC,25150
1/21/2026,Q0,M_Apr_2026,BCI5TC,26000
1/21/2026,Q1,Q_1_2026,BCI5TC,22100
1/21/2026,Q2,Q_2_2026,BCI5TC,26900
1/21/2026,Q3,Q_3_2026,BCI5TC,27950
1/21/2026,Y0,Q_4_2026,BCI5TC,28454
1/21/2026,Y1,Y_2026,BCI5TC,26325
1/21/2026,Y2,Y_2027,BCI5TC,24925
1/21/2026,Y3,Y_2028,BCI5TC,22893
1/21/2026,M0,Y_2029,BCI5TC,21436
1/22/2026,M1,M_Jan_2026,BCI5TC,20100
1/22/2026,M2,M_Feb_2026,BCI5TC,19750
1/22/2026,M3,M_Mar_2026,BCI5TC,24500
1/22/2026,Q0,M_Apr_2026,BCI5TC,25500
1/22/2026,Q1,Q_1_2026,BCI5TC,21450
1/22/2026,Q2,Q_2_2026,BCI5TC,27100
1/22/2026,Q3,Q_3_2026,BCI5TC,27975
1/22/2026,Y0,Q_4_2026,BCI5TC,28518
1/22/2026,Y1,Y_2026,BCI5TC,26350
1/22/2026,Y2,Y_2027,BCI5TC,25100
1/22/2026,Y3,Y_2028,BCI5TC,22914
1/22/2026,M0,Y_2029,BCI5TC,21393
1/23/2026,M1,M_Jan_2026,BCI5TC,20100
1/23/2026,M2,M_Feb_2026,BCI5TC,19750
1/23/2026,M3,M_Mar_2026,BCI5TC,24500
1/23/2026,Q0,M_Apr_2026,BCI5TC,25500
1/23/2026,Q1,Q_1_2026,BCI5TC,21450
1/23/2026,Q2,Q_2_2026,BCI5TC,27100
1/23/2026,Q3,Q_3_2026,BCI5TC,27975
1/23/2026,Y0,Q_4_2026,BCI5TC,28518
1/23/2026,Y1,Y_2026,BCI5TC,26350
1/23/2026,Y2,Y_2027,BCI5TC,25100
1/23/2026,Y3,Y_2028,BCI5TC,22914
1/23/2026,,Y_2029,BCI5TC,21393
