Date,Forward,Contract,Route,Price
1/1/2024,M0,M_Jan_2024,BPI5TC,15850
1/1/2024,M1,M_Feb_2024,BPI5TC,14700
1/1/2024,M2,M_Mar_2024,BPI5TC,15450
1/1/2024,M3,M_Apr_2024,BPI5TC,14225
1/1/2024,Q0,Q_1_2024,BPI5TC,15450
1/1/2024,Q1,Q_2_2024,BPI5TC,15700
1/1/2024,Q2,Q_3_2024,BPI5TC,14475
1/1/2024,Q3,Q_4_2024,BPI5TC,13618
1/1/2024,Y0,Y_2024,BPI5TC,14925
1/1/2024,Y1,Y_2025,BPI5TC,12800
1/1/2024,Y2,Y_2026,BPI5TC,12193
1/1/2024,Y3,Y_2027,BPI5TC,12136
1/2/2024,M0,M_Jan_2024,BPI5TC,13550
1/2/2024,M1,M_Feb_2024,BPI5TC,12850
1/2/2024,M2,M_Mar_2024,BPI5TC,13950
1/2/2024,M3,M_Apr_2024,BPI5TC,13950
1/2/2024,Q0,Q_1_2024,BPI5TC,13450
1/2/2024,Q1,Q_2_2024,BPI5TC,14275
1/2/2024,Q2,Q_3_2024,BPI5TC,13600
1/2/2024,Q3,Q_4_2024,BPI5TC,12868
1/2/2024,Y0,Y_2024,BPI5TC,13600
1/2/2024,Y1,Y_2025,BPI5TC,12300
1/2/2024,Y2,Y_2026,BPI5TC,11921
1/2/2024,Y3,Y_2027,BPI5TC,11957
1/3/2024,M0,M_Jan_2024,BPI5TC,12925
1/3/2024,M1,M_Feb_2024,BPI5TC,11800
1/3/2024,M2,M_Mar_2024,BPI5TC,13375
1/3/2024,M3,M_Apr_2024,BPI5TC,13250
1/3/2024,Q0,Q_1_2024,BPI5TC,12700
1/3/2024,Q1,Q_2_2024,BPI5TC,14050
1/3/2024,Q2,Q_3_2024,BPI5TC,13225
1/3/2024,Q3,Q_4_2024,BPI5TC,12836
1/3/2024,Y0,Y_2024,BPI5TC,13125
1/3/2024,Y1,Y_2025,BPI5TC,12175
1/3/2024,Y2,Y_2026,BPI5TC,11907
1/3/2024,Y3,Y_2027,BPI5TC,11900
1/4/2024,M0,M_Jan_2024,BPI5TC,13225
1/4/2024,M1,M_Feb_2024,BPI5TC,11975
1/4/2024,M2,M_Mar_2024,BPI5TC,13525
1/4/2024,M3,M_Apr_2024,BPI5TC,13125
1/4/2024,Q0,Q_1_2024,BPI5TC,12900
1/4/2024,Q1,Q_2_2024,BPI5TC,14375
1/4/2024,Q2,Q_3_2024,BPI5TC,13625
1/4/2024,Q3,Q_4_2024,BPI5TC,13264
1/4/2024,Y0,Y_2024,BPI5TC,13650
1/4/2024,Y1,Y_2025,BPI5TC,12275
1/4/2024,Y2,Y_2026,BPI5TC,11950
1/4/2024,Y3,Y_2027,BPI5TC,11929
1/5/2024,M0,M_Jan_2024,BPI5TC,12875
1/5/2024,M1,M_Feb_2024,BPI5TC,11800
1/5/2024,M2,M_Mar_2024,BPI5TC,13550
1/5/2024,M3,M_Apr_2024,BPI5TC,14000
1/5/2024,Q0,Q_1_2024,BPI5TC,12750
1/5/2024,Q1,Q_2_2024,BPI5TC,14225
1/5/2024,Q2,Q_3_2024,BPI5TC,13650
1/5/2024,Q3,Q_4_2024,BPI5TC,13386
1/5/2024,Y0,Y_2024,BPI5TC,13544
1/5/2024,Y1,Y_2025,BPI5TC,12300
1/5/2024,Y2,Y_2026,BPI5TC,11979
1/5/2024,Y3,Y_2027,BPI5TC,11950
1/8/2024,M0,M_Jan_2024,BPI5TC,12875
1/8/2024,M1,M_Feb_2024,BPI5TC,11800
1/8/2024,M2,M_Mar_2024,BPI5TC,13550
1/8/2024,M3,M_Apr_2024,BPI5TC,14000
1/8/2024,Q0,Q_1_2024,BPI5TC,12750
1/8/2024,Q1,Q_2_2024,BPI5TC,14225
1/8/2024,Q2,Q_3_2024,BPI5TC,13650
1/8/2024,Q3,Q_4_2024,BPI5TC,12864
1/8/2024,Y0,Y_2024,BPI5TC,13544
1/8/2024,Y1,Y_2025,BPI5TC,12300
1/8/2024,Y2,Y_2026,BPI5TC,11807
1/8/2024,Y3,Y_2027,BPI5TC,11843
1/9/2024,M0,M_Jan_2024,BPI5TC,11625
1/9/2024,M1,M_Feb_2024,BPI5TC,10375
1/9/2024,M2,M_Mar_2024,BPI5TC,12225
1/9/2024,M3,M_Apr_2024,BPI5TC,12000
1/9/2024,Q0,Q_1_2024,BPI5TC,11400
1/9/2024,Q1,Q_2_2024,BPI5TC,13225
1/9/2024,Q2,Q_3_2024,BPI5TC,12850
1/9/2024,Q3,Q_4_2024,BPI5TC,12679
1/9/2024,Y0,Y_2024,BPI5TC,12537.5
1/9/2024,Y1,Y_2025,BPI5TC,11750
1/9/2024,Y2,Y_2026,BPI5TC,11707
1/9/2024,Y3,Y_2027,BPI5TC,11771
1/10/2024,M0,M_Jan_2024,BPI5TC,11975
1/10/2024,M1,M_Feb_2024,BPI5TC,10875
1/10/2024,M2,M_Mar_2024,BPI5TC,12975
1/10/2024,M3,M_Apr_2024,BPI5TC,12000
1/10/2024,Q0,Q_1_2024,BPI5TC,11975
1/10/2024,Q1,Q_2_2024,BPI5TC,13675
1/10/2024,Q2,Q_3_2024,BPI5TC,13275
1/10/2024,Q3,Q_4_2024,BPI5TC,13032
1/10/2024,Y0,Y_2024,BPI5TC,13000
1/10/2024,Y1,Y_2025,BPI5TC,12025
1/10/2024,Y2,Y_2026,BPI5TC,11757
1/10/2024,Y3,Y_2027,BPI5TC,11771
1/11/2024,M0,M_Jan_2024,BPI5TC,11850
1/11/2024,M1,M_Feb_2024,BPI5TC,10825
1/11/2024,M2,M_Mar_2024,BPI5TC,12850
1/11/2024,M3,M_Apr_2024,BPI5TC,13450
1/11/2024,Q0,Q_1_2024,BPI5TC,11841.5
1/11/2024,Q1,Q_2_2024,BPI5TC,13750
1/11/2024,Q2,Q_3_2024,BPI5TC,13325
1/11/2024,Q3,Q_4_2024,BPI5TC,13050
1/11/2024,Y0,Y_2024,BPI5TC,12950
1/11/2024,Y1,Y_2025,BPI5TC,12000
1/11/2024,Y2,Y_2026,BPI5TC,11793
1/11/2024,Y3,Y_2027,BPI5TC,11779
1/12/2024,M0,M_Jan_2024,BPI5TC,12075
1/12/2024,M1,M_Feb_2024,BPI5TC,11450
1/12/2024,M2,M_Mar_2024,BPI5TC,13250
1/12/2024,M3,M_Apr_2024,BPI5TC,13600
1/12/2024,Q0,Q_1_2024,BPI5TC,12225
1/12/2024,Q1,Q_2_2024,BPI5TC,14100
1/12/2024,Q2,Q_3_2024,BPI5TC,13650
1/12/2024,Q3,Q_4_2024,BPI5TC,13229
1/12/2024,Y0,Y_2024,BPI5TC,13300
1/12/2024,Y1,Y_2025,BPI5TC,12075
1/12/2024,Y2,Y_2026,BPI5TC,11850
1/12/2024,Y3,Y_2027,BPI5TC,11793
1/15/2024,M0,M_Jan_2024,BPI5TC,11900
1/15/2024,M1,M_Feb_2024,BPI5TC,11600
1/15/2024,M2,M_Mar_2024,BPI5TC,13750
1/15/2024,M3,M_Apr_2024,BPI5TC,13525
1/15/2024,Q0,Q_1_2024,BPI5TC,14175
1/15/2024,Q1,Q_2_2024,BPI5TC,14325
1/15/2024,Q2,Q_3_2024,BPI5TC,13575
1/15/2024,Q3,Q_4_2024,BPI5TC,13279
1/15/2024,Y0,Y_2024,BPI5TC,13375
1/15/2024,Y1,Y_2025,BPI5TC,12100
1/15/2024,Y2,Y_2026,BPI5TC,11839
1/15/2024,Y3,Y_2027,BPI5TC,11771
1/16/2024,M0,M_Jan_2024,BPI5TC,12325
1/16/2024,M1,M_Feb_2024,BPI5TC,12375
1/16/2024,M2,M_Mar_2024,BPI5TC,14275
1/16/2024,M3,M_Apr_2024,BPI5TC,14500
1/16/2024,Q0,Q_1_2024,BPI5TC,13000
1/16/2024,Q1,Q_2_2024,BPI5TC,14700
1/16/2024,Q2,Q_3_2024,BPI5TC,13925
1/16/2024,Q3,Q_4_2024,BPI5TC,13518
1/16/2024,Y0,Y_2024,BPI5TC,13775
1/16/2024,Y1,Y_2025,BPI5TC,12300
1/16/2024,Y2,Y_2026,BPI5TC,11875
1/16/2024,Y3,Y_2027,BPI5TC,11757
1/17/2024,M0,M_Jan_2024,BPI5TC,12550
1/17/2024,M1,M_Feb_2024,BPI5TC,12625
1/17/2024,M2,M_Mar_2024,BPI5TC,14600
1/17/2024,M3,M_Apr_2024,BPI5TC,15000
1/17/2024,Q0,Q_1_2024,BPI5TC,13262.5
1/17/2024,Q1,Q_2_2024,BPI5TC,14950
1/17/2024,Q2,Q_3_2024,BPI5TC,14175
1/17/2024,Q3,Q_4_2024,BPI5TC,13682
1/17/2024,Y0,Y_2024,BPI5TC,13975
1/17/2024,Y1,Y_2025,BPI5TC,12375
1/17/2024,Y2,Y_2026,BPI5TC,11893
1/17/2024,Y3,Y_2027,BPI5TC,11789
1/18/2024,M0,M_Jan_2024,BPI5TC,12975
1/18/2024,M1,M_Feb_2024,BPI5TC,13575
1/18/2024,M2,M_Mar_2024,BPI5TC,15300
1/18/2024,M3,M_Apr_2024,BPI5TC,15625
1/18/2024,Q0,Q_1_2024,BPI5TC,13950
1/18/2024,Q1,Q_2_2024,BPI5TC,15600
1/18/2024,Q2,Q_3_2024,BPI5TC,14575
1/18/2024,Q3,Q_4_2024,BPI5TC,14182
1/18/2024,Y0,Y_2024,BPI5TC,14500
1/18/2024,Y1,Y_2025,BPI5TC,12625
1/18/2024,Y2,Y_2026,BPI5TC,12021
1/18/2024,Y3,Y_2027,BPI5TC,11904
1/19/2024,M0,M_Jan_2024,BPI5TC,13100
1/19/2024,M1,M_Feb_2024,BPI5TC,13625
1/19/2024,M2,M_Mar_2024,BPI5TC,15550
1/19/2024,M3,M_Apr_2024,BPI5TC,15625
1/19/2024,Q0,Q_1_2024,BPI5TC,14087.5
1/19/2024,Q1,Q_2_2024,BPI5TC,15700
1/19/2024,Q2,Q_3_2024,BPI5TC,14400
1/19/2024,Q3,Q_4_2024,BPI5TC,14093
1/19/2024,Y0,Y_2024,BPI5TC,14525
1/19/2024,Y1,Y_2025,BPI5TC,12650
1/19/2024,Y2,Y_2026,BPI5TC,12029
1/19/2024,Y3,Y_2027,BPI5TC,11864
1/22/2024,M0,M_Jan_2024,BPI5TC,12875
1/22/2024,M1,M_Feb_2024,BPI5TC,13200
1/22/2024,M2,M_Mar_2024,BPI5TC,15150
1/22/2024,M3,M_Apr_2024,BPI5TC,15350
1/22/2024,Q0,Q_1_2024,BPI5TC,13725
1/22/2024,Q1,Q_2_2024,BPI5TC,15250
1/22/2024,Q2,Q_3_2024,BPI5TC,14200
1/22/2024,Q3,Q_4_2024,BPI5TC,13871
1/22/2024,Y0,Y_2024,BPI5TC,14250
1/22/2024,Y1,Y_2025,BPI5TC,12400
1/22/2024,Y2,Y_2026,BPI5TC,11989
1/22/2024,Y3,Y_2027,BPI5TC,11836
1/23/2024,M0,M_Jan_2024,BPI5TC,12950
1/23/2024,M1,M_Feb_2024,BPI5TC,13550
1/23/2024,M2,M_Mar_2024,BPI5TC,15475
1/23/2024,M3,M_Apr_2024,BPI5TC,15625
1/23/2024,Q0,Q_1_2024,BPI5TC,14000
1/23/2024,Q1,Q_2_2024,BPI5TC,15600
1/23/2024,Q2,Q_3_2024,BPI5TC,14425
1/23/2024,Q3,Q_4_2024,BPI5TC,13996
1/23/2024,Y0,Y_2024,BPI5TC,14512.5
1/23/2024,Y1,Y_2025,BPI5TC,12625
1/23/2024,Y2,Y_2026,BPI5TC,12000
1/23/2024,Y3,Y_2027,BPI5TC,11850
1/24/2024,M0,M_Jan_2024,BPI5TC,13275
1/24/2024,M1,M_Feb_2024,BPI5TC,14700
1/24/2024,M2,M_Mar_2024,BPI5TC,16250
1/24/2024,M3,M_Apr_2024,BPI5TC,16400
1/24/2024,Q0,Q_1_2024,BPI5TC,14750
1/24/2024,Q1,Q_2_2024,BPI5TC,16300
1/24/2024,Q2,Q_3_2024,BPI5TC,14925
1/24/2024,Q3,Q_4_2024,BPI5TC,14482
1/24/2024,Y0,Y_2024,BPI5TC,15125
1/24/2024,Y1,Y_2025,BPI5TC,12800
1/24/2024,Y2,Y_2026,BPI5TC,12146
1/24/2024,Y3,Y_2027,BPI5TC,11914
1/25/2024,M0,M_Jan_2024,BPI5TC,13075
1/25/2024,M1,M_Feb_2024,BPI5TC,14125
1/25/2024,M2,M_Mar_2024,BPI5TC,15825
1/25/2024,M3,M_Apr_2024,BPI5TC,15850
1/25/2024,Q0,Q_1_2024,BPI5TC,14325
1/25/2024,Q1,Q_2_2024,BPI5TC,15825
1/25/2024,Q2,Q_3_2024,BPI5TC,14500
1/25/2024,Q3,Q_4_2024,BPI5TC,14168
1/25/2024,Y0,Y_2024,BPI5TC,14687.5
1/25/2024,Y1,Y_2025,BPI5TC,12625
1/25/2024,Y2,Y_2026,BPI5TC,12046
1/25/2024,Y3,Y_2027,BPI5TC,11886
1/26/2024,M0,M_Jan_2024,BPI5TC,13025
1/26/2024,M1,M_Feb_2024,BPI5TC,13675
1/26/2024,M2,M_Mar_2024,BPI5TC,15675
1/26/2024,M3,M_Apr_2024,BPI5TC,15725
1/26/2024,Q0,Q_1_2024,BPI5TC,14125
1/26/2024,Q1,Q_2_2024,BPI5TC,15675
1/26/2024,Q2,Q_3_2024,BPI5TC,14300
1/26/2024,Q3,Q_4_2024,BPI5TC,14118
1/26/2024,Y0,Y_2024,BPI5TC,14537.5
1/26/2024,Y1,Y_2025,BPI5TC,12575
1/26/2024,Y2,Y_2026,BPI5TC,12054
1/26/2024,Y3,Y_2027,BPI5TC,11900
1/29/2024,M0,M_Jan_2024,BPI5TC,13025
1/29/2024,M1,M_Feb_2024,BPI5TC,13150
1/29/2024,M2,M_Mar_2024,BPI5TC,15450
1/29/2024,M3,M_Apr_2024,BPI5TC,15700
1/29/2024,Q0,Q_1_2024,BPI5TC,13875
1/29/2024,Q1,Q_2_2024,BPI5TC,15600
1/29/2024,Q2,Q_3_2024,BPI5TC,14275
1/29/2024,Q3,Q_4_2024,BPI5TC,14007
1/29/2024,Y0,Y_2024,BPI5TC,14437.5
1/29/2024,Y1,Y_2025,BPI5TC,12525
1/29/2024,Y2,Y_2026,BPI5TC,11989
1/29/2024,Y3,Y_2027,BPI5TC,11846
1/30/2024,M0,M_Jan_2024,BPI5TC,13025
1/30/2024,M1,M_Feb_2024,BPI5TC,12550
1/30/2024,M2,M_Mar_2024,BPI5TC,14900
1/30/2024,M3,M_Apr_2024,BPI5TC,15625
1/30/2024,Q0,Q_1_2024,BPI5TC,13512.5
1/30/2024,Q1,Q_2_2024,BPI5TC,15375
1/30/2024,Q2,Q_3_2024,BPI5TC,14250
1/30/2024,Q3,Q_4_2024,BPI5TC,14061
1/30/2024,Y0,Y_2024,BPI5TC,14275
1/30/2024,Y1,Y_2025,BPI5TC,12500
1/30/2024,Y2,Y_2026,BPI5TC,12007
1/30/2024,Y3,Y_2027,BPI5TC,11839
1/31/2024,M0,M_Jan_2024,BPI5TC,12325
1/31/2024,M1,M_Feb_2024,BPI5TC,14775
1/31/2024,M2,M_Mar_2024,BPI5TC,15625
1/31/2024,M3,M_Apr_2024,BPI5TC,15625
1/31/2024,Q0,Q_1_2024,BPI5TC,13500
1/31/2024,Q1,Q_2_2024,BPI5TC,15350
1/31/2024,Q2,Q_3_2024,BPI5TC,14225
1/31/2024,Q3,Q_4_2024,BPI5TC,14104
1/31/2024,Y0,Y_2024,BPI5TC,14275
1/31/2024,Y1,Y_2025,BPI5TC,12775
1/31/2024,Y2,Y_2026,BPI5TC,12100
1/31/2024,Y3,Y_2027,BPI5TC,11918
2/1/2024,M0,M_Feb_2024,BPI5TC,12225
2/1/2024,M1,M_Mar_2024,BPI5TC,14875
2/1/2024,M2,M_Apr_2024,BPI5TC,15650
2/1/2024,M3,M_May_2024,BPI5TC,15875
2/1/2024,Q0,Q_1_2024,BPI5TC,13500
2/1/2024,Q1,Q_2_2024,BPI5TC,15625
2/1/2024,Q2,Q_3_2024,BPI5TC,14375
2/1/2024,Q3,Q_4_2024,BPI5TC,14232
2/1/2024,Y0,Y_2024,BPI5TC,14275
2/1/2024,Y1,Y_2025,BPI5TC,12825
2/1/2024,Y2,Y_2026,BPI5TC,12139
2/1/2024,Y3,Y_2027,BPI5TC,11968
2/2/2024,M0,M_Feb_2024,BPI5TC,11900
2/2/2024,M1,M_Mar_2024,BPI5TC,14575
2/2/2024,M2,M_Apr_2024,BPI5TC,15600
2/2/2024,M3,M_May_2024,BPI5TC,15625
2/2/2024,Q0,Q_1_2024,BPI5TC,13500
2/2/2024,Q1,Q_2_2024,BPI5TC,15500
2/2/2024,Q2,Q_3_2024,BPI5TC,14500
2/2/2024,Q3,Q_4_2024,BPI5TC,14243
2/2/2024,Y0,Y_2024,BPI5TC,14275
2/2/2024,Y1,Y_2025,BPI5TC,12850
2/2/2024,Y2,Y_2026,BPI5TC,12143
2/2/2024,Y3,Y_2027,BPI5TC,11975
2/5/2024,M0,M_Feb_2024,BPI5TC,12325
2/5/2024,M1,M_Mar_2024,BPI5TC,15275
2/5/2024,M2,M_Apr_2024,BPI5TC,16700
2/5/2024,M3,M_May_2024,BPI5TC,16500
2/5/2024,Q0,Q_1_2024,BPI5TC,13500
2/5/2024,Q1,Q_2_2024,BPI5TC,16125
2/5/2024,Q2,Q_3_2024,BPI5TC,15175
2/5/2024,Q3,Q_4_2024,BPI5TC,14771
2/5/2024,Y0,Y_2024,BPI5TC,14275
2/5/2024,Y1,Y_2025,BPI5TC,13275
2/5/2024,Y2,Y_2026,BPI5TC,12286
2/5/2024,Y3,Y_2027,BPI5TC,12061
2/6/2024,M0,M_Feb_2024,BPI5TC,12700
2/6/2024,M1,M_Mar_2024,BPI5TC,15600
2/6/2024,M2,M_Apr_2024,BPI5TC,16625
2/6/2024,M3,M_May_2024,BPI5TC,16525
2/6/2024,Q0,Q_1_2024,BPI5TC,13500
2/6/2024,Q1,Q_2_2024,BPI5TC,16375
2/6/2024,Q2,Q_3_2024,BPI5TC,15225
2/6/2024,Q3,Q_4_2024,BPI5TC,14925
2/6/2024,Y0,Y_2024,BPI5TC,14275
2/6/2024,Y1,Y_2025,BPI5TC,13325
2/6/2024,Y2,Y_2026,BPI5TC,12286
2/6/2024,Y3,Y_2027,BPI5TC,12089
2/7/2024,M0,M_Feb_2024,BPI5TC,12700
2/7/2024,M1,M_Mar_2024,BPI5TC,15150
2/7/2024,M2,M_Apr_2024,BPI5TC,16625
2/7/2024,M3,M_May_2024,BPI5TC,16525
2/7/2024,Q0,Q_1_2024,BPI5TC,13500
2/7/2024,Q1,Q_2_2024,BPI5TC,16000
2/7/2024,Q2,Q_3_2024,BPI5TC,15225
2/7/2024,Q3,Q_4_2024,BPI5TC,14821
2/7/2024,Y0,Y_2024,BPI5TC,14275
2/7/2024,Y1,Y_2025,BPI5TC,13125
2/7/2024,Y2,Y_2026,BPI5TC,12189
2/7/2024,Y3,Y_2027,BPI5TC,12021
2/8/2024,M0,M_Feb_2024,BPI5TC,13100
2/8/2024,M1,M_Mar_2024,BPI5TC,15600
2/8/2024,M2,M_Apr_2024,BPI5TC,16575
2/8/2024,M3,M_May_2024,BPI5TC,16675
2/8/2024,Q0,Q_1_2024,BPI5TC,13500
2/8/2024,Q1,Q_2_2024,BPI5TC,16525
2/8/2024,Q2,Q_3_2024,BPI5TC,15425
2/8/2024,Q3,Q_4_2024,BPI5TC,15161
2/8/2024,Y0,Y_2024,BPI5TC,14275
2/8/2024,Y1,Y_2025,BPI5TC,13300
2/8/2024,Y2,Y_2026,BPI5TC,12279
2/8/2024,Y3,Y_2027,BPI5TC,12050
2/9/2024,M0,M_Feb_2024,BPI5TC,13100
2/9/2024,M1,M_Mar_2024,BPI5TC,15600
2/9/2024,M2,M_Apr_2024,BPI5TC,16575
2/9/2024,M3,M_May_2024,BPI5TC,16675
2/9/2024,Q0,Q_1_2024,BPI5TC,13500
2/9/2024,Q1,Q_2_2024,BPI5TC,16525
2/9/2024,Q2,Q_3_2024,BPI5TC,15425
2/9/2024,Q3,Q_4_2024,BPI5TC,15011
2/9/2024,Y0,Y_2024,BPI5TC,14275
2/9/2024,Y1,Y_2025,BPI5TC,13300
2/9/2024,Y2,Y_2026,BPI5TC,12236
2/9/2024,Y3,Y_2027,BPI5TC,12057
2/12/2024,M0,M_Feb_2024,BPI5TC,13200
2/12/2024,M1,M_Mar_2024,BPI5TC,15625
2/12/2024,M2,M_Apr_2024,BPI5TC,16575
2/12/2024,M3,M_May_2024,BPI5TC,16625
2/12/2024,Q0,Q_1_2024,BPI5TC,13500
2/12/2024,Q1,Q_2_2024,BPI5TC,16475
2/12/2024,Q2,Q_3_2024,BPI5TC,15375
2/12/2024,Q3,Q_4_2024,BPI5TC,15086
2/12/2024,Y0,Y_2024,BPI5TC,14275
2/12/2024,Y1,Y_2025,BPI5TC,13350
2/12/2024,Y2,Y_2026,BPI5TC,12275
2/12/2024,Y3,Y_2027,BPI5TC,12050
2/13/2024,M0,M_Feb_2024,BPI5TC,13200
2/13/2024,M1,M_Mar_2024,BPI5TC,15625
2/13/2024,M2,M_Apr_2024,BPI5TC,16575
2/13/2024,M3,M_May_2024,BPI5TC,16625
2/13/2024,Q0,Q_1_2024,BPI5TC,13500
2/13/2024,Q1,Q_2_2024,BPI5TC,16475
2/13/2024,Q2,Q_3_2024,BPI5TC,15375
2/13/2024,Q3,Q_4_2024,BPI5TC,15096
2/13/2024,Y0,Y_2024,BPI5TC,14275
2/13/2024,Y1,Y_2025,BPI5TC,13350
2/13/2024,Y2,Y_2026,BPI5TC,12275
2/13/2024,Y3,Y_2027,BPI5TC,12043
2/14/2024,M0,M_Feb_2024,BPI5TC,13300
2/14/2024,M1,M_Mar_2024,BPI5TC,15975
2/14/2024,M2,M_Apr_2024,BPI5TC,17125
2/14/2024,M3,M_May_2024,BPI5TC,17150
2/14/2024,Q0,Q_1_2024,BPI5TC,13500
2/14/2024,Q1,Q_2_2024,BPI5TC,16875
2/14/2024,Q2,Q_3_2024,BPI5TC,15700
2/14/2024,Q3,Q_4_2024,BPI5TC,15336
2/14/2024,Y0,Y_2024,BPI5TC,14275
2/14/2024,Y1,Y_2025,BPI5TC,13550
2/14/2024,Y2,Y_2026,BPI5TC,12450
2/14/2024,Y3,Y_2027,BPI5TC,12064
2/15/2024,M0,M_Feb_2024,BPI5TC,13375
2/15/2024,M1,M_Mar_2024,BPI5TC,16125
2/15/2024,M2,M_Apr_2024,BPI5TC,17125
2/15/2024,M3,M_May_2024,BPI5TC,17125
2/15/2024,Q0,Q_1_2024,BPI5TC,13500
2/15/2024,Q1,Q_2_2024,BPI5TC,16775
2/15/2024,Q2,Q_3_2024,BPI5TC,15550
2/15/2024,Q3,Q_4_2024,BPI5TC,15304
2/15/2024,Y0,Y_2024,BPI5TC,14275
2/15/2024,Y1,Y_2025,BPI5TC,13600
2/15/2024,Y2,Y_2026,BPI5TC,12439
2/15/2024,Y3,Y_2027,BPI5TC,12064
2/16/2024,M0,M_Feb_2024,BPI5TC,13375
2/16/2024,M1,M_Mar_2024,BPI5TC,15750
2/16/2024,M2,M_Apr_2024,BPI5TC,16825
2/16/2024,M3,M_May_2024,BPI5TC,16825
2/16/2024,Q0,Q_1_2024,BPI5TC,13500
2/16/2024,Q1,Q_2_2024,BPI5TC,16600
2/16/2024,Q2,Q_3_2024,BPI5TC,15475
2/16/2024,Q3,Q_4_2024,BPI5TC,15243
2/16/2024,Y0,Y_2024,BPI5TC,14275
2/16/2024,Y1,Y_2025,BPI5TC,13400
2/16/2024,Y2,Y_2026,BPI5TC,12393
2/16/2024,Y3,Y_2027,BPI5TC,12079
2/19/2024,M0,M_Feb_2024,BPI5TC,13475
2/19/2024,M1,M_Mar_2024,BPI5TC,15900
2/19/2024,M2,M_Apr_2024,BPI5TC,16900
2/19/2024,M3,M_May_2024,BPI5TC,16900
2/19/2024,Q0,Q_1_2024,BPI5TC,13500
2/19/2024,Q1,Q_2_2024,BPI5TC,16725
2/19/2024,Q2,Q_3_2024,BPI5TC,15750
2/19/2024,Q3,Q_4_2024,BPI5TC,15286
2/19/2024,Y0,Y_2024,BPI5TC,14275
2/19/2024,Y1,Y_2025,BPI5TC,13475
2/19/2024,Y2,Y_2026,BPI5TC,12411
2/19/2024,Y3,Y_2027,BPI5TC,12061
2/20/2024,M0,M_Feb_2024,BPI5TC,13225
2/20/2024,M1,M_Mar_2024,BPI5TC,15425
2/20/2024,M2,M_Apr_2024,BPI5TC,16475
2/20/2024,M3,M_May_2024,BPI5TC,16625
2/20/2024,Q0,Q_1_2024,BPI5TC,13500
2/20/2024,Q1,Q_2_2024,BPI5TC,16400
2/20/2024,Q2,Q_3_2024,BPI5TC,15500
2/20/2024,Q3,Q_4_2024,BPI5TC,15111
2/20/2024,Y0,Y_2024,BPI5TC,14275
2/20/2024,Y1,Y_2025,BPI5TC,13475
2/20/2024,Y2,Y_2026,BPI5TC,12407
2/20/2024,Y3,Y_2027,BPI5TC,12029
2/21/2024,M0,M_Feb_2024,BPI5TC,13125
2/21/2024,M1,M_Mar_2024,BPI5TC,15175
2/21/2024,M2,M_Apr_2024,BPI5TC,16500
2/21/2024,M3,M_May_2024,BPI5TC,16500
2/21/2024,Q0,Q_1_2024,BPI5TC,13500
2/21/2024,Q1,Q_2_2024,BPI5TC,16375
2/21/2024,Q2,Q_3_2024,BPI5TC,15400
2/21/2024,Q3,Q_4_2024,BPI5TC,15129
2/21/2024,Y0,Y_2024,BPI5TC,14275
2/21/2024,Y1,Y_2025,BPI5TC,13550
2/21/2024,Y2,Y_2026,BPI5TC,12414
2/21/2024,Y3,Y_2027,BPI5TC,12014
2/22/2024,M0,M_Feb_2024,BPI5TC,12750
2/22/2024,M1,M_Mar_2024,BPI5TC,14875
2/22/2024,M2,M_Apr_2024,BPI5TC,16500
2/22/2024,M3,M_May_2024,BPI5TC,16575
2/22/2024,Q0,Q_1_2024,BPI5TC,13500
2/22/2024,Q1,Q_2_2024,BPI5TC,16400
2/22/2024,Q2,Q_3_2024,BPI5TC,15600
2/22/2024,Q3,Q_4_2024,BPI5TC,15236
2/22/2024,Y0,Y_2024,BPI5TC,14275
2/22/2024,Y1,Y_2025,BPI5TC,13575
2/22/2024,Y2,Y_2026,BPI5TC,12457
2/22/2024,Y3,Y_2027,BPI5TC,12036
2/23/2024,M0,M_Feb_2024,BPI5TC,12750
2/23/2024,M1,M_Mar_2024,BPI5TC,14875
2/23/2024,M2,M_Apr_2024,BPI5TC,16500
2/23/2024,M3,M_May_2024,BPI5TC,16575
2/23/2024,Q0,Q_1_2024,BPI5TC,13500
2/23/2024,Q1,Q_2_2024,BPI5TC,16925
2/23/2024,Q2,Q_3_2024,BPI5TC,15925
2/23/2024,Q3,Q_4_2024,BPI5TC,15443
2/23/2024,Y0,Y_2024,BPI5TC,14275
2/23/2024,Y1,Y_2025,BPI5TC,13575
2/23/2024,Y2,Y_2026,BPI5TC,12500
2/23/2024,Y3,Y_2027,BPI5TC,12071
2/26/2024,M0,M_Feb_2024,BPI5TC,12700
2/26/2024,M1,M_Mar_2024,BPI5TC,15000
2/26/2024,M2,M_Apr_2024,BPI5TC,16850
2/26/2024,M3,M_May_2024,BPI5TC,16875
2/26/2024,Q0,Q_1_2024,BPI5TC,13500
2/26/2024,Q1,Q_2_2024,BPI5TC,16600
2/26/2024,Q2,Q_3_2024,BPI5TC,15525
2/26/2024,Q3,Q_4_2024,BPI5TC,15254
2/26/2024,Y0,Y_2024,BPI5TC,14275
2/26/2024,Y1,Y_2025,BPI5TC,13525
2/26/2024,Y2,Y_2026,BPI5TC,12411
2/26/2024,Y3,Y_2027,BPI5TC,12061
2/27/2024,M0,M_Feb_2024,BPI5TC,12600
2/27/2024,M1,M_Mar_2024,BPI5TC,15425
2/27/2024,M2,M_Apr_2024,BPI5TC,17425
2/27/2024,M3,M_May_2024,BPI5TC,17225
2/27/2024,Q0,Q_1_2024,BPI5TC,13500
2/27/2024,Q1,Q_2_2024,BPI5TC,17050
2/27/2024,Q2,Q_3_2024,BPI5TC,16025
2/27/2024,Q3,Q_4_2024,BPI5TC,15496
2/27/2024,Y0,Y_2024,BPI5TC,14275
2/27/2024,Y1,Y_2025,BPI5TC,13675
2/27/2024,Y2,Y_2026,BPI5TC,12550
2/27/2024,Y3,Y_2027,BPI5TC,12104
2/28/2024,M0,M_Feb_2024,BPI5TC,12750
2/28/2024,M1,M_Mar_2024,BPI5TC,15975
2/28/2024,M2,M_Apr_2024,BPI5TC,18125
2/28/2024,M3,M_May_2024,BPI5TC,17825
2/28/2024,Q0,Q_1_2024,BPI5TC,13500
2/28/2024,Q1,Q_2_2024,BPI5TC,17600
2/28/2024,Q2,Q_3_2024,BPI5TC,16175
2/28/2024,Q3,Q_4_2024,BPI5TC,15704
2/28/2024,Y0,Y_2024,BPI5TC,14275
2/28/2024,Y1,Y_2025,BPI5TC,13750
2/28/2024,Y2,Y_2026,BPI5TC,12675
2/28/2024,Y3,Y_2027,BPI5TC,12193
2/29/2024,M0,M_Feb_2024,BPI5TC,16000
2/29/2024,M1,M_Mar_2024,BPI5TC,17625
2/29/2024,M2,M_Apr_2024,BPI5TC,17825
2/29/2024,M3,M_May_2024,BPI5TC,17825
2/29/2024,Q0,Q_1_2024,BPI5TC,13500
2/29/2024,Q1,Q_2_2024,BPI5TC,17375
2/29/2024,Q2,Q_3_2024,BPI5TC,16125
2/29/2024,Q3,Q_4_2024,BPI5TC,15432
2/29/2024,Y0,Y_2024,BPI5TC,14275
2/29/2024,Y1,Y_2025,BPI5TC,13700
2/29/2024,Y2,Y_2026,BPI5TC,12593
2/29/2024,Y3,Y_2027,BPI5TC,12257
3/1/2024,M0,M_Mar_2024,BPI5TC,16650
3/1/2024,M1,M_Apr_2024,BPI5TC,18750
3/1/2024,M2,M_May_2024,BPI5TC,18575
3/1/2024,M3,M_Jun_2024,BPI5TC,16975
3/1/2024,Q0,Q_1_2024,BPI5TC,13500
3/1/2024,Q1,Q_2_2024,BPI5TC,18125
3/1/2024,Q2,Q_3_2024,BPI5TC,16375
3/1/2024,Q3,Q_4_2024,BPI5TC,15700
3/1/2024,Y0,Y_2024,BPI5TC,14275
3/1/2024,Y1,Y_2025,BPI5TC,13750
3/1/2024,Y2,Y_2026,BPI5TC,12664
3/1/2024,Y3,Y_2027,BPI5TC,12264
3/4/2024,M0,M_Mar_2024,BPI5TC,16675
3/4/2024,M1,M_Apr_2024,BPI5TC,18725
3/4/2024,M2,M_May_2024,BPI5TC,18725
3/4/2024,M3,M_Jun_2024,BPI5TC,17375
3/4/2024,Q0,Q_1_2024,BPI5TC,13500
3/4/2024,Q1,Q_2_2024,BPI5TC,18350
3/4/2024,Q2,Q_3_2024,BPI5TC,16250
3/4/2024,Q3,Q_4_2024,BPI5TC,15457
3/4/2024,Y0,Y_2024,BPI5TC,14275
3/4/2024,Y1,Y_2025,BPI5TC,13650
3/4/2024,Y2,Y_2026,BPI5TC,12607
3/4/2024,Y3,Y_2027,BPI5TC,12229
3/5/2024,M0,M_Mar_2024,BPI5TC,16400
3/5/2024,M1,M_Apr_2024,BPI5TC,18375
3/5/2024,M2,M_May_2024,BPI5TC,18375
3/5/2024,M3,M_Jun_2024,BPI5TC,17175
3/5/2024,Q0,Q_1_2024,BPI5TC,13500
3/5/2024,Q1,Q_2_2024,BPI5TC,17950
3/5/2024,Q2,Q_3_2024,BPI5TC,16050
3/5/2024,Q3,Q_4_2024,BPI5TC,15093
3/5/2024,Y0,Y_2024,BPI5TC,14275
3/5/2024,Y1,Y_2025,BPI5TC,13300
3/5/2024,Y2,Y_2026,BPI5TC,12457
3/5/2024,Y3,Y_2027,BPI5TC,12200
3/6/2024,M0,M_Mar_2024,BPI5TC,16125
3/6/2024,M1,M_Apr_2024,BPI5TC,18175
3/6/2024,M2,M_May_2024,BPI5TC,18025
3/6/2024,M3,M_Jun_2024,BPI5TC,17000
3/6/2024,Q0,Q_1_2024,BPI5TC,13500
3/6/2024,Q1,Q_2_2024,BPI5TC,17737.5
3/6/2024,Q2,Q_3_2024,BPI5TC,15800
3/6/2024,Q3,Q_4_2024,BPI5TC,14771
3/6/2024,Y0,Y_2024,BPI5TC,14275
3/6/2024,Y1,Y_2025,BPI5TC,13075
3/6/2024,Y2,Y_2026,BPI5TC,12386
3/6/2024,Y3,Y_2027,BPI5TC,12093
3/7/2024,M0,M_Mar_2024,BPI5TC,16175
3/7/2024,M1,M_Apr_2024,BPI5TC,18175
3/7/2024,M2,M_May_2024,BPI5TC,18275
3/7/2024,M3,M_Jun_2024,BPI5TC,17350
3/7/2024,Q0,Q_1_2024,BPI5TC,13500
3/7/2024,Q1,Q_2_2024,BPI5TC,17925
3/7/2024,Q2,Q_3_2024,BPI5TC,15937.5
3/7/2024,Q3,Q_4_2024,BPI5TC,14829
3/7/2024,Y0,Y_2024,BPI5TC,14275
3/7/2024,Y1,Y_2025,BPI5TC,13125
3/7/2024,Y2,Y_2026,BPI5TC,12400
3/7/2024,Y3,Y_2027,BPI5TC,12111
3/8/2024,M0,M_Mar_2024,BPI5TC,16525
3/8/2024,M1,M_Apr_2024,BPI5TC,19025
3/8/2024,M2,M_May_2024,BPI5TC,18875
3/8/2024,M3,M_Jun_2024,BPI5TC,17675
3/8/2024,Q0,Q_1_2024,BPI5TC,13500
3/8/2024,Q1,Q_2_2024,BPI5TC,18525
3/8/2024,Q2,Q_3_2024,BPI5TC,16475
3/8/2024,Q3,Q_4_2024,BPI5TC,15296
3/8/2024,Y0,Y_2024,BPI5TC,14275
3/8/2024,Y1,Y_2025,BPI5TC,13500
3/8/2024,Y2,Y_2026,BPI5TC,12596
3/8/2024,Y3,Y_2027,BPI5TC,12193
3/11/2024,M0,M_Mar_2024,BPI5TC,16325
3/11/2024,M1,M_Apr_2024,BPI5TC,18550
3/11/2024,M2,M_May_2024,BPI5TC,18550
3/11/2024,M3,M_Jun_2024,BPI5TC,17275
3/11/2024,Q0,Q_1_2024,BPI5TC,13500
3/11/2024,Q1,Q_2_2024,BPI5TC,18100
3/11/2024,Q2,Q_3_2024,BPI5TC,15875
3/11/2024,Q3,Q_4_2024,BPI5TC,14904
3/11/2024,Y0,Y_2024,BPI5TC,14275
3/11/2024,Y1,Y_2025,BPI5TC,13275
3/11/2024,Y2,Y_2026,BPI5TC,12443
3/11/2024,Y3,Y_2027,BPI5TC,12132
3/12/2024,M0,M_Mar_2024,BPI5TC,16825
3/12/2024,M1,M_Apr_2024,BPI5TC,19700
3/12/2024,M2,M_May_2024,BPI5TC,19625
3/12/2024,M3,M_Jun_2024,BPI5TC,18000
3/12/2024,Q0,Q_1_2024,BPI5TC,13500
3/12/2024,Q1,Q_2_2024,BPI5TC,19150
3/12/2024,Q2,Q_3_2024,BPI5TC,16700
3/12/2024,Q3,Q_4_2024,BPI5TC,15371
3/12/2024,Y0,Y_2024,BPI5TC,14275
3/12/2024,Y1,Y_2025,BPI5TC,13550
3/12/2024,Y2,Y_2026,BPI5TC,12557
3/12/2024,Y3,Y_2027,BPI5TC,12164
3/13/2024,M0,M_Mar_2024,BPI5TC,17350
3/13/2024,M1,M_Apr_2024,BPI5TC,19725
3/13/2024,M2,M_May_2024,BPI5TC,19575
3/13/2024,M3,M_Jun_2024,BPI5TC,18075
3/13/2024,Q0,Q_1_2024,BPI5TC,13500
3/13/2024,Q1,Q_2_2024,BPI5TC,19125
3/13/2024,Q2,Q_3_2024,BPI5TC,16400
3/13/2024,Q3,Q_4_2024,BPI5TC,15193
3/13/2024,Y0,Y_2024,BPI5TC,14275
3/13/2024,Y1,Y_2025,BPI5TC,13375
3/13/2024,Y2,Y_2026,BPI5TC,12579
3/13/2024,Y3,Y_2027,BPI5TC,12171
3/14/2024,M0,M_Mar_2024,BPI5TC,17275
3/14/2024,M1,M_Apr_2024,BPI5TC,20000
3/14/2024,M2,M_May_2024,BPI5TC,19625
3/14/2024,M3,M_Jun_2024,BPI5TC,18000
3/14/2024,Q0,Q_1_2024,BPI5TC,13500
3/14/2024,Q1,Q_2_2024,BPI5TC,19225
3/14/2024,Q2,Q_3_2024,BPI5TC,16700
3/14/2024,Q3,Q_4_2024,BPI5TC,15132
3/14/2024,Y0,Y_2024,BPI5TC,14275
3/14/2024,Y1,Y_2025,BPI5TC,13425
3/14/2024,Y2,Y_2026,BPI5TC,12500
3/14/2024,Y3,Y_2027,BPI5TC,12150
3/15/2024,M0,M_Mar_2024,BPI5TC,17700
3/15/2024,M1,M_Apr_2024,BPI5TC,19750
3/15/2024,M2,M_May_2024,BPI5TC,19400
3/15/2024,M3,M_Jun_2024,BPI5TC,17500
3/15/2024,Q0,Q_1_2024,BPI5TC,13500
3/15/2024,Q1,Q_2_2024,BPI5TC,18900
3/15/2024,Q2,Q_3_2024,BPI5TC,16550
3/15/2024,Q3,Q_4_2024,BPI5TC,15061
3/15/2024,Y0,Y_2024,BPI5TC,14275
3/15/2024,Y1,Y_2025,BPI5TC,13300
3/15/2024,Y2,Y_2026,BPI5TC,12496
3/15/2024,Y3,Y_2027,BPI5TC,12129
3/18/2024,M0,M_Mar_2024,BPI5TC,18125
3/18/2024,M1,M_Apr_2024,BPI5TC,20050
3/18/2024,M2,M_May_2024,BPI5TC,19575
3/18/2024,M3,M_Jun_2024,BPI5TC,17750
3/18/2024,Q0,Q_1_2024,BPI5TC,13500
3/18/2024,Q1,Q_2_2024,BPI5TC,19025
3/18/2024,Q2,Q_3_2024,BPI5TC,16850
3/18/2024,Q3,Q_4_2024,BPI5TC,15271
3/18/2024,Y0,Y_2024,BPI5TC,14275
3/18/2024,Y1,Y_2025,BPI5TC,13475
3/18/2024,Y2,Y_2026,BPI5TC,12514
3/18/2024,Y3,Y_2027,BPI5TC,12136
3/19/2024,M0,M_Mar_2024,BPI5TC,17525
3/19/2024,M1,M_Apr_2024,BPI5TC,18425
3/19/2024,M2,M_May_2024,BPI5TC,18475
3/19/2024,M3,M_Jun_2024,BPI5TC,16725
3/19/2024,Q0,Q_1_2024,BPI5TC,13500
3/19/2024,Q1,Q_2_2024,BPI5TC,17887.5
3/19/2024,Q2,Q_3_2024,BPI5TC,16300
3/19/2024,Q3,Q_4_2024,BPI5TC,14771
3/19/2024,Y0,Y_2024,BPI5TC,14275
3/19/2024,Y1,Y_2025,BPI5TC,13225
3/19/2024,Y2,Y_2026,BPI5TC,12321
3/19/2024,Y3,Y_2027,BPI5TC,12064
3/20/2024,M0,M_Mar_2024,BPI5TC,17175
3/20/2024,M1,M_Apr_2024,BPI5TC,17700
3/20/2024,M2,M_May_2024,BPI5TC,17975
3/20/2024,M3,M_Jun_2024,BPI5TC,16400
3/20/2024,Q0,Q_1_2024,BPI5TC,13500
3/20/2024,Q1,Q_2_2024,BPI5TC,17325
3/20/2024,Q2,Q_3_2024,BPI5TC,16300
3/20/2024,Q3,Q_4_2024,BPI5TC,14750
3/20/2024,Y0,Y_2024,BPI5TC,14275
3/20/2024,Y1,Y_2025,BPI5TC,13125
3/20/2024,Y2,Y_2026,BPI5TC,12304
3/20/2024,Y3,Y_2027,BPI5TC,12057
3/21/2024,M0,M_Mar_2024,BPI5TC,17200
3/21/2024,M1,M_Apr_2024,BPI5TC,18500
3/21/2024,M2,M_May_2024,BPI5TC,18875
3/21/2024,M3,M_Jun_2024,BPI5TC,17000
3/21/2024,Q0,Q_1_2024,BPI5TC,13500
3/21/2024,Q1,Q_2_2024,BPI5TC,18125
3/21/2024,Q2,Q_3_2024,BPI5TC,16875
3/21/2024,Q3,Q_4_2024,BPI5TC,15489
3/21/2024,Y0,Y_2024,BPI5TC,14275
3/21/2024,Y1,Y_2025,BPI5TC,13500
3/21/2024,Y2,Y_2026,BPI5TC,12461
3/21/2024,Y3,Y_2027,BPI5TC,12111
3/22/2024,M0,M_Mar_2024,BPI5TC,17200
3/22/2024,M1,M_Apr_2024,BPI5TC,17875
3/22/2024,M2,M_May_2024,BPI5TC,18125
3/22/2024,M3,M_Jun_2024,BPI5TC,16625
3/22/2024,Q0,Q_1_2024,BPI5TC,13500
3/22/2024,Q1,Q_2_2024,BPI5TC,17550
3/22/2024,Q2,Q_3_2024,BPI5TC,16575
3/22/2024,Q3,Q_4_2024,BPI5TC,15325
3/22/2024,Y0,Y_2024,BPI5TC,14275
3/22/2024,Y1,Y_2025,BPI5TC,13450
3/22/2024,Y2,Y_2026,BPI5TC,12393
3/22/2024,Y3,Y_2027,BPI5TC,12074
3/25/2024,M0,M_Mar_2024,BPI5TC,17125
3/25/2024,M1,M_Apr_2024,BPI5TC,16975
3/25/2024,M2,M_May_2024,BPI5TC,17475
3/25/2024,M3,M_Jun_2024,BPI5TC,16525
3/25/2024,Q0,Q_1_2024,BPI5TC,13500
3/25/2024,Q1,Q_2_2024,BPI5TC,17000
3/25/2024,Q2,Q_3_2024,BPI5TC,16300
3/25/2024,Q3,Q_4_2024,BPI5TC,15029
3/25/2024,Y0,Y_2024,BPI5TC,14275
3/25/2024,Y1,Y_2025,BPI5TC,13250
3/25/2024,Y2,Y_2026,BPI5TC,12350
3/25/2024,Y3,Y_2027,BPI5TC,12029
3/26/2024,M0,M_Mar_2024,BPI5TC,16900
3/26/2024,M1,M_Apr_2024,BPI5TC,15325
3/26/2024,M2,M_May_2024,BPI5TC,16225
3/26/2024,M3,M_Jun_2024,BPI5TC,15550
3/26/2024,Q0,Q_1_2024,BPI5TC,13500
3/26/2024,Q1,Q_2_2024,BPI5TC,15700
3/26/2024,Q2,Q_3_2024,BPI5TC,15600
3/26/2024,Q3,Q_4_2024,BPI5TC,14600
3/26/2024,Y0,Y_2024,BPI5TC,14275
3/26/2024,Y1,Y_2025,BPI5TC,12950
3/26/2024,Y2,Y_2026,BPI5TC,12214
3/26/2024,Y3,Y_2027,BPI5TC,11954
3/27/2024,M0,M_Mar_2024,BPI5TC,16900
3/27/2024,M1,M_Apr_2024,BPI5TC,15912.5
3/27/2024,M2,M_May_2024,BPI5TC,16475
3/27/2024,M3,M_Jun_2024,BPI5TC,16325
3/27/2024,Q0,Q_1_2024,BPI5TC,13500
3/27/2024,Q1,Q_2_2024,BPI5TC,16262.5
3/27/2024,Q2,Q_3_2024,BPI5TC,16075
3/27/2024,Q3,Q_4_2024,BPI5TC,14896
3/27/2024,Y0,Y_2024,BPI5TC,14275
3/27/2024,Y1,Y_2025,BPI5TC,13200
3/27/2024,Y2,Y_2026,BPI5TC,12250
3/27/2024,Y3,Y_2027,BPI5TC,12014
3/28/2024,M0,M_Mar_2024,BPI5TC,16325
3/28/2024,M1,M_Apr_2024,BPI5TC,17300
3/28/2024,M2,M_May_2024,BPI5TC,16750
3/28/2024,M3,M_Jun_2024,BPI5TC,16325
3/28/2024,Q0,Q_1_2024,BPI5TC,16800
3/28/2024,Q1,Q_2_2024,BPI5TC,16375
3/28/2024,Q2,Q_3_2024,BPI5TC,15250
3/28/2024,Q3,Q_4_2024,BPI5TC,12879
3/28/2024,Y0,Y_2024,BPI5TC,14275
3/28/2024,Y1,Y_2025,BPI5TC,13500
3/28/2024,Y2,Y_2026,BPI5TC,12421
3/28/2024,Y3,Y_2027,BPI5TC,12111
3/29/2024,M0,M_Mar_2024,BPI5TC,16325
3/29/2024,M1,M_Apr_2024,BPI5TC,17300
3/29/2024,M2,M_May_2024,BPI5TC,16750
3/29/2024,M3,M_Jun_2024,BPI5TC,16325
3/29/2024,Q0,Q_1_2024,BPI5TC,16800
3/29/2024,Q1,Q_2_2024,BPI5TC,16375
3/29/2024,Q2,Q_3_2024,BPI5TC,15250
3/29/2024,Q3,Q_4_2024,BPI5TC,12879
3/29/2024,Y0,Y_2024,BPI5TC,14275
3/29/2024,Y1,Y_2025,BPI5TC,13500
3/29/2024,Y2,Y_2026,BPI5TC,12421
3/29/2024,Y3,Y_2027,BPI5TC,12111
4/1/2024,M0,M_Apr_2024,BPI5TC,16325
4/1/2024,M1,M_May_2024,BPI5TC,17300
4/1/2024,M2,M_Jun_2024,BPI5TC,16750
4/1/2024,M3,M_Jul_2024,BPI5TC,16325
4/1/2024,Q0,Q_2_2024,BPI5TC,16800
4/1/2024,Q1,Q_3_2024,BPI5TC,16375
4/1/2024,Q2,Q_4_2024,BPI5TC,15250
4/1/2024,Q3,Q_1_2025,BPI5TC,12879
4/1/2024,Y0,Y_2024,BPI5TC,14275
4/1/2024,Y1,Y_2025,BPI5TC,13500
4/1/2024,Y2,Y_2026,BPI5TC,12421
4/1/2024,Y3,Y_2027,BPI5TC,12111
4/2/2024,M0,M_Apr_2024,BPI5TC,14800
4/2/2024,M1,M_May_2024,BPI5TC,15875
4/2/2024,M2,M_Jun_2024,BPI5TC,15750
4/2/2024,M3,M_Jul_2024,BPI5TC,15625
4/2/2024,Q0,Q_2_2024,BPI5TC,15425
4/2/2024,Q1,Q_3_2024,BPI5TC,15625
4/2/2024,Q2,Q_4_2024,BPI5TC,14925
4/2/2024,Q3,Q_1_2025,BPI5TC,12561
4/2/2024,Y0,Y_2024,BPI5TC,14275
4/2/2024,Y1,Y_2025,BPI5TC,13125
4/2/2024,Y2,Y_2026,BPI5TC,12314
4/2/2024,Y3,Y_2027,BPI5TC,12068
4/3/2024,M0,M_Apr_2024,BPI5TC,15075
4/3/2024,M1,M_May_2024,BPI5TC,16525
4/3/2024,M2,M_Jun_2024,BPI5TC,16275
4/3/2024,M3,M_Jul_2024,BPI5TC,16325
4/3/2024,Q0,Q_2_2024,BPI5TC,15975
4/3/2024,Q1,Q_3_2024,BPI5TC,16200
4/3/2024,Q2,Q_4_2024,BPI5TC,15200
4/3/2024,Q3,Q_1_2025,BPI5TC,12679
4/3/2024,Y0,Y_2024,BPI5TC,14275
4/3/2024,Y1,Y_2025,BPI5TC,13300
4/3/2024,Y2,Y_2026,BPI5TC,12571
4/3/2024,Y3,Y_2027,BPI5TC,12150
4/4/2024,M0,M_Apr_2024,BPI5TC,15075
4/4/2024,M1,M_May_2024,BPI5TC,16525
4/4/2024,M2,M_Jun_2024,BPI5TC,16275
4/4/2024,M3,M_Jul_2024,BPI5TC,16325
4/4/2024,Q0,Q_2_2024,BPI5TC,15975
4/4/2024,Q1,Q_3_2024,BPI5TC,16200
4/4/2024,Q2,Q_4_2024,BPI5TC,15200
4/4/2024,Q3,Q_1_2025,BPI5TC,12411
4/4/2024,Y0,Y_2024,BPI5TC,14275
4/4/2024,Y1,Y_2025,BPI5TC,13300
4/4/2024,Y2,Y_2026,BPI5TC,12436
4/4/2024,Y3,Y_2027,BPI5TC,12082
4/5/2024,M0,M_Apr_2024,BPI5TC,14525
4/5/2024,M1,M_May_2024,BPI5TC,16100
4/5/2024,M2,M_Jun_2024,BPI5TC,16200
4/5/2024,M3,M_Jul_2024,BPI5TC,16250
4/5/2024,Q0,Q_2_2024,BPI5TC,15600
4/5/2024,Q1,Q_3_2024,BPI5TC,16050
4/5/2024,Q2,Q_4_2024,BPI5TC,15100
4/5/2024,Q3,Q_1_2025,BPI5TC,12507
4/5/2024,Y0,Y_2024,BPI5TC,14275
4/5/2024,Y1,Y_2025,BPI5TC,13275
4/5/2024,Y2,Y_2026,BPI5TC,12493
4/5/2024,Y3,Y_2027,BPI5TC,12093
4/8/2024,M0,M_Apr_2024,BPI5TC,14200
4/8/2024,M1,M_May_2024,BPI5TC,15450
4/8/2024,M2,M_Jun_2024,BPI5TC,15650
4/8/2024,M3,M_Jul_2024,BPI5TC,16225
4/8/2024,Q0,Q_2_2024,BPI5TC,15100
4/8/2024,Q1,Q_3_2024,BPI5TC,15875
4/8/2024,Q2,Q_4_2024,BPI5TC,15075
4/8/2024,Q3,Q_1_2025,BPI5TC,12436
4/8/2024,Y0,Y_2024,BPI5TC,14275
4/8/2024,Y1,Y_2025,BPI5TC,13125
4/8/2024,Y2,Y_2026,BPI5TC,12464
4/8/2024,Y3,Y_2027,BPI5TC,12111
4/9/2024,M0,M_Apr_2024,BPI5TC,14325
4/9/2024,M1,M_May_2024,BPI5TC,15550
4/9/2024,M2,M_Jun_2024,BPI5TC,16025
4/9/2024,M3,M_Jul_2024,BPI5TC,16375
4/9/2024,Q0,Q_2_2024,BPI5TC,15325
4/9/2024,Q1,Q_3_2024,BPI5TC,15825
4/9/2024,Q2,Q_4_2024,BPI5TC,15125
4/9/2024,Q3,Q_1_2025,BPI5TC,12532
4/9/2024,Y0,Y_2024,BPI5TC,14275
4/9/2024,Y1,Y_2025,BPI5TC,13300
4/9/2024,Y2,Y_2026,BPI5TC,12521
4/9/2024,Y3,Y_2027,BPI5TC,12146
4/10/2024,M0,M_Apr_2024,BPI5TC,14925
4/10/2024,M1,M_May_2024,BPI5TC,16475
4/10/2024,M2,M_Jun_2024,BPI5TC,16475
4/10/2024,M3,M_Jul_2024,BPI5TC,16725
4/10/2024,Q0,Q_2_2024,BPI5TC,15950
4/10/2024,Q1,Q_3_2024,BPI5TC,16525
4/10/2024,Q2,Q_4_2024,BPI5TC,15375
4/10/2024,Q3,Q_1_2025,BPI5TC,12757
4/10/2024,Y0,Y_2024,BPI5TC,14275
4/10/2024,Y1,Y_2025,BPI5TC,13400
4/10/2024,Y2,Y_2026,BPI5TC,12629
4/10/2024,Y3,Y_2027,BPI5TC,12218
4/11/2024,M0,M_Apr_2024,BPI5TC,14775
4/11/2024,M1,M_May_2024,BPI5TC,16125
4/11/2024,M2,M_Jun_2024,BPI5TC,16400
4/11/2024,M3,M_Jul_2024,BPI5TC,16800
4/11/2024,Q0,Q_2_2024,BPI5TC,15825
4/11/2024,Q1,Q_3_2024,BPI5TC,16425
4/11/2024,Q2,Q_4_2024,BPI5TC,15275
4/11/2024,Q3,Q_1_2025,BPI5TC,12686
4/11/2024,Y0,Y_2024,BPI5TC,14275
4/11/2024,Y1,Y_2025,BPI5TC,13450
4/11/2024,Y2,Y_2026,BPI5TC,12589
4/11/2024,Y3,Y_2027,BPI5TC,12189
4/12/2024,M0,M_Apr_2024,BPI5TC,14875
4/12/2024,M1,M_May_2024,BPI5TC,16400
4/12/2024,M2,M_Jun_2024,BPI5TC,16525
4/12/2024,M3,M_Jul_2024,BPI5TC,16425
4/12/2024,Q0,Q_2_2024,BPI5TC,15937.5
4/12/2024,Q1,Q_3_2024,BPI5TC,16425
4/12/2024,Q2,Q_4_2024,BPI5TC,15375
4/12/2024,Q3,Q_1_2025,BPI5TC,12721
4/12/2024,Y0,Y_2024,BPI5TC,14275
4/12/2024,Y1,Y_2025,BPI5TC,13425
4/12/2024,Y2,Y_2026,BPI5TC,12607
4/12/2024,Y3,Y_2027,BPI5TC,12214
4/15/2024,M0,M_Apr_2024,BPI5TC,14375
4/15/2024,M1,M_May_2024,BPI5TC,15950
4/15/2024,M2,M_Jun_2024,BPI5TC,16175
4/15/2024,M3,M_Jul_2024,BPI5TC,16500
4/15/2024,Q0,Q_2_2024,BPI5TC,15500
4/15/2024,Q1,Q_3_2024,BPI5TC,16175
4/15/2024,Q2,Q_4_2024,BPI5TC,15250
4/15/2024,Q3,Q_1_2025,BPI5TC,12557
4/15/2024,Y0,Y_2024,BPI5TC,14275
4/15/2024,Y1,Y_2025,BPI5TC,13275
4/15/2024,Y2,Y_2026,BPI5TC,12554
4/15/2024,Y3,Y_2027,BPI5TC,12164
4/16/2024,M0,M_Apr_2024,BPI5TC,14650
4/16/2024,M1,M_May_2024,BPI5TC,16100
4/16/2024,M2,M_Jun_2024,BPI5TC,16375
4/16/2024,M3,M_Jul_2024,BPI5TC,16375
4/16/2024,Q0,Q_2_2024,BPI5TC,15712.5
4/16/2024,Q1,Q_3_2024,BPI5TC,16175
4/16/2024,Q2,Q_4_2024,BPI5TC,15375
4/16/2024,Q3,Q_1_2025,BPI5TC,12636
4/16/2024,Y0,Y_2024,BPI5TC,14275
4/16/2024,Y1,Y_2025,BPI5TC,13425
4/16/2024,Y2,Y_2026,BPI5TC,12600
4/16/2024,Y3,Y_2027,BPI5TC,12236
4/17/2024,M0,M_Apr_2024,BPI5TC,14875
4/17/2024,M1,M_May_2024,BPI5TC,16650
4/17/2024,M2,M_Jun_2024,BPI5TC,16675
4/17/2024,M3,M_Jul_2024,BPI5TC,16875
4/17/2024,Q0,Q_2_2024,BPI5TC,16075
4/17/2024,Q1,Q_3_2024,BPI5TC,16700
4/17/2024,Q2,Q_4_2024,BPI5TC,15475
4/17/2024,Q3,Q_1_2025,BPI5TC,12686
4/17/2024,Y0,Y_2024,BPI5TC,14275
4/17/2024,Y1,Y_2025,BPI5TC,13425
4/17/2024,Y2,Y_2026,BPI5TC,12621
4/17/2024,Y3,Y_2027,BPI5TC,12243
4/18/2024,M0,M_Apr_2024,BPI5TC,15075
4/18/2024,M1,M_May_2024,BPI5TC,16250
4/18/2024,M2,M_Jun_2024,BPI5TC,16425
4/18/2024,M3,M_Jul_2024,BPI5TC,16450
4/18/2024,Q0,Q_2_2024,BPI5TC,15887.5
4/18/2024,Q1,Q_3_2024,BPI5TC,16350
4/18/2024,Q2,Q_4_2024,BPI5TC,15125
4/18/2024,Q3,Q_1_2025,BPI5TC,12543
4/18/2024,Y0,Y_2024,BPI5TC,14275
4/18/2024,Y1,Y_2025,BPI5TC,13325
4/18/2024,Y2,Y_2026,BPI5TC,12571
4/18/2024,Y3,Y_2027,BPI5TC,12250
4/19/2024,M0,M_Apr_2024,BPI5TC,15225
4/19/2024,M1,M_May_2024,BPI5TC,16375
4/19/2024,M2,M_Jun_2024,BPI5TC,16500
4/19/2024,M3,M_Jul_2024,BPI5TC,16525
4/19/2024,Q0,Q_2_2024,BPI5TC,16000
4/19/2024,Q1,Q_3_2024,BPI5TC,16125
4/19/2024,Q2,Q_4_2024,BPI5TC,15100
4/19/2024,Q3,Q_1_2025,BPI5TC,12550
4/19/2024,Y0,Y_2024,BPI5TC,14275
4/19/2024,Y1,Y_2025,BPI5TC,13400
4/19/2024,Y2,Y_2026,BPI5TC,12595
4/19/2024,Y3,Y_2027,BPI5TC,12273
4/22/2024,M0,M_Apr_2024,BPI5TC,15225
4/22/2024,M1,M_May_2024,BPI5TC,16375
4/22/2024,M2,M_Jun_2024,BPI5TC,16500
4/22/2024,M3,M_Jul_2024,BPI5TC,16525
4/22/2024,Q0,Q_2_2024,BPI5TC,16000
4/22/2024,Q1,Q_3_2024,BPI5TC,16125
4/22/2024,Q2,Q_4_2024,BPI5TC,15100
4/22/2024,Q3,Q_1_2025,BPI5TC,12414
4/22/2024,Y0,Y_2024,BPI5TC,14275
4/22/2024,Y1,Y_2025,BPI5TC,13400
4/22/2024,Y2,Y_2026,BPI5TC,12500
4/22/2024,Y3,Y_2027,BPI5TC,12196
4/23/2024,M0,M_Apr_2024,BPI5TC,15025
4/23/2024,M1,M_May_2024,BPI5TC,16075
4/23/2024,M2,M_Jun_2024,BPI5TC,16400
4/23/2024,M3,M_Jul_2024,BPI5TC,16025
4/23/2024,Q0,Q_2_2024,BPI5TC,15825
4/23/2024,Q1,Q_3_2024,BPI5TC,16000
4/23/2024,Q2,Q_4_2024,BPI5TC,15075
4/23/2024,Q3,Q_1_2025,BPI5TC,12629
4/23/2024,Y0,Y_2024,BPI5TC,14275
4/23/2024,Y1,Y_2025,BPI5TC,13475
4/23/2024,Y2,Y_2026,BPI5TC,12643
4/23/2024,Y3,Y_2027,BPI5TC,12286
4/24/2024,M0,M_Apr_2024,BPI5TC,14975
4/24/2024,M1,M_May_2024,BPI5TC,15950
4/24/2024,M2,M_Jun_2024,BPI5TC,16150
4/24/2024,M3,M_Jul_2024,BPI5TC,15925
4/24/2024,Q0,Q_2_2024,BPI5TC,15650
4/24/2024,Q1,Q_3_2024,BPI5TC,15925
4/24/2024,Q2,Q_4_2024,BPI5TC,14975
4/24/2024,Q3,Q_1_2025,BPI5TC,12693
4/24/2024,Y0,Y_2024,BPI5TC,14275
4/24/2024,Y1,Y_2025,BPI5TC,13475
4/24/2024,Y2,Y_2026,BPI5TC,12661
4/24/2024,Y3,Y_2027,BPI5TC,12293
4/25/2024,M0,M_Apr_2024,BPI5TC,14850
4/25/2024,M1,M_May_2024,BPI5TC,15800
4/25/2024,M2,M_Jun_2024,BPI5TC,16000
4/25/2024,M3,M_Jul_2024,BPI5TC,16000
4/25/2024,Q0,Q_2_2024,BPI5TC,15550
4/25/2024,Q1,Q_3_2024,BPI5TC,15750
4/25/2024,Q2,Q_4_2024,BPI5TC,15000
4/25/2024,Q3,Q_1_2025,BPI5TC,12636
4/25/2024,Y0,Y_2024,BPI5TC,14275
4/25/2024,Y1,Y_2025,BPI5TC,13425
4/25/2024,Y2,Y_2026,BPI5TC,12636
4/25/2024,Y3,Y_2027,BPI5TC,12311
4/26/2024,M0,M_Apr_2024,BPI5TC,14850
4/26/2024,M1,M_May_2024,BPI5TC,15675
4/26/2024,M2,M_Jun_2024,BPI5TC,16025
4/26/2024,M3,M_Jul_2024,BPI5TC,15975
4/26/2024,Q0,Q_2_2024,BPI5TC,15512.5
4/26/2024,Q1,Q_3_2024,BPI5TC,15725
4/26/2024,Q2,Q_4_2024,BPI5TC,14975
4/26/2024,Q3,Q_1_2025,BPI5TC,12625
4/26/2024,Y0,Y_2024,BPI5TC,14275
4/26/2024,Y1,Y_2025,BPI5TC,13425
4/26/2024,Y2,Y_2026,BPI5TC,12643
4/26/2024,Y3,Y_2027,BPI5TC,12300
4/29/2024,M0,M_Apr_2024,BPI5TC,14825
4/29/2024,M1,M_May_2024,BPI5TC,15625
4/29/2024,M2,M_Jun_2024,BPI5TC,15900
4/29/2024,M3,M_Jul_2024,BPI5TC,15725
4/29/2024,Q0,Q_2_2024,BPI5TC,15500
4/29/2024,Q1,Q_3_2024,BPI5TC,15600
4/29/2024,Q2,Q_4_2024,BPI5TC,14850
4/29/2024,Q3,Q_1_2025,BPI5TC,12496
4/29/2024,Y0,Y_2024,BPI5TC,14275
4/29/2024,Y1,Y_2025,BPI5TC,13275
4/29/2024,Y2,Y_2026,BPI5TC,12593
4/29/2024,Y3,Y_2027,BPI5TC,12289
4/30/2024,M0,M_Apr_2024,BPI5TC,14825
4/30/2024,M1,M_May_2024,BPI5TC,15625
4/30/2024,M2,M_Jun_2024,BPI5TC,15900
4/30/2024,M3,M_Jul_2024,BPI5TC,15725
4/30/2024,Q0,Q_2_2024,BPI5TC,15500
4/30/2024,Q1,Q_3_2024,BPI5TC,15600
4/30/2024,Q2,Q_4_2024,BPI5TC,14850
4/30/2024,Q3,Q_1_2025,BPI5TC,12586
4/30/2024,Y0,Y_2024,BPI5TC,14275
4/30/2024,Y1,Y_2025,BPI5TC,13275
4/30/2024,Y2,Y_2026,BPI5TC,12643
4/30/2024,Y3,Y_2027,BPI5TC,12329
5/1/2024,M0,M_May_2024,BPI5TC,15550
5/1/2024,M1,M_Jun_2024,BPI5TC,16025
5/1/2024,M2,M_Jul_2024,BPI5TC,16000
5/1/2024,M3,M_Aug_2024,BPI5TC,15850
5/1/2024,Q0,Q_2_2024,BPI5TC,15500
5/1/2024,Q1,Q_3_2024,BPI5TC,15800
5/1/2024,Q2,Q_4_2024,BPI5TC,15050
5/1/2024,Q3,Q_1_2025,BPI5TC,12561
5/1/2024,Y0,Y_2024,BPI5TC,14275
5/1/2024,Y1,Y_2025,BPI5TC,13425
5/1/2024,Y2,Y_2026,BPI5TC,12650
5/1/2024,Y3,Y_2027,BPI5TC,12332
5/2/2024,M0,M_May_2024,BPI5TC,16475
5/2/2024,M1,M_Jun_2024,BPI5TC,16900
5/2/2024,M2,M_Jul_2024,BPI5TC,16800
5/2/2024,M3,M_Aug_2024,BPI5TC,16625
5/2/2024,Q0,Q_2_2024,BPI5TC,15500
5/2/2024,Q1,Q_3_2024,BPI5TC,16475
5/2/2024,Q2,Q_4_2024,BPI5TC,15400
5/2/2024,Q3,Q_1_2025,BPI5TC,12771
5/2/2024,Y0,Y_2024,BPI5TC,14275
5/2/2024,Y1,Y_2025,BPI5TC,13650
5/2/2024,Y2,Y_2026,BPI5TC,12793
5/2/2024,Y3,Y_2027,BPI5TC,12393
5/3/2024,M0,M_May_2024,BPI5TC,16525
5/3/2024,M1,M_Jun_2024,BPI5TC,16975
5/3/2024,M2,M_Jul_2024,BPI5TC,16775
5/3/2024,M3,M_Aug_2024,BPI5TC,16525
5/3/2024,Q0,Q_2_2024,BPI5TC,15500
5/3/2024,Q1,Q_3_2024,BPI5TC,16450
5/3/2024,Q2,Q_4_2024,BPI5TC,15375
5/3/2024,Q3,Q_1_2025,BPI5TC,12750
5/3/2024,Y0,Y_2024,BPI5TC,14275
5/3/2024,Y1,Y_2025,BPI5TC,13650
5/3/2024,Y2,Y_2026,BPI5TC,12807
5/3/2024,Y3,Y_2027,BPI5TC,12400
5/6/2024,M0,M_May_2024,BPI5TC,16525
5/6/2024,M1,M_Jun_2024,BPI5TC,16975
5/6/2024,M2,M_Jul_2024,BPI5TC,16775
5/6/2024,M3,M_Aug_2024,BPI5TC,16525
5/6/2024,Q0,Q_2_2024,BPI5TC,15500
5/6/2024,Q1,Q_3_2024,BPI5TC,16450
5/6/2024,Q2,Q_4_2024,BPI5TC,15375
5/6/2024,Q3,Q_1_2025,BPI5TC,12750
5/6/2024,Y0,Y_2024,BPI5TC,14275
5/6/2024,Y1,Y_2025,BPI5TC,13650
5/6/2024,Y2,Y_2026,BPI5TC,12807
5/6/2024,Y3,Y_2027,BPI5TC,12400
5/7/2024,M0,M_May_2024,BPI5TC,17300
5/7/2024,M1,M_Jun_2024,BPI5TC,17925
5/7/2024,M2,M_Jul_2024,BPI5TC,17325
5/7/2024,M3,M_Aug_2024,BPI5TC,16875
5/7/2024,Q0,Q_2_2024,BPI5TC,15500
5/7/2024,Q1,Q_3_2024,BPI5TC,16900
5/7/2024,Q2,Q_4_2024,BPI5TC,15600
5/7/2024,Q3,Q_1_2025,BPI5TC,13096
5/7/2024,Y0,Y_2024,BPI5TC,14275
5/7/2024,Y1,Y_2025,BPI5TC,13950
5/7/2024,Y2,Y_2026,BPI5TC,12986
5/7/2024,Y3,Y_2027,BPI5TC,12536
5/8/2024,M0,M_May_2024,BPI5TC,16875
5/8/2024,M1,M_Jun_2024,BPI5TC,16975
5/8/2024,M2,M_Jul_2024,BPI5TC,17050
5/8/2024,M3,M_Aug_2024,BPI5TC,16625
5/8/2024,Q0,Q_2_2024,BPI5TC,15500
5/8/2024,Q1,Q_3_2024,BPI5TC,16750
5/8/2024,Q2,Q_4_2024,BPI5TC,15450
5/8/2024,Q3,Q_1_2025,BPI5TC,12961
5/8/2024,Y0,Y_2024,BPI5TC,14275
5/8/2024,Y1,Y_2025,BPI5TC,13800
5/8/2024,Y2,Y_2026,BPI5TC,12886
5/8/2024,Y3,Y_2027,BPI5TC,12504
5/9/2024,M0,M_May_2024,BPI5TC,16725
5/9/2024,M1,M_Jun_2024,BPI5TC,17100
5/9/2024,M2,M_Jul_2024,BPI5TC,17000
5/9/2024,M3,M_Aug_2024,BPI5TC,16875
5/9/2024,Q0,Q_2_2024,BPI5TC,15500
5/9/2024,Q1,Q_3_2024,BPI5TC,16675
5/9/2024,Q2,Q_4_2024,BPI5TC,15450
5/9/2024,Q3,Q_1_2025,BPI5TC,12961
5/9/2024,Y0,Y_2024,BPI5TC,14275
5/9/2024,Y1,Y_2025,BPI5TC,13825
5/9/2024,Y2,Y_2026,BPI5TC,12868
5/9/2024,Y3,Y_2027,BPI5TC,12514
5/10/2024,M0,M_May_2024,BPI5TC,16900
5/10/2024,M1,M_Jun_2024,BPI5TC,17275
5/10/2024,M2,M_Jul_2024,BPI5TC,17275
5/10/2024,M3,M_Aug_2024,BPI5TC,16800
5/10/2024,Q0,Q_2_2024,BPI5TC,15500
5/10/2024,Q1,Q_3_2024,BPI5TC,16700
5/10/2024,Q2,Q_4_2024,BPI5TC,15525
5/10/2024,Q3,Q_1_2025,BPI5TC,13000
5/10/2024,Y0,Y_2024,BPI5TC,14275
5/10/2024,Y1,Y_2025,BPI5TC,13850
5/10/2024,Y2,Y_2026,BPI5TC,12900
5/10/2024,Y3,Y_2027,BPI5TC,12529
5/13/2024,M0,M_May_2024,BPI5TC,16375
5/13/2024,M1,M_Jun_2024,BPI5TC,16650
5/13/2024,M2,M_Jul_2024,BPI5TC,16850
5/13/2024,M3,M_Aug_2024,BPI5TC,16600
5/13/2024,Q0,Q_2_2024,BPI5TC,15500
5/13/2024,Q1,Q_3_2024,BPI5TC,16450
5/13/2024,Q2,Q_4_2024,BPI5TC,15350
5/13/2024,Q3,Q_1_2025,BPI5TC,12957
5/13/2024,Y0,Y_2024,BPI5TC,14275
5/13/2024,Y1,Y_2025,BPI5TC,13850
5/13/2024,Y2,Y_2026,BPI5TC,12871
5/13/2024,Y3,Y_2027,BPI5TC,12507
5/14/2024,M0,M_May_2024,BPI5TC,15900
5/14/2024,M1,M_Jun_2024,BPI5TC,16225
5/14/2024,M2,M_Jul_2024,BPI5TC,16450
5/14/2024,M3,M_Aug_2024,BPI5TC,16300
5/14/2024,Q0,Q_2_2024,BPI5TC,15500
5/14/2024,Q1,Q_3_2024,BPI5TC,16150
5/14/2024,Q2,Q_4_2024,BPI5TC,15100
5/14/2024,Q3,Q_1_2025,BPI5TC,12821
5/14/2024,Y0,Y_2024,BPI5TC,14275
5/14/2024,Y1,Y_2025,BPI5TC,13725
5/14/2024,Y2,Y_2026,BPI5TC,12836
5/14/2024,Y3,Y_2027,BPI5TC,12486
5/15/2024,M0,M_May_2024,BPI5TC,15550
5/15/2024,M1,M_Jun_2024,BPI5TC,15575
5/15/2024,M2,M_Jul_2024,BPI5TC,16100
5/15/2024,M3,M_Aug_2024,BPI5TC,15900
5/15/2024,Q0,Q_2_2024,BPI5TC,15500
5/15/2024,Q1,Q_3_2024,BPI5TC,15875
5/15/2024,Q2,Q_4_2024,BPI5TC,14950
5/15/2024,Q3,Q_1_2025,BPI5TC,12725
5/15/2024,Y0,Y_2024,BPI5TC,14275
5/15/2024,Y1,Y_2025,BPI5TC,13625
5/15/2024,Y2,Y_2026,BPI5TC,12764
5/15/2024,Y3,Y_2027,BPI5TC,12461
5/16/2024,M0,M_May_2024,BPI5TC,15750
5/16/2024,M1,M_Jun_2024,BPI5TC,16300
5/16/2024,M2,M_Jul_2024,BPI5TC,16375
5/16/2024,M3,M_Aug_2024,BPI5TC,16275
5/16/2024,Q0,Q_2_2024,BPI5TC,15500
5/16/2024,Q1,Q_3_2024,BPI5TC,16275
5/16/2024,Q2,Q_4_2024,BPI5TC,15300
5/16/2024,Q3,Q_1_2025,BPI5TC,12818
5/16/2024,Y0,Y_2024,BPI5TC,14275
5/16/2024,Y1,Y_2025,BPI5TC,13675
5/16/2024,Y2,Y_2026,BPI5TC,12764
5/16/2024,Y3,Y_2027,BPI5TC,12500
5/17/2024,M0,M_May_2024,BPI5TC,15600
5/17/2024,M1,M_Jun_2024,BPI5TC,16075
5/17/2024,M2,M_Jul_2024,BPI5TC,16525
5/17/2024,M3,M_Aug_2024,BPI5TC,16300
5/17/2024,Q0,Q_2_2024,BPI5TC,15500
5/17/2024,Q1,Q_3_2024,BPI5TC,16200
5/17/2024,Q2,Q_4_2024,BPI5TC,15200
5/17/2024,Q3,Q_1_2025,BPI5TC,12821
5/17/2024,Y0,Y_2024,BPI5TC,14275
5/17/2024,Y1,Y_2025,BPI5TC,13750
5/17/2024,Y2,Y_2026,BPI5TC,12807
5/17/2024,Y3,Y_2027,BPI5TC,12507
5/20/2024,M0,M_May_2024,BPI5TC,15675
5/20/2024,M1,M_Jun_2024,BPI5TC,16500
5/20/2024,M2,M_Jul_2024,BPI5TC,16900
5/20/2024,M3,M_Aug_2024,BPI5TC,16625
5/20/2024,Q0,Q_2_2024,BPI5TC,15500
5/20/2024,Q1,Q_3_2024,BPI5TC,16500
5/20/2024,Q2,Q_4_2024,BPI5TC,15450
5/20/2024,Q3,Q_1_2025,BPI5TC,12807
5/20/2024,Y0,Y_2024,BPI5TC,14275
5/20/2024,Y1,Y_2025,BPI5TC,13675
5/20/2024,Y2,Y_2026,BPI5TC,12800
5/20/2024,Y3,Y_2027,BPI5TC,12514
5/21/2024,M0,M_May_2024,BPI5TC,15750
5/21/2024,M1,M_Jun_2024,BPI5TC,16200
5/21/2024,M2,M_Jul_2024,BPI5TC,16800
5/21/2024,M3,M_Aug_2024,BPI5TC,16575
5/21/2024,Q0,Q_2_2024,BPI5TC,15500
5/21/2024,Q1,Q_3_2024,BPI5TC,16550
5/21/2024,Q2,Q_4_2024,BPI5TC,15350
5/21/2024,Q3,Q_1_2025,BPI5TC,12732
5/21/2024,Y0,Y_2024,BPI5TC,14275
5/21/2024,Y1,Y_2025,BPI5TC,13625
5/21/2024,Y2,Y_2026,BPI5TC,12775
5/21/2024,Y3,Y_2027,BPI5TC,12507
5/22/2024,M0,M_May_2024,BPI5TC,15725
5/22/2024,M1,M_Jun_2024,BPI5TC,16000
5/22/2024,M2,M_Jul_2024,BPI5TC,16425
5/22/2024,M3,M_Aug_2024,BPI5TC,16350
5/22/2024,Q0,Q_2_2024,BPI5TC,15500
5/22/2024,Q1,Q_3_2024,BPI5TC,16275
5/22/2024,Q2,Q_4_2024,BPI5TC,15150
5/22/2024,Q3,Q_1_2025,BPI5TC,12589
5/22/2024,Y0,Y_2024,BPI5TC,14275
5/22/2024,Y1,Y_2025,BPI5TC,13425
5/22/2024,Y2,Y_2026,BPI5TC,12704
5/22/2024,Y3,Y_2027,BPI5TC,12471
5/23/2024,M0,M_May_2024,BPI5TC,15750
5/23/2024,M1,M_Jun_2024,BPI5TC,15750
5/23/2024,M2,M_Jul_2024,BPI5TC,16250
5/23/2024,M3,M_Aug_2024,BPI5TC,16200
5/23/2024,Q0,Q_2_2024,BPI5TC,15500
5/23/2024,Q1,Q_3_2024,BPI5TC,16200
5/23/2024,Q2,Q_4_2024,BPI5TC,15150
5/23/2024,Q3,Q_1_2025,BPI5TC,12564
5/23/2024,Y0,Y_2024,BPI5TC,14275
5/23/2024,Y1,Y_2025,BPI5TC,13525
5/23/2024,Y2,Y_2026,BPI5TC,12693
5/23/2024,Y3,Y_2027,BPI5TC,12464
5/24/2024,M0,M_May_2024,BPI5TC,15725
5/24/2024,M1,M_Jun_2024,BPI5TC,15775
5/24/2024,M2,M_Jul_2024,BPI5TC,16200
5/24/2024,M3,M_Aug_2024,BPI5TC,16200
5/24/2024,Q0,Q_2_2024,BPI5TC,15500
5/24/2024,Q1,Q_3_2024,BPI5TC,16150
5/24/2024,Q2,Q_4_2024,BPI5TC,15100
5/24/2024,Q3,Q_1_2025,BPI5TC,12550
5/24/2024,Y0,Y_2024,BPI5TC,14275
5/24/2024,Y1,Y_2025,BPI5TC,13475
5/24/2024,Y2,Y_2026,BPI5TC,12671
5/24/2024,Y3,Y_2027,BPI5TC,12436
5/27/2024,M0,M_May_2024,BPI5TC,15725
5/27/2024,M1,M_Jun_2024,BPI5TC,15775
5/27/2024,M2,M_Jul_2024,BPI5TC,16200
5/27/2024,M3,M_Aug_2024,BPI5TC,16200
5/27/2024,Q0,Q_2_2024,BPI5TC,15500
5/27/2024,Q1,Q_3_2024,BPI5TC,16150
5/27/2024,Q2,Q_4_2024,BPI5TC,15100
5/27/2024,Q3,Q_1_2025,BPI5TC,12550
5/27/2024,Y0,Y_2024,BPI5TC,14275
5/27/2024,Y1,Y_2025,BPI5TC,13475
5/27/2024,Y2,Y_2026,BPI5TC,12671
5/27/2024,Y3,Y_2027,BPI5TC,12436
5/28/2024,M0,M_May_2024,BPI5TC,15750
5/28/2024,M1,M_Jun_2024,BPI5TC,15150
5/28/2024,M2,M_Jul_2024,BPI5TC,15750
5/28/2024,M3,M_Aug_2024,BPI5TC,15600
5/28/2024,Q0,Q_2_2024,BPI5TC,15500
5/28/2024,Q1,Q_3_2024,BPI5TC,15650
5/28/2024,Q2,Q_4_2024,BPI5TC,14900
5/28/2024,Q3,Q_1_2025,BPI5TC,12414
5/28/2024,Y0,Y_2024,BPI5TC,14275
5/28/2024,Y1,Y_2025,BPI5TC,13350
5/28/2024,Y2,Y_2026,BPI5TC,12536
5/28/2024,Y3,Y_2027,BPI5TC,12357
5/29/2024,M0,M_May_2024,BPI5TC,15700
5/29/2024,M1,M_Jun_2024,BPI5TC,14925
5/29/2024,M2,M_Jul_2024,BPI5TC,15350
5/29/2024,M3,M_Aug_2024,BPI5TC,15325
5/29/2024,Q0,Q_2_2024,BPI5TC,15500
5/29/2024,Q1,Q_3_2024,BPI5TC,15362.5
5/29/2024,Q2,Q_4_2024,BPI5TC,14900
5/29/2024,Q3,Q_1_2025,BPI5TC,12386
5/29/2024,Y0,Y_2024,BPI5TC,14275
5/29/2024,Y1,Y_2025,BPI5TC,13400
5/29/2024,Y2,Y_2026,BPI5TC,12521
5/29/2024,Y3,Y_2027,BPI5TC,12371
5/30/2024,M0,M_May_2024,BPI5TC,15500
5/30/2024,M1,M_Jun_2024,BPI5TC,14900
5/30/2024,M2,M_Jul_2024,BPI5TC,15425
5/30/2024,M3,M_Aug_2024,BPI5TC,15550
5/30/2024,Q0,Q_2_2024,BPI5TC,15500
5/30/2024,Q1,Q_3_2024,BPI5TC,15525
5/30/2024,Q2,Q_4_2024,BPI5TC,15000
5/30/2024,Q3,Q_1_2025,BPI5TC,12468
5/30/2024,Y0,Y_2024,BPI5TC,14275
5/30/2024,Y1,Y_2025,BPI5TC,13400
5/30/2024,Y2,Y_2026,BPI5TC,12546
5/30/2024,Y3,Y_2027,BPI5TC,12375
5/31/2024,M0,M_May_2024,BPI5TC,15125
5/31/2024,M1,M_Jun_2024,BPI5TC,15450
5/31/2024,M2,M_Jul_2024,BPI5TC,15700
5/31/2024,M3,M_Aug_2024,BPI5TC,15550
5/31/2024,Q0,Q_2_2024,BPI5TC,15500
5/31/2024,Q1,Q_3_2024,BPI5TC,15625
5/31/2024,Q2,Q_4_2024,BPI5TC,15100
5/31/2024,Q3,Q_1_2025,BPI5TC,12482
5/31/2024,Y0,Y_2024,BPI5TC,14275
5/31/2024,Y1,Y_2025,BPI5TC,13425
5/31/2024,Y2,Y_2026,BPI5TC,12554
5/31/2024,Y3,Y_2027,BPI5TC,12311
6/3/2024,M0,M_Jun_2024,BPI5TC,15125
6/3/2024,M1,M_Jul_2024,BPI5TC,15700
6/3/2024,M2,M_Aug_2024,BPI5TC,15700
6/3/2024,M3,M_Sep_2024,BPI5TC,15800
6/3/2024,Q0,Q_2_2024,BPI5TC,15500
6/3/2024,Q1,Q_3_2024,BPI5TC,15750
6/3/2024,Q2,Q_4_2024,BPI5TC,15000
6/3/2024,Q3,Q_1_2025,BPI5TC,12536
6/3/2024,Y0,Y_2024,BPI5TC,14275
6/3/2024,Y1,Y_2025,BPI5TC,13475
6/3/2024,Y2,Y_2026,BPI5TC,12568
6/3/2024,Y3,Y_2027,BPI5TC,12336
6/4/2024,M0,M_Jun_2024,BPI5TC,15275
6/4/2024,M1,M_Jul_2024,BPI5TC,15850
6/4/2024,M2,M_Aug_2024,BPI5TC,15850
6/4/2024,M3,M_Sep_2024,BPI5TC,15725
6/4/2024,Q0,Q_2_2024,BPI5TC,15500
6/4/2024,Q1,Q_3_2024,BPI5TC,15800
6/4/2024,Q2,Q_4_2024,BPI5TC,15200
6/4/2024,Q3,Q_1_2025,BPI5TC,12493
6/4/2024,Y0,Y_2024,BPI5TC,14275
6/4/2024,Y1,Y_2025,BPI5TC,13350
6/4/2024,Y2,Y_2026,BPI5TC,12496
6/4/2024,Y3,Y_2027,BPI5TC,12321
6/5/2024,M0,M_Jun_2024,BPI5TC,15275
6/5/2024,M1,M_Jul_2024,BPI5TC,15700
6/5/2024,M2,M_Aug_2024,BPI5TC,15700
6/5/2024,M3,M_Sep_2024,BPI5TC,15700
6/5/2024,Q0,Q_2_2024,BPI5TC,15500
6/5/2024,Q1,Q_3_2024,BPI5TC,15700
6/5/2024,Q2,Q_4_2024,BPI5TC,15175
6/5/2024,Q3,Q_1_2025,BPI5TC,12521
6/5/2024,Y0,Y_2024,BPI5TC,14275
6/5/2024,Y1,Y_2025,BPI5TC,13525
6/5/2024,Y2,Y_2026,BPI5TC,12511
6/5/2024,Y3,Y_2027,BPI5TC,12325
6/6/2024,M0,M_Jun_2024,BPI5TC,15275
6/6/2024,M1,M_Jul_2024,BPI5TC,15675
6/6/2024,M2,M_Aug_2024,BPI5TC,15600
6/6/2024,M3,M_Sep_2024,BPI5TC,15525
6/6/2024,Q0,Q_2_2024,BPI5TC,15500
6/6/2024,Q1,Q_3_2024,BPI5TC,15600
6/6/2024,Q2,Q_4_2024,BPI5TC,15100
6/6/2024,Q3,Q_1_2025,BPI5TC,12521
6/6/2024,Y0,Y_2024,BPI5TC,14275
6/6/2024,Y1,Y_2025,BPI5TC,13450
6/6/2024,Y2,Y_2026,BPI5TC,12500
6/6/2024,Y3,Y_2027,BPI5TC,12300
6/7/2024,M0,M_Jun_2024,BPI5TC,15275
6/7/2024,M1,M_Jul_2024,BPI5TC,15675
6/7/2024,M2,M_Aug_2024,BPI5TC,15600
6/7/2024,M3,M_Sep_2024,BPI5TC,15525
6/7/2024,Q0,Q_2_2024,BPI5TC,15500
6/7/2024,Q1,Q_3_2024,BPI5TC,15600
6/7/2024,Q2,Q_4_2024,BPI5TC,15100
6/7/2024,Q3,Q_1_2025,BPI5TC,12479
6/7/2024,Y0,Y_2024,BPI5TC,14275
6/7/2024,Y1,Y_2025,BPI5TC,13450
6/7/2024,Y2,Y_2026,BPI5TC,12504
6/7/2024,Y3,Y_2027,BPI5TC,12289
6/10/2024,M0,M_Jun_2024,BPI5TC,15000
6/10/2024,M1,M_Jul_2024,BPI5TC,15375
6/10/2024,M2,M_Aug_2024,BPI5TC,15425
6/10/2024,M3,M_Sep_2024,BPI5TC,15625
6/10/2024,Q0,Q_2_2024,BPI5TC,15500
6/10/2024,Q1,Q_3_2024,BPI5TC,15525
6/10/2024,Q2,Q_4_2024,BPI5TC,15100
6/10/2024,Q3,Q_1_2025,BPI5TC,12443
6/10/2024,Y0,Y_2024,BPI5TC,14275
6/10/2024,Y1,Y_2025,BPI5TC,13350
6/10/2024,Y2,Y_2026,BPI5TC,12500
6/10/2024,Y3,Y_2027,BPI5TC,12282
6/11/2024,M0,M_Jun_2024,BPI5TC,15500
6/11/2024,M1,M_Jul_2024,BPI5TC,16000
6/11/2024,M2,M_Aug_2024,BPI5TC,15775
6/11/2024,M3,M_Sep_2024,BPI5TC,15575
6/11/2024,Q0,Q_2_2024,BPI5TC,15500
6/11/2024,Q1,Q_3_2024,BPI5TC,15750
6/11/2024,Q2,Q_4_2024,BPI5TC,15300
6/11/2024,Q3,Q_1_2025,BPI5TC,12479
6/11/2024,Y0,Y_2024,BPI5TC,14275
6/11/2024,Y1,Y_2025,BPI5TC,13375
6/11/2024,Y2,Y_2026,BPI5TC,12500
6/11/2024,Y3,Y_2027,BPI5TC,12293
6/12/2024,M0,M_Jun_2024,BPI5TC,15750
6/12/2024,M1,M_Jul_2024,BPI5TC,15925
6/12/2024,M2,M_Aug_2024,BPI5TC,15750
6/12/2024,M3,M_Sep_2024,BPI5TC,15625
6/12/2024,Q0,Q_2_2024,BPI5TC,15500
6/12/2024,Q1,Q_3_2024,BPI5TC,15750
6/12/2024,Q2,Q_4_2024,BPI5TC,15400
6/12/2024,Q3,Q_1_2025,BPI5TC,12493
6/12/2024,Y0,Y_2024,BPI5TC,14275
6/12/2024,Y1,Y_2025,BPI5TC,13425
6/12/2024,Y2,Y_2026,BPI5TC,12518
6/12/2024,Y3,Y_2027,BPI5TC,12300
6/13/2024,M0,M_Jun_2024,BPI5TC,15750
6/13/2024,M1,M_Jul_2024,BPI5TC,15925
6/13/2024,M2,M_Aug_2024,BPI5TC,15750
6/13/2024,M3,M_Sep_2024,BPI5TC,15625
6/13/2024,Q0,Q_2_2024,BPI5TC,15500
6/13/2024,Q1,Q_3_2024,BPI5TC,15975
6/13/2024,Q2,Q_4_2024,BPI5TC,15400
6/13/2024,Q3,Q_1_2025,BPI5TC,12525
6/13/2024,Y0,Y_2024,BPI5TC,14275
6/13/2024,Y1,Y_2025,BPI5TC,13425
6/13/2024,Y2,Y_2026,BPI5TC,12518
6/13/2024,Y3,Y_2027,BPI5TC,12307
6/14/2024,M0,M_Jun_2024,BPI5TC,15750
6/14/2024,M1,M_Jul_2024,BPI5TC,15925
6/14/2024,M2,M_Aug_2024,BPI5TC,15750
6/14/2024,M3,M_Sep_2024,BPI5TC,15625
6/14/2024,Q0,Q_2_2024,BPI5TC,15500
6/14/2024,Q1,Q_3_2024,BPI5TC,15800
6/14/2024,Q2,Q_4_2024,BPI5TC,15400
6/14/2024,Q3,Q_1_2025,BPI5TC,12486
6/14/2024,Y0,Y_2024,BPI5TC,14275
6/14/2024,Y1,Y_2025,BPI5TC,13425
6/14/2024,Y2,Y_2026,BPI5TC,12521
6/14/2024,Y3,Y_2027,BPI5TC,12307
6/17/2024,M0,M_Jun_2024,BPI5TC,15750
6/17/2024,M1,M_Jul_2024,BPI5TC,16100
6/17/2024,M2,M_Aug_2024,BPI5TC,15900
6/17/2024,M3,M_Sep_2024,BPI5TC,15925
6/17/2024,Q0,Q_2_2024,BPI5TC,15500
6/17/2024,Q1,Q_3_2024,BPI5TC,15925
6/17/2024,Q2,Q_4_2024,BPI5TC,15725
6/17/2024,Q3,Q_1_2025,BPI5TC,12500
6/17/2024,Y0,Y_2024,BPI5TC,14275
6/17/2024,Y1,Y_2025,BPI5TC,13325
6/17/2024,Y2,Y_2026,BPI5TC,12532
6/17/2024,Y3,Y_2027,BPI5TC,12307
6/18/2024,M0,M_Jun_2024,BPI5TC,15550
6/18/2024,M1,M_Jul_2024,BPI5TC,15650
6/18/2024,M2,M_Aug_2024,BPI5TC,15525
6/18/2024,M3,M_Sep_2024,BPI5TC,15500
6/18/2024,Q0,Q_2_2024,BPI5TC,15500
6/18/2024,Q1,Q_3_2024,BPI5TC,15600
6/18/2024,Q2,Q_4_2024,BPI5TC,15450
6/18/2024,Q3,Q_1_2025,BPI5TC,12461
6/18/2024,Y0,Y_2024,BPI5TC,14275
6/18/2024,Y1,Y_2025,BPI5TC,13300
6/18/2024,Y2,Y_2026,BPI5TC,12521
6/18/2024,Y3,Y_2027,BPI5TC,12300
6/19/2024,M0,M_Jun_2024,BPI5TC,15300
6/19/2024,M1,M_Jul_2024,BPI5TC,15125
6/19/2024,M2,M_Aug_2024,BPI5TC,15200
6/19/2024,M3,M_Sep_2024,BPI5TC,15225
6/19/2024,Q0,Q_2_2024,BPI5TC,15500
6/19/2024,Q1,Q_3_2024,BPI5TC,15175
6/19/2024,Q2,Q_4_2024,BPI5TC,15200
6/19/2024,Q3,Q_1_2025,BPI5TC,12414
6/19/2024,Y0,Y_2024,BPI5TC,14275
6/19/2024,Y1,Y_2025,BPI5TC,13275
6/19/2024,Y2,Y_2026,BPI5TC,12507
6/19/2024,Y3,Y_2027,BPI5TC,12293
6/20/2024,M0,M_Jun_2024,BPI5TC,15100
6/20/2024,M1,M_Jul_2024,BPI5TC,15050
6/20/2024,M2,M_Aug_2024,BPI5TC,15300
6/20/2024,M3,M_Sep_2024,BPI5TC,15300
6/20/2024,Q0,Q_2_2024,BPI5TC,15500
6/20/2024,Q1,Q_3_2024,BPI5TC,15225
6/20/2024,Q2,Q_4_2024,BPI5TC,15350
6/20/2024,Q3,Q_1_2025,BPI5TC,12414
6/20/2024,Y0,Y_2024,BPI5TC,14275
6/20/2024,Y1,Y_2025,BPI5TC,13300
6/20/2024,Y2,Y_2026,BPI5TC,12507
6/20/2024,Y3,Y_2027,BPI5TC,12293
6/21/2024,M0,M_Jun_2024,BPI5TC,15100
6/21/2024,M1,M_Jul_2024,BPI5TC,15175
6/21/2024,M2,M_Aug_2024,BPI5TC,15350
6/21/2024,M3,M_Sep_2024,BPI5TC,15375
6/21/2024,Q0,Q_2_2024,BPI5TC,15500
6/21/2024,Q1,Q_3_2024,BPI5TC,15287.5
6/21/2024,Q2,Q_4_2024,BPI5TC,15487.5
6/21/2024,Q3,Q_1_2025,BPI5TC,12418
6/21/2024,Y0,Y_2024,BPI5TC,14275
6/21/2024,Y1,Y_2025,BPI5TC,13325
6/21/2024,Y2,Y_2026,BPI5TC,12511
6/21/2024,Y3,Y_2027,BPI5TC,12298
6/24/2024,M0,M_Jun_2024,BPI5TC,15100
6/24/2024,M1,M_Jul_2024,BPI5TC,15175
6/24/2024,M2,M_Aug_2024,BPI5TC,15350
6/24/2024,M3,M_Sep_2024,BPI5TC,15375
6/24/2024,Q0,Q_2_2024,BPI5TC,15500
6/24/2024,Q1,Q_3_2024,BPI5TC,15287.5
6/24/2024,Q2,Q_4_2024,BPI5TC,15487.5
6/24/2024,Q3,Q_1_2025,BPI5TC,12343
6/24/2024,Y0,Y_2024,BPI5TC,14275
6/24/2024,Y1,Y_2025,BPI5TC,13325
6/24/2024,Y2,Y_2026,BPI5TC,12493
6/24/2024,Y3,Y_2027,BPI5TC,12286
6/25/2024,M0,M_Jun_2024,BPI5TC,14875
6/25/2024,M1,M_Jul_2024,BPI5TC,14275
6/25/2024,M2,M_Aug_2024,BPI5TC,14600
6/25/2024,M3,M_Sep_2024,BPI5TC,15025
6/25/2024,Q0,Q_2_2024,BPI5TC,15500
6/25/2024,Q1,Q_3_2024,BPI5TC,14650
6/25/2024,Q2,Q_4_2024,BPI5TC,15175
6/25/2024,Q3,Q_1_2025,BPI5TC,12311
6/25/2024,Y0,Y_2024,BPI5TC,14275
6/25/2024,Y1,Y_2025,BPI5TC,13225
6/25/2024,Y2,Y_2026,BPI5TC,12471
6/25/2024,Y3,Y_2027,BPI5TC,12286
6/26/2024,M0,M_Jun_2024,BPI5TC,14875
6/26/2024,M1,M_Jul_2024,BPI5TC,14650
6/26/2024,M2,M_Aug_2024,BPI5TC,15075
6/26/2024,M3,M_Sep_2024,BPI5TC,15375
6/26/2024,Q0,Q_2_2024,BPI5TC,15500
6/26/2024,Q1,Q_3_2024,BPI5TC,15025
6/26/2024,Q2,Q_4_2024,BPI5TC,15550
6/26/2024,Q3,Q_1_2025,BPI5TC,12400
6/26/2024,Y0,Y_2024,BPI5TC,14275
6/26/2024,Y1,Y_2025,BPI5TC,13400
6/26/2024,Y2,Y_2026,BPI5TC,12543
6/26/2024,Y3,Y_2027,BPI5TC,12307
6/27/2024,M0,M_Jun_2024,BPI5TC,14875
6/27/2024,M1,M_Jul_2024,BPI5TC,14650
6/27/2024,M2,M_Aug_2024,BPI5TC,15075
6/27/2024,M3,M_Sep_2024,BPI5TC,15375
6/27/2024,Q0,Q_2_2024,BPI5TC,15500
6/27/2024,Q1,Q_3_2024,BPI5TC,15025
6/27/2024,Q2,Q_4_2024,BPI5TC,15550
6/27/2024,Q3,Q_1_2025,BPI5TC,12493
6/27/2024,Y0,Y_2024,BPI5TC,14275
6/27/2024,Y1,Y_2025,BPI5TC,13400
6/27/2024,Y2,Y_2026,BPI5TC,12564
6/27/2024,Y3,Y_2027,BPI5TC,12304
6/28/2024,M0,M_Jun_2024,BPI5TC,14575
6/28/2024,M1,M_Jul_2024,BPI5TC,15225
6/28/2024,M2,M_Aug_2024,BPI5TC,15775
6/28/2024,M3,M_Sep_2024,BPI5TC,15375
6/28/2024,Q0,Q_2_2024,BPI5TC,15225
6/28/2024,Q1,Q_3_2024,BPI5TC,15625
6/28/2024,Q2,Q_4_2024,BPI5TC,12500
6/28/2024,Q3,Q_1_2025,BPI5TC,14107
6/28/2024,Y0,Y_2024,BPI5TC,14275
6/28/2024,Y1,Y_2025,BPI5TC,13450
6/28/2024,Y2,Y_2026,BPI5TC,12571
6/28/2024,Y3,Y_2027,BPI5TC,12304
7/1/2024,M0,M_Jul_2024,BPI5TC,14625
7/1/2024,M1,M_Aug_2024,BPI5TC,15075
7/1/2024,M2,M_Sep_2024,BPI5TC,15775
7/1/2024,M3,M_Oct_2024,BPI5TC,15975
7/1/2024,Q0,Q_3_2024,BPI5TC,15150
7/1/2024,Q1,Q_4_2024,BPI5TC,15750
7/1/2024,Q2,Q_1_2025,BPI5TC,12400
7/1/2024,Q3,Q_2_2025,BPI5TC,14086
7/1/2024,Y0,Y_2024,BPI5TC,14275
7/1/2024,Y1,Y_2025,BPI5TC,13500
7/1/2024,Y2,Y_2026,BPI5TC,12582
7/1/2024,Y3,Y_2027,BPI5TC,12321
7/2/2024,M0,M_Jul_2024,BPI5TC,14100
7/2/2024,M1,M_Aug_2024,BPI5TC,14550
7/2/2024,M2,M_Sep_2024,BPI5TC,15425
7/2/2024,M3,M_Oct_2024,BPI5TC,15625
7/2/2024,Q0,Q_3_2024,BPI5TC,14700
7/2/2024,Q1,Q_4_2024,BPI5TC,15400
7/2/2024,Q2,Q_1_2025,BPI5TC,12325
7/2/2024,Q3,Q_2_2025,BPI5TC,13954
7/2/2024,Y0,Y_2024,BPI5TC,14275
7/2/2024,Y1,Y_2025,BPI5TC,13350
7/2/2024,Y2,Y_2026,BPI5TC,12554
7/2/2024,Y3,Y_2027,BPI5TC,12314
7/3/2024,M0,M_Jul_2024,BPI5TC,13800
7/3/2024,M1,M_Aug_2024,BPI5TC,14325
7/3/2024,M2,M_Sep_2024,BPI5TC,15075
7/3/2024,M3,M_Oct_2024,BPI5TC,15575
7/3/2024,Q0,Q_3_2024,BPI5TC,14375
7/3/2024,Q1,Q_4_2024,BPI5TC,15300
7/3/2024,Q2,Q_1_2025,BPI5TC,12350
7/3/2024,Q3,Q_2_2025,BPI5TC,13979
7/3/2024,Y0,Y_2024,BPI5TC,14275
7/3/2024,Y1,Y_2025,BPI5TC,13450
7/3/2024,Y2,Y_2026,BPI5TC,12539
7/3/2024,Y3,Y_2027,BPI5TC,12318
7/4/2024,M0,M_Jul_2024,BPI5TC,13375
7/4/2024,M1,M_Aug_2024,BPI5TC,14200
7/4/2024,M2,M_Sep_2024,BPI5TC,14950
7/4/2024,M3,M_Oct_2024,BPI5TC,15475
7/4/2024,Q0,Q_3_2024,BPI5TC,14175
7/4/2024,Q1,Q_4_2024,BPI5TC,15350
7/4/2024,Q2,Q_1_2025,BPI5TC,12350
7/4/2024,Q3,Q_2_2025,BPI5TC,13993
7/4/2024,Y0,Y_2024,BPI5TC,14275
7/4/2024,Y1,Y_2025,BPI5TC,13400
7/4/2024,Y2,Y_2026,BPI5TC,12525
7/4/2024,Y3,Y_2027,BPI5TC,12318
7/5/2024,M0,M_Jul_2024,BPI5TC,13125
7/5/2024,M1,M_Aug_2024,BPI5TC,13950
7/5/2024,M2,M_Sep_2024,BPI5TC,14725
7/5/2024,M3,M_Oct_2024,BPI5TC,15375
7/5/2024,Q0,Q_3_2024,BPI5TC,13950
7/5/2024,Q1,Q_4_2024,BPI5TC,15225
7/5/2024,Q2,Q_1_2025,BPI5TC,12375
7/5/2024,Q3,Q_2_2025,BPI5TC,14036
7/5/2024,Y0,Y_2024,BPI5TC,14275
7/5/2024,Y1,Y_2025,BPI5TC,13425
7/5/2024,Y2,Y_2026,BPI5TC,12511
7/5/2024,Y3,Y_2027,BPI5TC,12325
7/8/2024,M0,M_Jul_2024,BPI5TC,13350
7/8/2024,M1,M_Aug_2024,BPI5TC,14300
7/8/2024,M2,M_Sep_2024,BPI5TC,15100
7/8/2024,M3,M_Oct_2024,BPI5TC,15725
7/8/2024,Q0,Q_3_2024,BPI5TC,14250
7/8/2024,Q1,Q_4_2024,BPI5TC,15450
7/8/2024,Q2,Q_1_2025,BPI5TC,12450
7/8/2024,Q3,Q_2_2025,BPI5TC,14036
7/8/2024,Y0,Y_2024,BPI5TC,14275
7/8/2024,Y1,Y_2025,BPI5TC,13450
7/8/2024,Y2,Y_2026,BPI5TC,12568
7/8/2024,Y3,Y_2027,BPI5TC,12336
7/9/2024,M0,M_Jul_2024,BPI5TC,13600
7/9/2024,M1,M_Aug_2024,BPI5TC,14700
7/9/2024,M2,M_Sep_2024,BPI5TC,15300
7/9/2024,M3,M_Oct_2024,BPI5TC,15775
7/9/2024,Q0,Q_3_2024,BPI5TC,14525
7/9/2024,Q1,Q_4_2024,BPI5TC,15675
7/9/2024,Q2,Q_1_2025,BPI5TC,12550
7/9/2024,Q3,Q_2_2025,BPI5TC,14107
7/9/2024,Y0,Y_2024,BPI5TC,14275
7/9/2024,Y1,Y_2025,BPI5TC,13525
7/9/2024,Y2,Y_2026,BPI5TC,12639
7/9/2024,Y3,Y_2027,BPI5TC,12371
7/10/2024,M0,M_Jul_2024,BPI5TC,13950
7/10/2024,M1,M_Aug_2024,BPI5TC,14950
7/10/2024,M2,M_Sep_2024,BPI5TC,15700
7/10/2024,M3,M_Oct_2024,BPI5TC,16150
7/10/2024,Q0,Q_3_2024,BPI5TC,14862.5
7/10/2024,Q1,Q_4_2024,BPI5TC,15900
7/10/2024,Q2,Q_1_2025,BPI5TC,12650
7/10/2024,Q3,Q_2_2025,BPI5TC,14229
7/10/2024,Y0,Y_2024,BPI5TC,14275
7/10/2024,Y1,Y_2025,BPI5TC,13650
7/10/2024,Y2,Y_2026,BPI5TC,12675
7/10/2024,Y3,Y_2027,BPI5TC,12371
7/11/2024,M0,M_Jul_2024,BPI5TC,14100
7/11/2024,M1,M_Aug_2024,BPI5TC,14950
7/11/2024,M2,M_Sep_2024,BPI5TC,15700
7/11/2024,M3,M_Oct_2024,BPI5TC,16150
7/11/2024,Q0,Q_3_2024,BPI5TC,14925
7/11/2024,Q1,Q_4_2024,BPI5TC,15862.5
7/11/2024,Q2,Q_1_2025,BPI5TC,12750
7/11/2024,Q3,Q_2_2025,BPI5TC,14271
7/11/2024,Y0,Y_2024,BPI5TC,14275
7/11/2024,Y1,Y_2025,BPI5TC,13700
7/11/2024,Y2,Y_2026,BPI5TC,12721
7/11/2024,Y3,Y_2027,BPI5TC,12411
7/12/2024,M0,M_Jul_2024,BPI5TC,14100
7/12/2024,M1,M_Aug_2024,BPI5TC,15075
7/12/2024,M2,M_Sep_2024,BPI5TC,15800
7/12/2024,M3,M_Oct_2024,BPI5TC,16275
7/12/2024,Q0,Q_3_2024,BPI5TC,15000
7/12/2024,Q1,Q_4_2024,BPI5TC,16025
7/12/2024,Q2,Q_1_2025,BPI5TC,12950
7/12/2024,Q3,Q_2_2025,BPI5TC,14336
7/12/2024,Y0,Y_2024,BPI5TC,14275
7/12/2024,Y1,Y_2025,BPI5TC,13825
7/12/2024,Y2,Y_2026,BPI5TC,12821
7/12/2024,Y3,Y_2027,BPI5TC,12418
7/15/2024,M0,M_Jul_2024,BPI5TC,13850
7/15/2024,M1,M_Aug_2024,BPI5TC,14875
7/15/2024,M2,M_Sep_2024,BPI5TC,15575
7/15/2024,M3,M_Oct_2024,BPI5TC,16125
7/15/2024,Q0,Q_3_2024,BPI5TC,14775
7/15/2024,Q1,Q_4_2024,BPI5TC,15800
7/15/2024,Q2,Q_1_2025,BPI5TC,12850
7/15/2024,Q3,Q_2_2025,BPI5TC,14293
7/15/2024,Y0,Y_2024,BPI5TC,14275
7/15/2024,Y1,Y_2025,BPI5TC,13775
7/15/2024,Y2,Y_2026,BPI5TC,12779
7/15/2024,Y3,Y_2027,BPI5TC,12414
7/16/2024,M0,M_Jul_2024,BPI5TC,13625
7/16/2024,M1,M_Aug_2024,BPI5TC,14350
7/16/2024,M2,M_Sep_2024,BPI5TC,15150
7/16/2024,M3,M_Oct_2024,BPI5TC,15875
7/16/2024,Q0,Q_3_2024,BPI5TC,14362.5
7/16/2024,Q1,Q_4_2024,BPI5TC,15500
7/16/2024,Q2,Q_1_2025,BPI5TC,12675
7/16/2024,Q3,Q_2_2025,BPI5TC,14114
7/16/2024,Y0,Y_2024,BPI5TC,14275
7/16/2024,Y1,Y_2025,BPI5TC,13550
7/16/2024,Y2,Y_2026,BPI5TC,12707
7/16/2024,Y3,Y_2027,BPI5TC,12393
7/17/2024,M0,M_Jul_2024,BPI5TC,13675
7/17/2024,M1,M_Aug_2024,BPI5TC,14650
7/17/2024,M2,M_Sep_2024,BPI5TC,15400
7/17/2024,M3,M_Oct_2024,BPI5TC,15925
7/17/2024,Q0,Q_3_2024,BPI5TC,14600
7/17/2024,Q1,Q_4_2024,BPI5TC,15725
7/17/2024,Q2,Q_1_2025,BPI5TC,12725
7/17/2024,Q3,Q_2_2025,BPI5TC,14164
7/17/2024,Y0,Y_2024,BPI5TC,14275
7/17/2024,Y1,Y_2025,BPI5TC,13600
7/17/2024,Y2,Y_2026,BPI5TC,12707
7/17/2024,Y3,Y_2027,BPI5TC,12391
7/18/2024,M0,M_Jul_2024,BPI5TC,13675
7/18/2024,M1,M_Aug_2024,BPI5TC,14875
7/18/2024,M2,M_Sep_2024,BPI5TC,15712.5
7/18/2024,M3,M_Oct_2024,BPI5TC,16100
7/18/2024,Q0,Q_3_2024,BPI5TC,14762.5
7/18/2024,Q1,Q_4_2024,BPI5TC,15900
7/18/2024,Q2,Q_1_2025,BPI5TC,12850
7/18/2024,Q3,Q_2_2025,BPI5TC,14257
7/18/2024,Y0,Y_2024,BPI5TC,14275
7/18/2024,Y1,Y_2025,BPI5TC,13737.5
7/18/2024,Y2,Y_2026,BPI5TC,12743
7/18/2024,Y3,Y_2027,BPI5TC,12393
7/19/2024,M0,M_Jul_2024,BPI5TC,13700
7/19/2024,M1,M_Aug_2024,BPI5TC,14675
7/19/2024,M2,M_Sep_2024,BPI5TC,15625
7/19/2024,M3,M_Oct_2024,BPI5TC,15825
7/19/2024,Q0,Q_3_2024,BPI5TC,14675
7/19/2024,Q1,Q_4_2024,BPI5TC,15725
7/19/2024,Q2,Q_1_2025,BPI5TC,12850
7/19/2024,Q3,Q_2_2025,BPI5TC,14275
7/19/2024,Y0,Y_2024,BPI5TC,14275
7/19/2024,Y1,Y_2025,BPI5TC,13700
7/19/2024,Y2,Y_2026,BPI5TC,12729
7/19/2024,Y3,Y_2027,BPI5TC,12393
7/22/2024,M0,M_Jul_2024,BPI5TC,13700
7/22/2024,M1,M_Aug_2024,BPI5TC,14925
7/22/2024,M2,M_Sep_2024,BPI5TC,15850
7/22/2024,M3,M_Oct_2024,BPI5TC,16125
7/22/2024,Q0,Q_3_2024,BPI5TC,14837.5
7/22/2024,Q1,Q_4_2024,BPI5TC,15950
7/22/2024,Q2,Q_1_2025,BPI5TC,12925
7/22/2024,Q3,Q_2_2025,BPI5TC,14350
7/22/2024,Y0,Y_2024,BPI5TC,14275
7/22/2024,Y1,Y_2025,BPI5TC,13800
7/22/2024,Y2,Y_2026,BPI5TC,12757
7/22/2024,Y3,Y_2027,BPI5TC,12393
7/23/2024,M0,M_Jul_2024,BPI5TC,13700
7/23/2024,M1,M_Aug_2024,BPI5TC,15300
7/23/2024,M2,M_Sep_2024,BPI5TC,15925
7/23/2024,M3,M_Oct_2024,BPI5TC,16250
7/23/2024,Q0,Q_3_2024,BPI5TC,15000
7/23/2024,Q1,Q_4_2024,BPI5TC,16025
7/23/2024,Q2,Q_1_2025,BPI5TC,13025
7/23/2024,Q3,Q_2_2025,BPI5TC,14386
7/23/2024,Y0,Y_2024,BPI5TC,14275
7/23/2024,Y1,Y_2025,BPI5TC,13800
7/23/2024,Y2,Y_2026,BPI5TC,12825
7/23/2024,Y3,Y_2027,BPI5TC,12429
7/24/2024,M0,M_Jul_2024,BPI5TC,13800
7/24/2024,M1,M_Aug_2024,BPI5TC,15350
7/24/2024,M2,M_Sep_2024,BPI5TC,15875
7/24/2024,M3,M_Oct_2024,BPI5TC,16375
7/24/2024,Q0,Q_3_2024,BPI5TC,15050
7/24/2024,Q1,Q_4_2024,BPI5TC,16000
7/24/2024,Q2,Q_1_2025,BPI5TC,13000
7/24/2024,Q3,Q_2_2025,BPI5TC,14379
7/24/2024,Y0,Y_2024,BPI5TC,14275
7/24/2024,Y1,Y_2025,BPI5TC,13800
7/24/2024,Y2,Y_2026,BPI5TC,12825
7/24/2024,Y3,Y_2027,BPI5TC,12427
7/25/2024,M0,M_Jul_2024,BPI5TC,13800
7/25/2024,M1,M_Aug_2024,BPI5TC,14850
7/25/2024,M2,M_Sep_2024,BPI5TC,15500
7/25/2024,M3,M_Oct_2024,BPI5TC,15975
7/25/2024,Q0,Q_3_2024,BPI5TC,14712.5
7/25/2024,Q1,Q_4_2024,BPI5TC,15750
7/25/2024,Q2,Q_1_2025,BPI5TC,12800
7/25/2024,Q3,Q_2_2025,BPI5TC,14257
7/25/2024,Y0,Y_2024,BPI5TC,14275
7/25/2024,Y1,Y_2025,BPI5TC,13700
7/25/2024,Y2,Y_2026,BPI5TC,12771
7/25/2024,Y3,Y_2027,BPI5TC,12427
7/26/2024,M0,M_Jul_2024,BPI5TC,13775
7/26/2024,M1,M_Aug_2024,BPI5TC,14825
7/26/2024,M2,M_Sep_2024,BPI5TC,15625
7/26/2024,M3,M_Oct_2024,BPI5TC,16000
7/26/2024,Q0,Q_3_2024,BPI5TC,14737.5
7/26/2024,Q1,Q_4_2024,BPI5TC,15700
7/26/2024,Q2,Q_1_2025,BPI5TC,12875
7/26/2024,Q3,Q_2_2025,BPI5TC,14211
7/26/2024,Y0,Y_2024,BPI5TC,14275
7/26/2024,Y1,Y_2025,BPI5TC,13675
7/26/2024,Y2,Y_2026,BPI5TC,12754
7/26/2024,Y3,Y_2027,BPI5TC,12414
7/29/2024,M0,M_Jul_2024,BPI5TC,13800
7/29/2024,M1,M_Aug_2024,BPI5TC,14725
7/29/2024,M2,M_Sep_2024,BPI5TC,15600
7/29/2024,M3,M_Oct_2024,BPI5TC,16150
7/29/2024,Q0,Q_3_2024,BPI5TC,14850
7/29/2024,Q1,Q_4_2024,BPI5TC,15725
7/29/2024,Q2,Q_1_2025,BPI5TC,12875
7/29/2024,Q3,Q_2_2025,BPI5TC,14236
7/29/2024,Y0,Y_2024,BPI5TC,14275
7/29/2024,Y1,Y_2025,BPI5TC,13700
7/29/2024,Y2,Y_2026,BPI5TC,12761
7/29/2024,Y3,Y_2027,BPI5TC,12407
7/30/2024,M0,M_Jul_2024,BPI5TC,13800
7/30/2024,M1,M_Aug_2024,BPI5TC,14425
7/30/2024,M2,M_Sep_2024,BPI5TC,15175
7/30/2024,M3,M_Oct_2024,BPI5TC,15775
7/30/2024,Q0,Q_3_2024,BPI5TC,14450
7/30/2024,Q1,Q_4_2024,BPI5TC,15450
7/30/2024,Q2,Q_1_2025,BPI5TC,12875
7/30/2024,Q3,Q_2_2025,BPI5TC,14129
7/30/2024,Y0,Y_2024,BPI5TC,14275
7/30/2024,Y1,Y_2025,BPI5TC,13525
7/30/2024,Y2,Y_2026,BPI5TC,12668
7/30/2024,Y3,Y_2027,BPI5TC,12400
7/31/2024,M0,M_Jul_2024,BPI5TC,14375
7/31/2024,M1,M_Aug_2024,BPI5TC,15200
7/31/2024,M2,M_Sep_2024,BPI5TC,15750
7/31/2024,M3,M_Oct_2024,BPI5TC,15775
7/31/2024,Q0,Q_3_2024,BPI5TC,14450
7/31/2024,Q1,Q_4_2024,BPI5TC,15450
7/31/2024,Q2,Q_1_2025,BPI5TC,12825
7/31/2024,Q3,Q_2_2025,BPI5TC,14118
7/31/2024,Y0,Y_2024,BPI5TC,14275
7/31/2024,Y1,Y_2025,BPI5TC,13550
7/31/2024,Y2,Y_2026,BPI5TC,12654
7/31/2024,Y3,Y_2027,BPI5TC,12400
8/1/2024,M0,M_Aug_2024,BPI5TC,14625
8/1/2024,M1,M_Sep_2024,BPI5TC,15400
8/1/2024,M2,M_Oct_2024,BPI5TC,15900
8/1/2024,M3,M_Nov_2024,BPI5TC,15600
8/1/2024,Q0,Q_3_2024,BPI5TC,14450
8/1/2024,Q1,Q_4_2024,BPI5TC,15625
8/1/2024,Q2,Q_1_2025,BPI5TC,12825
8/1/2024,Q3,Q_2_2025,BPI5TC,14161
8/1/2024,Y0,Y_2024,BPI5TC,14275
8/1/2024,Y1,Y_2025,BPI5TC,13550
8/1/2024,Y2,Y_2026,BPI5TC,12671
8/1/2024,Y3,Y_2027,BPI5TC,12404
8/2/2024,M0,M_Aug_2024,BPI5TC,14650
8/2/2024,M1,M_Sep_2024,BPI5TC,15325
8/2/2024,M2,M_Oct_2024,BPI5TC,15800
8/2/2024,M3,M_Nov_2024,BPI5TC,15600
8/2/2024,Q0,Q_3_2024,BPI5TC,14450
8/2/2024,Q1,Q_4_2024,BPI5TC,15600
8/2/2024,Q2,Q_1_2025,BPI5TC,12850
8/2/2024,Q3,Q_2_2025,BPI5TC,14146
8/2/2024,Y0,Y_2024,BPI5TC,14275
8/2/2024,Y1,Y_2025,BPI5TC,13575
8/2/2024,Y2,Y_2026,BPI5TC,12671
8/2/2024,Y3,Y_2027,BPI5TC,12404
8/5/2024,M0,M_Aug_2024,BPI5TC,14050
8/5/2024,M1,M_Sep_2024,BPI5TC,14850
8/5/2024,M2,M_Oct_2024,BPI5TC,15525
8/5/2024,M3,M_Nov_2024,BPI5TC,15325
8/5/2024,Q0,Q_3_2024,BPI5TC,14450
8/5/2024,Q1,Q_4_2024,BPI5TC,15225
8/5/2024,Q2,Q_1_2025,BPI5TC,12725
8/5/2024,Q3,Q_2_2025,BPI5TC,13979
8/5/2024,Y0,Y_2024,BPI5TC,14275
8/5/2024,Y1,Y_2025,BPI5TC,13425
8/5/2024,Y2,Y_2026,BPI5TC,12632
8/5/2024,Y3,Y_2027,BPI5TC,12425
8/6/2024,M0,M_Aug_2024,BPI5TC,13900
8/6/2024,M1,M_Sep_2024,BPI5TC,14550
8/6/2024,M2,M_Oct_2024,BPI5TC,15475
8/6/2024,M3,M_Nov_2024,BPI5TC,15000
8/6/2024,Q0,Q_3_2024,BPI5TC,14450
8/6/2024,Q1,Q_4_2024,BPI5TC,15125
8/6/2024,Q2,Q_1_2025,BPI5TC,12750
8/6/2024,Q3,Q_2_2025,BPI5TC,13918
8/6/2024,Y0,Y_2024,BPI5TC,14275
8/6/2024,Y1,Y_2025,BPI5TC,13450
8/6/2024,Y2,Y_2026,BPI5TC,12621
8/6/2024,Y3,Y_2027,BPI5TC,12425
8/7/2024,M0,M_Aug_2024,BPI5TC,13400
8/7/2024,M1,M_Sep_2024,BPI5TC,14125
8/7/2024,M2,M_Oct_2024,BPI5TC,15150
8/7/2024,M3,M_Nov_2024,BPI5TC,14900
8/7/2024,Q0,Q_3_2024,BPI5TC,14450
8/7/2024,Q1,Q_4_2024,BPI5TC,14975
8/7/2024,Q2,Q_1_2025,BPI5TC,12700
8/7/2024,Q3,Q_2_2025,BPI5TC,13936
8/7/2024,Y0,Y_2024,BPI5TC,14275
8/7/2024,Y1,Y_2025,BPI5TC,13400
8/7/2024,Y2,Y_2026,BPI5TC,12621
8/7/2024,Y3,Y_2027,BPI5TC,12411
8/8/2024,M0,M_Aug_2024,BPI5TC,13275
8/8/2024,M1,M_Sep_2024,BPI5TC,14025
8/8/2024,M2,M_Oct_2024,BPI5TC,15050
8/8/2024,M3,M_Nov_2024,BPI5TC,14875
8/8/2024,Q0,Q_3_2024,BPI5TC,14450
8/8/2024,Q1,Q_4_2024,BPI5TC,14875
8/8/2024,Q2,Q_1_2025,BPI5TC,12625
8/8/2024,Q3,Q_2_2025,BPI5TC,13864
8/8/2024,Y0,Y_2024,BPI5TC,14275
8/8/2024,Y1,Y_2025,BPI5TC,13350
8/8/2024,Y2,Y_2026,BPI5TC,12607
8/8/2024,Y3,Y_2027,BPI5TC,12411
8/9/2024,M0,M_Aug_2024,BPI5TC,13225
8/9/2024,M1,M_Sep_2024,BPI5TC,14075
8/9/2024,M2,M_Oct_2024,BPI5TC,15175
8/9/2024,M3,M_Nov_2024,BPI5TC,14925
8/9/2024,Q0,Q_3_2024,BPI5TC,14450
8/9/2024,Q1,Q_4_2024,BPI5TC,14975
8/9/2024,Q2,Q_1_2025,BPI5TC,12550
8/9/2024,Q3,Q_2_2025,BPI5TC,13857
8/9/2024,Y0,Y_2024,BPI5TC,14275
8/9/2024,Y1,Y_2025,BPI5TC,13375
8/9/2024,Y2,Y_2026,BPI5TC,12611
8/9/2024,Y3,Y_2027,BPI5TC,12411
8/12/2024,M0,M_Aug_2024,BPI5TC,13275
8/12/2024,M1,M_Sep_2024,BPI5TC,13850
8/12/2024,M2,M_Oct_2024,BPI5TC,15175
8/12/2024,M3,M_Nov_2024,BPI5TC,14975
8/12/2024,Q0,Q_3_2024,BPI5TC,14450
8/12/2024,Q1,Q_4_2024,BPI5TC,14975
8/12/2024,Q2,Q_1_2025,BPI5TC,12625
8/12/2024,Q3,Q_2_2025,BPI5TC,13882
8/12/2024,Y0,Y_2024,BPI5TC,14275
8/12/2024,Y1,Y_2025,BPI5TC,13450
8/12/2024,Y2,Y_2026,BPI5TC,12607
8/12/2024,Y3,Y_2027,BPI5TC,12414
8/13/2024,M0,M_Aug_2024,BPI5TC,13350
8/13/2024,M1,M_Sep_2024,BPI5TC,14300
8/13/2024,M2,M_Oct_2024,BPI5TC,15300
8/13/2024,M3,M_Nov_2024,BPI5TC,15000
8/13/2024,Q0,Q_3_2024,BPI5TC,14450
8/13/2024,Q1,Q_4_2024,BPI5TC,15100
8/13/2024,Q2,Q_1_2025,BPI5TC,12625
8/13/2024,Q3,Q_2_2025,BPI5TC,14000
8/13/2024,Y0,Y_2024,BPI5TC,14275
8/13/2024,Y1,Y_2025,BPI5TC,13500
8/13/2024,Y2,Y_2026,BPI5TC,12661
8/13/2024,Y3,Y_2027,BPI5TC,12432
8/14/2024,M0,M_Aug_2024,BPI5TC,13350
8/14/2024,M1,M_Sep_2024,BPI5TC,14162.5
8/14/2024,M2,M_Oct_2024,BPI5TC,15325
8/14/2024,M3,M_Nov_2024,BPI5TC,15100
8/14/2024,Q0,Q_3_2024,BPI5TC,14450
8/14/2024,Q1,Q_4_2024,BPI5TC,15150
8/14/2024,Q2,Q_1_2025,BPI5TC,12600
8/14/2024,Q3,Q_2_2025,BPI5TC,13975
8/14/2024,Y0,Y_2024,BPI5TC,14275
8/14/2024,Y1,Y_2025,BPI5TC,13475
8/14/2024,Y2,Y_2026,BPI5TC,12657
8/14/2024,Y3,Y_2027,BPI5TC,12425
8/15/2024,M0,M_Aug_2024,BPI5TC,13300
8/15/2024,M1,M_Sep_2024,BPI5TC,13925
8/15/2024,M2,M_Oct_2024,BPI5TC,15225
8/15/2024,M3,M_Nov_2024,BPI5TC,15075
8/15/2024,Q0,Q_3_2024,BPI5TC,14450
8/15/2024,Q1,Q_4_2024,BPI5TC,15050
8/15/2024,Q2,Q_1_2025,BPI5TC,12500
8/15/2024,Q3,Q_2_2025,BPI5TC,13875
8/15/2024,Y0,Y_2024,BPI5TC,14275
8/15/2024,Y1,Y_2025,BPI5TC,13350
8/15/2024,Y2,Y_2026,BPI5TC,12604
8/15/2024,Y3,Y_2027,BPI5TC,12418
8/16/2024,M0,M_Aug_2024,BPI5TC,13275
8/16/2024,M1,M_Sep_2024,BPI5TC,14025
8/16/2024,M2,M_Oct_2024,BPI5TC,15350
8/16/2024,M3,M_Nov_2024,BPI5TC,15150
8/16/2024,Q0,Q_3_2024,BPI5TC,14450
8/16/2024,Q1,Q_4_2024,BPI5TC,15125
8/16/2024,Q2,Q_1_2025,BPI5TC,12550
8/16/2024,Q3,Q_2_2025,BPI5TC,13879
8/16/2024,Y0,Y_2024,BPI5TC,14275
8/16/2024,Y1,Y_2025,BPI5TC,13375
8/16/2024,Y2,Y_2026,BPI5TC,12614
8/16/2024,Y3,Y_2027,BPI5TC,12421
8/19/2024,M0,M_Aug_2024,BPI5TC,12975
8/19/2024,M1,M_Sep_2024,BPI5TC,13400
8/19/2024,M2,M_Oct_2024,BPI5TC,14825
8/19/2024,M3,M_Nov_2024,BPI5TC,14850
8/19/2024,Q0,Q_3_2024,BPI5TC,14450
8/19/2024,Q1,Q_4_2024,BPI5TC,14800
8/19/2024,Q2,Q_1_2025,BPI5TC,12350
8/19/2024,Q3,Q_2_2025,BPI5TC,13775
8/19/2024,Y0,Y_2024,BPI5TC,14275
8/19/2024,Y1,Y_2025,BPI5TC,13237.5
8/19/2024,Y2,Y_2026,BPI5TC,12586
8/19/2024,Y3,Y_2027,BPI5TC,12407
8/20/2024,M0,M_Aug_2024,BPI5TC,12875
8/20/2024,M1,M_Sep_2024,BPI5TC,13400
8/20/2024,M2,M_Oct_2024,BPI5TC,14800
8/20/2024,M3,M_Nov_2024,BPI5TC,14975
8/20/2024,Q0,Q_3_2024,BPI5TC,14450
8/20/2024,Q1,Q_4_2024,BPI5TC,14975
8/20/2024,Q2,Q_1_2025,BPI5TC,12225
8/20/2024,Q3,Q_2_2025,BPI5TC,13750
8/20/2024,Y0,Y_2024,BPI5TC,14275
8/20/2024,Y1,Y_2025,BPI5TC,13175
8/20/2024,Y2,Y_2026,BPI5TC,12543
8/20/2024,Y3,Y_2027,BPI5TC,12371
8/21/2024,M0,M_Aug_2024,BPI5TC,12875
8/21/2024,M1,M_Sep_2024,BPI5TC,13200
8/21/2024,M2,M_Oct_2024,BPI5TC,14450
8/21/2024,M3,M_Nov_2024,BPI5TC,14725
8/21/2024,Q0,Q_3_2024,BPI5TC,14450
8/21/2024,Q1,Q_4_2024,BPI5TC,14675
8/21/2024,Q2,Q_1_2025,BPI5TC,12200
8/21/2024,Q3,Q_2_2025,BPI5TC,13729
8/21/2024,Y0,Y_2024,BPI5TC,14275
8/21/2024,Y1,Y_2025,BPI5TC,13150
8/21/2024,Y2,Y_2026,BPI5TC,12554
8/21/2024,Y3,Y_2027,BPI5TC,12364
8/22/2024,M0,M_Aug_2024,BPI5TC,12650
8/22/2024,M1,M_Sep_2024,BPI5TC,12600
8/22/2024,M2,M_Oct_2024,BPI5TC,13875
8/22/2024,M3,M_Nov_2024,BPI5TC,14150
8/22/2024,Q0,Q_3_2024,BPI5TC,14450
8/22/2024,Q1,Q_4_2024,BPI5TC,14050
8/22/2024,Q2,Q_1_2025,BPI5TC,11800
8/22/2024,Q3,Q_2_2025,BPI5TC,13479
8/22/2024,Y0,Y_2024,BPI5TC,14275
8/22/2024,Y1,Y_2025,BPI5TC,12850
8/22/2024,Y2,Y_2026,BPI5TC,12446
8/22/2024,Y3,Y_2027,BPI5TC,12304
8/23/2024,M0,M_Aug_2024,BPI5TC,12625
8/23/2024,M1,M_Sep_2024,BPI5TC,12325
8/23/2024,M2,M_Oct_2024,BPI5TC,13575
8/23/2024,M3,M_Nov_2024,BPI5TC,14025
8/23/2024,Q0,Q_3_2024,BPI5TC,14450
8/23/2024,Q1,Q_4_2024,BPI5TC,13850
8/23/2024,Q2,Q_1_2025,BPI5TC,11575
8/23/2024,Q3,Q_2_2025,BPI5TC,13268
8/23/2024,Y0,Y_2024,BPI5TC,14275
8/23/2024,Y1,Y_2025,BPI5TC,12675
8/23/2024,Y2,Y_2026,BPI5TC,12414
8/23/2024,Y3,Y_2027,BPI5TC,12293
8/26/2024,M0,M_Aug_2024,BPI5TC,12625
8/26/2024,M1,M_Sep_2024,BPI5TC,12325
8/26/2024,M2,M_Oct_2024,BPI5TC,13575
8/26/2024,M3,M_Nov_2024,BPI5TC,14025
8/26/2024,Q0,Q_3_2024,BPI5TC,14450
8/26/2024,Q1,Q_4_2024,BPI5TC,13850
8/26/2024,Q2,Q_1_2025,BPI5TC,11575
8/26/2024,Q3,Q_2_2025,BPI5TC,13268
8/26/2024,Y0,Y_2024,BPI5TC,14275
8/26/2024,Y1,Y_2025,BPI5TC,12675
8/26/2024,Y2,Y_2026,BPI5TC,12414
8/26/2024,Y3,Y_2027,BPI5TC,12293
8/27/2024,M0,M_Aug_2024,BPI5TC,12500
8/27/2024,M1,M_Sep_2024,BPI5TC,12850
8/27/2024,M2,M_Oct_2024,BPI5TC,14150
8/27/2024,M3,M_Nov_2024,BPI5TC,14475
8/27/2024,Q0,Q_3_2024,BPI5TC,14450
8/27/2024,Q1,Q_4_2024,BPI5TC,14250
8/27/2024,Q2,Q_1_2025,BPI5TC,11900
8/27/2024,Q3,Q_2_2025,BPI5TC,13443
8/27/2024,Y0,Y_2024,BPI5TC,14275
8/27/2024,Y1,Y_2025,BPI5TC,12950
8/27/2024,Y2,Y_2026,BPI5TC,12546
8/27/2024,Y3,Y_2027,BPI5TC,12311
8/28/2024,M0,M_Aug_2024,BPI5TC,12500
8/28/2024,M1,M_Sep_2024,BPI5TC,12300
8/28/2024,M2,M_Oct_2024,BPI5TC,13825
8/28/2024,M3,M_Nov_2024,BPI5TC,14050
8/28/2024,Q0,Q_3_2024,BPI5TC,14450
8/28/2024,Q1,Q_4_2024,BPI5TC,13950
8/28/2024,Q2,Q_1_2025,BPI5TC,11800
8/28/2024,Q3,Q_2_2025,BPI5TC,13336
8/28/2024,Y0,Y_2024,BPI5TC,14275
8/28/2024,Y1,Y_2025,BPI5TC,12800
8/28/2024,Y2,Y_2026,BPI5TC,12484
8/28/2024,Y3,Y_2027,BPI5TC,12307
8/29/2024,M0,M_Aug_2024,BPI5TC,12500
8/29/2024,M1,M_Sep_2024,BPI5TC,12650
8/29/2024,M2,M_Oct_2024,BPI5TC,14200
8/29/2024,M3,M_Nov_2024,BPI5TC,14225
8/29/2024,Q0,Q_3_2024,BPI5TC,14450
8/29/2024,Q1,Q_4_2024,BPI5TC,14175
8/29/2024,Q2,Q_1_2025,BPI5TC,11800
8/29/2024,Q3,Q_2_2025,BPI5TC,13421
8/29/2024,Y0,Y_2024,BPI5TC,14275
8/29/2024,Y1,Y_2025,BPI5TC,12925
8/29/2024,Y2,Y_2026,BPI5TC,12529
8/29/2024,Y3,Y_2027,BPI5TC,12307
8/30/2024,M0,M_Aug_2024,BPI5TC,12650
8/30/2024,M1,M_Sep_2024,BPI5TC,14250
8/30/2024,M2,M_Oct_2024,BPI5TC,14475
8/30/2024,M3,M_Nov_2024,BPI5TC,14225
8/30/2024,Q0,Q_3_2024,BPI5TC,14450
8/30/2024,Q1,Q_4_2024,BPI5TC,14375
8/30/2024,Q2,Q_1_2025,BPI5TC,11800
8/30/2024,Q3,Q_2_2025,BPI5TC,13446
8/30/2024,Y0,Y_2024,BPI5TC,14275
8/30/2024,Y1,Y_2025,BPI5TC,12925
8/30/2024,Y2,Y_2026,BPI5TC,12561
8/30/2024,Y3,Y_2027,BPI5TC,12314
9/2/2024,M0,M_Sep_2024,BPI5TC,11925
9/2/2024,M1,M_Oct_2024,BPI5TC,13750
9/2/2024,M2,M_Nov_2024,BPI5TC,13925
9/2/2024,M3,M_Dec_2024,BPI5TC,13925
9/2/2024,Q0,Q_3_2024,BPI5TC,14450
9/2/2024,Q1,Q_4_2024,BPI5TC,13900
9/2/2024,Q2,Q_1_2025,BPI5TC,11775
9/2/2024,Q3,Q_2_2025,BPI5TC,13336
9/2/2024,Y0,Y_2024,BPI5TC,14275
9/2/2024,Y1,Y_2025,BPI5TC,12725
9/2/2024,Y2,Y_2026,BPI5TC,12532
9/2/2024,Y3,Y_2027,BPI5TC,12329
9/3/2024,M0,M_Sep_2024,BPI5TC,11775
9/3/2024,M1,M_Oct_2024,BPI5TC,13600
9/3/2024,M2,M_Nov_2024,BPI5TC,13875
9/3/2024,M3,M_Dec_2024,BPI5TC,13725
9/3/2024,Q0,Q_3_2024,BPI5TC,14450
9/3/2024,Q1,Q_4_2024,BPI5TC,13750
9/3/2024,Q2,Q_1_2025,BPI5TC,11625
9/3/2024,Q3,Q_2_2025,BPI5TC,13186
9/3/2024,Y0,Y_2024,BPI5TC,14275
9/3/2024,Y1,Y_2025,BPI5TC,12600
9/3/2024,Y2,Y_2026,BPI5TC,12493
9/3/2024,Y3,Y_2027,BPI5TC,12289
9/4/2024,M0,M_Sep_2024,BPI5TC,11925
9/4/2024,M1,M_Oct_2024,BPI5TC,13975
9/4/2024,M2,M_Nov_2024,BPI5TC,13975
9/4/2024,M3,M_Dec_2024,BPI5TC,13875
9/4/2024,Q0,Q_3_2024,BPI5TC,14450
9/4/2024,Q1,Q_4_2024,BPI5TC,13950
9/4/2024,Q2,Q_1_2025,BPI5TC,11600
9/4/2024,Q3,Q_2_2025,BPI5TC,13175
9/4/2024,Y0,Y_2024,BPI5TC,14275
9/4/2024,Y1,Y_2025,BPI5TC,12625
9/4/2024,Y2,Y_2026,BPI5TC,12486
9/4/2024,Y3,Y_2027,BPI5TC,12304
9/5/2024,M0,M_Sep_2024,BPI5TC,11975
9/5/2024,M1,M_Oct_2024,BPI5TC,14300
9/5/2024,M2,M_Nov_2024,BPI5TC,14275
9/5/2024,M3,M_Dec_2024,BPI5TC,14125
9/5/2024,Q0,Q_3_2024,BPI5TC,14450
9/5/2024,Q1,Q_4_2024,BPI5TC,14225
9/5/2024,Q2,Q_1_2025,BPI5TC,11600
9/5/2024,Q3,Q_2_2025,BPI5TC,13211
9/5/2024,Y0,Y_2024,BPI5TC,14275
9/5/2024,Y1,Y_2025,BPI5TC,12600
9/5/2024,Y2,Y_2026,BPI5TC,12529
9/5/2024,Y3,Y_2027,BPI5TC,12368
9/6/2024,M0,M_Sep_2024,BPI5TC,11725
9/6/2024,M1,M_Oct_2024,BPI5TC,14225
9/6/2024,M2,M_Nov_2024,BPI5TC,14400
9/6/2024,M3,M_Dec_2024,BPI5TC,14150
9/6/2024,Q0,Q_3_2024,BPI5TC,14450
9/6/2024,Q1,Q_4_2024,BPI5TC,14225
9/6/2024,Q2,Q_1_2025,BPI5TC,11675
9/6/2024,Q3,Q_2_2025,BPI5TC,13271
9/6/2024,Y0,Y_2024,BPI5TC,14275
9/6/2024,Y1,Y_2025,BPI5TC,12675
9/6/2024,Y2,Y_2026,BPI5TC,12532
9/6/2024,Y3,Y_2027,BPI5TC,12386
9/9/2024,M0,M_Sep_2024,BPI5TC,11600
9/9/2024,M1,M_Oct_2024,BPI5TC,13725
9/9/2024,M2,M_Nov_2024,BPI5TC,14125
9/9/2024,M3,M_Dec_2024,BPI5TC,13850
9/9/2024,Q0,Q_3_2024,BPI5TC,14450
9/9/2024,Q1,Q_4_2024,BPI5TC,13925
9/9/2024,Q2,Q_1_2025,BPI5TC,11525
9/9/2024,Q3,Q_2_2025,BPI5TC,13168
9/9/2024,Y0,Y_2024,BPI5TC,14275
9/9/2024,Y1,Y_2025,BPI5TC,12600
9/9/2024,Y2,Y_2026,BPI5TC,12504
9/9/2024,Y3,Y_2027,BPI5TC,12379
9/10/2024,M0,M_Sep_2024,BPI5TC,11625
9/10/2024,M1,M_Oct_2024,BPI5TC,13800
9/10/2024,M2,M_Nov_2024,BPI5TC,14200
9/10/2024,M3,M_Dec_2024,BPI5TC,14025
9/10/2024,Q0,Q_3_2024,BPI5TC,14450
9/10/2024,Q1,Q_4_2024,BPI5TC,14000
9/10/2024,Q2,Q_1_2025,BPI5TC,11500
9/10/2024,Q3,Q_2_2025,BPI5TC,13164
9/10/2024,Y0,Y_2024,BPI5TC,14275
9/10/2024,Y1,Y_2025,BPI5TC,12587.5
9/10/2024,Y2,Y_2026,BPI5TC,12471
9/10/2024,Y3,Y_2027,BPI5TC,12379
9/11/2024,M0,M_Sep_2024,BPI5TC,12025
9/11/2024,M1,M_Oct_2024,BPI5TC,14300
9/11/2024,M2,M_Nov_2024,BPI5TC,14600
9/11/2024,M3,M_Dec_2024,BPI5TC,14175
9/11/2024,Q0,Q_3_2024,BPI5TC,14450
9/11/2024,Q1,Q_4_2024,BPI5TC,14450
9/11/2024,Q2,Q_1_2025,BPI5TC,11725
9/11/2024,Q3,Q_2_2025,BPI5TC,13282
9/11/2024,Y0,Y_2024,BPI5TC,14275
9/11/2024,Y1,Y_2025,BPI5TC,12700
9/11/2024,Y2,Y_2026,BPI5TC,12550
9/11/2024,Y3,Y_2027,BPI5TC,12407
9/12/2024,M0,M_Sep_2024,BPI5TC,11800
9/12/2024,M1,M_Oct_2024,BPI5TC,13950
9/12/2024,M2,M_Nov_2024,BPI5TC,14275
9/12/2024,M3,M_Dec_2024,BPI5TC,14200
9/12/2024,Q0,Q_3_2024,BPI5TC,14450
9/12/2024,Q1,Q_4_2024,BPI5TC,14100
9/12/2024,Q2,Q_1_2025,BPI5TC,11675
9/12/2024,Q3,Q_2_2025,BPI5TC,13300
9/12/2024,Y0,Y_2024,BPI5TC,14275
9/12/2024,Y1,Y_2025,BPI5TC,12775
9/12/2024,Y2,Y_2026,BPI5TC,12543
9/12/2024,Y3,Y_2027,BPI5TC,12400
9/13/2024,M0,M_Sep_2024,BPI5TC,11700
9/13/2024,M1,M_Oct_2024,BPI5TC,13500
9/13/2024,M2,M_Nov_2024,BPI5TC,13975
9/13/2024,M3,M_Dec_2024,BPI5TC,13800
9/13/2024,Q0,Q_3_2024,BPI5TC,14450
9/13/2024,Q1,Q_4_2024,BPI5TC,13750
9/13/2024,Q2,Q_1_2025,BPI5TC,11600
9/13/2024,Q3,Q_2_2025,BPI5TC,13207
9/13/2024,Y0,Y_2024,BPI5TC,14275
9/13/2024,Y1,Y_2025,BPI5TC,12675
9/13/2024,Y2,Y_2026,BPI5TC,12496
9/13/2024,Y3,Y_2027,BPI5TC,12382
9/16/2024,M0,M_Sep_2024,BPI5TC,11550
9/16/2024,M1,M_Oct_2024,BPI5TC,13550
9/16/2024,M2,M_Nov_2024,BPI5TC,14025
9/16/2024,M3,M_Dec_2024,BPI5TC,13750
9/16/2024,Q0,Q_3_2024,BPI5TC,14450
9/16/2024,Q1,Q_4_2024,BPI5TC,13850
9/16/2024,Q2,Q_1_2025,BPI5TC,11650
9/16/2024,Q3,Q_2_2025,BPI5TC,13232
9/16/2024,Y0,Y_2024,BPI5TC,14275
9/16/2024,Y1,Y_2025,BPI5TC,12575
9/16/2024,Y2,Y_2026,BPI5TC,12471
9/16/2024,Y3,Y_2027,BPI5TC,12379
9/17/2024,M0,M_Sep_2024,BPI5TC,11700
9/17/2024,M1,M_Oct_2024,BPI5TC,13900
9/17/2024,M2,M_Nov_2024,BPI5TC,14225
9/17/2024,M3,M_Dec_2024,BPI5TC,14000
9/17/2024,Q0,Q_3_2024,BPI5TC,14450
9/17/2024,Q1,Q_4_2024,BPI5TC,14050
9/17/2024,Q2,Q_1_2025,BPI5TC,11725
9/17/2024,Q3,Q_2_2025,BPI5TC,13289
9/17/2024,Y0,Y_2024,BPI5TC,14275
9/17/2024,Y1,Y_2025,BPI5TC,12750
9/17/2024,Y2,Y_2026,BPI5TC,12496
9/17/2024,Y3,Y_2027,BPI5TC,12400
9/18/2024,M0,M_Sep_2024,BPI5TC,11700
9/18/2024,M1,M_Oct_2024,BPI5TC,13900
9/18/2024,M2,M_Nov_2024,BPI5TC,14225
9/18/2024,M3,M_Dec_2024,BPI5TC,14000
9/18/2024,Q0,Q_3_2024,BPI5TC,14450
9/18/2024,Q1,Q_4_2024,BPI5TC,14050
9/18/2024,Q2,Q_1_2025,BPI5TC,11725
9/18/2024,Q3,Q_2_2025,BPI5TC,13336
9/18/2024,Y0,Y_2024,BPI5TC,14275
9/18/2024,Y1,Y_2025,BPI5TC,12750
9/18/2024,Y2,Y_2026,BPI5TC,12534
9/18/2024,Y3,Y_2027,BPI5TC,12407
9/19/2024,M0,M_Sep_2024,BPI5TC,11800
9/19/2024,M1,M_Oct_2024,BPI5TC,14025
9/19/2024,M2,M_Nov_2024,BPI5TC,14050
9/19/2024,M3,M_Dec_2024,BPI5TC,13800
9/19/2024,Q0,Q_3_2024,BPI5TC,14450
9/19/2024,Q1,Q_4_2024,BPI5TC,13937.5
9/19/2024,Q2,Q_1_2025,BPI5TC,11550
9/19/2024,Q3,Q_2_2025,BPI5TC,13296
9/19/2024,Y0,Y_2024,BPI5TC,14275
9/19/2024,Y1,Y_2025,BPI5TC,12725
9/19/2024,Y2,Y_2026,BPI5TC,12511
9/19/2024,Y3,Y_2027,BPI5TC,12393
9/20/2024,M0,M_Sep_2024,BPI5TC,11750
9/20/2024,M1,M_Oct_2024,BPI5TC,13725
9/20/2024,M2,M_Nov_2024,BPI5TC,14075
9/20/2024,M3,M_Dec_2024,BPI5TC,13700
9/20/2024,Q0,Q_3_2024,BPI5TC,14450
9/20/2024,Q1,Q_4_2024,BPI5TC,13850
9/20/2024,Q2,Q_1_2025,BPI5TC,11650
9/20/2024,Q3,Q_2_2025,BPI5TC,13264
9/20/2024,Y0,Y_2024,BPI5TC,14275
9/20/2024,Y1,Y_2025,BPI5TC,12700
9/20/2024,Y2,Y_2026,BPI5TC,12482
9/20/2024,Y3,Y_2027,BPI5TC,12386
9/23/2024,M0,M_Sep_2024,BPI5TC,11700
9/23/2024,M1,M_Oct_2024,BPI5TC,14250
9/23/2024,M2,M_Nov_2024,BPI5TC,14400
9/23/2024,M3,M_Dec_2024,BPI5TC,14100
9/23/2024,Q0,Q_3_2024,BPI5TC,14450
9/23/2024,Q1,Q_4_2024,BPI5TC,14250
9/23/2024,Q2,Q_1_2025,BPI5TC,11775
9/23/2024,Q3,Q_2_2025,BPI5TC,13361
9/23/2024,Y0,Y_2024,BPI5TC,14275
9/23/2024,Y1,Y_2025,BPI5TC,12825
9/23/2024,Y2,Y_2026,BPI5TC,12543
9/23/2024,Y3,Y_2027,BPI5TC,12404
9/24/2024,M0,M_Sep_2024,BPI5TC,11637.5
9/24/2024,M1,M_Oct_2024,BPI5TC,13875
9/24/2024,M2,M_Nov_2024,BPI5TC,14075
9/24/2024,M3,M_Dec_2024,BPI5TC,13875
9/24/2024,Q0,Q_3_2024,BPI5TC,14450
9/24/2024,Q1,Q_4_2024,BPI5TC,13950
9/24/2024,Q2,Q_1_2025,BPI5TC,11650
9/24/2024,Q3,Q_2_2025,BPI5TC,13318
9/24/2024,Y0,Y_2024,BPI5TC,14275
9/24/2024,Y1,Y_2025,BPI5TC,12775
9/24/2024,Y2,Y_2026,BPI5TC,12511
9/24/2024,Y3,Y_2027,BPI5TC,12418
9/25/2024,M0,M_Sep_2024,BPI5TC,11500
9/25/2024,M1,M_Oct_2024,BPI5TC,13350
9/25/2024,M2,M_Nov_2024,BPI5TC,13750
9/25/2024,M3,M_Dec_2024,BPI5TC,13450
9/25/2024,Q0,Q_3_2024,BPI5TC,14450
9/25/2024,Q1,Q_4_2024,BPI5TC,13512.5
9/25/2024,Q2,Q_1_2025,BPI5TC,11400
9/25/2024,Q3,Q_2_2025,BPI5TC,13221
9/25/2024,Y0,Y_2024,BPI5TC,14275
9/25/2024,Y1,Y_2025,BPI5TC,12650
9/25/2024,Y2,Y_2026,BPI5TC,12496
9/25/2024,Y3,Y_2027,BPI5TC,12414
9/26/2024,M0,M_Sep_2024,BPI5TC,11550
9/26/2024,M1,M_Oct_2024,BPI5TC,13300
9/26/2024,M2,M_Nov_2024,BPI5TC,13975
9/26/2024,M3,M_Dec_2024,BPI5TC,13575
9/26/2024,Q0,Q_3_2024,BPI5TC,14450
9/26/2024,Q1,Q_4_2024,BPI5TC,13612.5
9/26/2024,Q2,Q_1_2025,BPI5TC,11450
9/26/2024,Q3,Q_2_2025,BPI5TC,13225
9/26/2024,Y0,Y_2024,BPI5TC,14275
9/26/2024,Y1,Y_2025,BPI5TC,12650
9/26/2024,Y2,Y_2026,BPI5TC,12489
9/26/2024,Y3,Y_2027,BPI5TC,12429
9/27/2024,M0,M_Sep_2024,BPI5TC,11550
9/27/2024,M1,M_Oct_2024,BPI5TC,13200
9/27/2024,M2,M_Nov_2024,BPI5TC,13750
9/27/2024,M3,M_Dec_2024,BPI5TC,13500
9/27/2024,Q0,Q_3_2024,BPI5TC,14450
9/27/2024,Q1,Q_4_2024,BPI5TC,13500
9/27/2024,Q2,Q_1_2025,BPI5TC,11500
9/27/2024,Q3,Q_2_2025,BPI5TC,13200
9/27/2024,Y0,Y_2024,BPI5TC,14275
9/27/2024,Y1,Y_2025,BPI5TC,12712.5
9/27/2024,Y2,Y_2026,BPI5TC,12468
9/27/2024,Y3,Y_2027,BPI5TC,12429
9/30/2024,M0,M_Sep_2024,BPI5TC,12950
9/30/2024,M1,M_Oct_2024,BPI5TC,13950
9/30/2024,M2,M_Nov_2024,BPI5TC,13675
9/30/2024,M3,M_Dec_2024,BPI5TC,12000
9/30/2024,Q0,Q_3_2024,BPI5TC,13550
9/30/2024,Q1,Q_4_2024,BPI5TC,11825
9/30/2024,Q2,Q_1_2025,BPI5TC,13475
9/30/2024,Q3,Q_2_2025,BPI5TC,13325
9/30/2024,Y0,Y_2024,BPI5TC,14275
9/30/2024,Y1,Y_2025,BPI5TC,12850
9/30/2024,Y2,Y_2026,BPI5TC,12550
9/30/2024,Y3,Y_2027,BPI5TC,12446
10/1/2024,M0,M_Oct_2024,BPI5TC,12550
10/1/2024,M1,M_Nov_2024,BPI5TC,13525
10/1/2024,M2,M_Dec_2024,BPI5TC,13400
10/1/2024,M3,M_Jan_2025,BPI5TC,12000
10/1/2024,Q0,Q_4_2024,BPI5TC,13175
10/1/2024,Q1,Q_1_2025,BPI5TC,11575
10/1/2024,Q2,Q_2_2025,BPI5TC,13275
10/1/2024,Q3,Q_3_2025,BPI5TC,13246
10/1/2024,Y0,Y_2024,BPI5TC,14275
10/1/2024,Y1,Y_2025,BPI5TC,12725
10/1/2024,Y2,Y_2026,BPI5TC,12507
10/1/2024,Y3,Y_2027,BPI5TC,12436
10/2/2024,M0,M_Oct_2024,BPI5TC,12375
10/2/2024,M1,M_Nov_2024,BPI5TC,13425
10/2/2024,M2,M_Dec_2024,BPI5TC,13450
10/2/2024,M3,M_Jan_2025,BPI5TC,12000
10/2/2024,Q0,Q_4_2024,BPI5TC,13050
10/2/2024,Q1,Q_1_2025,BPI5TC,11475
10/2/2024,Q2,Q_2_2025,BPI5TC,13250
10/2/2024,Q3,Q_3_2025,BPI5TC,13204
10/2/2024,Y0,Y_2024,BPI5TC,14275
10/2/2024,Y1,Y_2025,BPI5TC,12675
10/2/2024,Y2,Y_2026,BPI5TC,12471
10/2/2024,Y3,Y_2027,BPI5TC,12411
10/3/2024,M0,M_Oct_2024,BPI5TC,12725
10/3/2024,M1,M_Nov_2024,BPI5TC,13600
10/3/2024,M2,M_Dec_2024,BPI5TC,13450
10/3/2024,M3,M_Jan_2025,BPI5TC,12000
10/3/2024,Q0,Q_4_2024,BPI5TC,13275
10/3/2024,Q1,Q_1_2025,BPI5TC,11600
10/3/2024,Q2,Q_2_2025,BPI5TC,13375
10/3/2024,Q3,Q_3_2025,BPI5TC,13282
10/3/2024,Y0,Y_2024,BPI5TC,14275
10/3/2024,Y1,Y_2025,BPI5TC,12775
10/3/2024,Y2,Y_2026,BPI5TC,12486
10/3/2024,Y3,Y_2027,BPI5TC,12386
10/4/2024,M0,M_Oct_2024,BPI5TC,13050
10/4/2024,M1,M_Nov_2024,BPI5TC,13900
10/4/2024,M2,M_Dec_2024,BPI5TC,13850
10/4/2024,M3,M_Jan_2025,BPI5TC,12000
10/4/2024,Q0,Q_4_2024,BPI5TC,13575
10/4/2024,Q1,Q_1_2025,BPI5TC,11700
10/4/2024,Q2,Q_2_2025,BPI5TC,13450
10/4/2024,Q3,Q_3_2025,BPI5TC,13339
10/4/2024,Y0,Y_2024,BPI5TC,14275
10/4/2024,Y1,Y_2025,BPI5TC,12900
10/4/2024,Y2,Y_2026,BPI5TC,12439
10/4/2024,Y3,Y_2027,BPI5TC,12379
10/7/2024,M0,M_Oct_2024,BPI5TC,12950
10/7/2024,M1,M_Nov_2024,BPI5TC,13800
10/7/2024,M2,M_Dec_2024,BPI5TC,13600
10/7/2024,M3,M_Jan_2025,BPI5TC,12000
10/7/2024,Q0,Q_4_2024,BPI5TC,13450
10/7/2024,Q1,Q_1_2025,BPI5TC,11625
10/7/2024,Q2,Q_2_2025,BPI5TC,13225
10/7/2024,Q3,Q_3_2025,BPI5TC,13271
10/7/2024,Y0,Y_2024,BPI5TC,14275
10/7/2024,Y1,Y_2025,BPI5TC,12850
10/7/2024,Y2,Y_2026,BPI5TC,12396
10/7/2024,Y3,Y_2027,BPI5TC,12354
10/8/2024,M0,M_Oct_2024,BPI5TC,12350
10/8/2024,M1,M_Nov_2024,BPI5TC,13025
10/8/2024,M2,M_Dec_2024,BPI5TC,13075
10/8/2024,M3,M_Jan_2025,BPI5TC,12000
10/8/2024,Q0,Q_4_2024,BPI5TC,12825
10/8/2024,Q1,Q_1_2025,BPI5TC,11350
10/8/2024,Q2,Q_2_2025,BPI5TC,13062.5
10/8/2024,Q3,Q_3_2025,BPI5TC,13168
10/8/2024,Y0,Y_2024,BPI5TC,14275
10/8/2024,Y1,Y_2025,BPI5TC,12650
10/8/2024,Y2,Y_2026,BPI5TC,12314
10/8/2024,Y3,Y_2027,BPI5TC,12314
10/9/2024,M0,M_Oct_2024,BPI5TC,12350
10/9/2024,M1,M_Nov_2024,BPI5TC,13025
10/9/2024,M2,M_Dec_2024,BPI5TC,13075
10/9/2024,M3,M_Jan_2025,BPI5TC,12000
10/9/2024,Q0,Q_4_2024,BPI5TC,12825
10/9/2024,Q1,Q_1_2025,BPI5TC,11350
10/9/2024,Q2,Q_2_2025,BPI5TC,13062.5
10/9/2024,Q3,Q_3_2025,BPI5TC,13043
10/9/2024,Y0,Y_2024,BPI5TC,14275
10/9/2024,Y1,Y_2025,BPI5TC,12650
10/9/2024,Y2,Y_2026,BPI5TC,12229
10/9/2024,Y3,Y_2027,BPI5TC,12250
10/10/2024,M0,M_Oct_2024,BPI5TC,11900
10/10/2024,M1,M_Nov_2024,BPI5TC,12400
10/10/2024,M2,M_Dec_2024,BPI5TC,12575
10/10/2024,M3,M_Jan_2025,BPI5TC,12000
10/10/2024,Q0,Q_4_2024,BPI5TC,12300
10/10/2024,Q1,Q_1_2025,BPI5TC,11100
10/10/2024,Q2,Q_2_2025,BPI5TC,12925
10/10/2024,Q3,Q_3_2025,BPI5TC,12943
10/10/2024,Y0,Y_2024,BPI5TC,14275
10/10/2024,Y1,Y_2025,BPI5TC,12425
10/10/2024,Y2,Y_2026,BPI5TC,12157
10/10/2024,Y3,Y_2027,BPI5TC,12196
10/11/2024,M0,M_Oct_2024,BPI5TC,11750
10/11/2024,M1,M_Nov_2024,BPI5TC,12275
10/11/2024,M2,M_Dec_2024,BPI5TC,12425
10/11/2024,M3,M_Jan_2025,BPI5TC,12000
10/11/2024,Q0,Q_4_2024,BPI5TC,12162.5
10/11/2024,Q1,Q_1_2025,BPI5TC,11050
10/11/2024,Q2,Q_2_2025,BPI5TC,12775
10/11/2024,Q3,Q_3_2025,BPI5TC,12850
10/11/2024,Y0,Y_2024,BPI5TC,14275
10/11/2024,Y1,Y_2025,BPI5TC,12325
10/11/2024,Y2,Y_2026,BPI5TC,12079
10/11/2024,Y3,Y_2027,BPI5TC,12161
10/14/2024,M0,M_Oct_2024,BPI5TC,11225
10/14/2024,M1,M_Nov_2024,BPI5TC,11825
10/14/2024,M2,M_Dec_2024,BPI5TC,12000
10/14/2024,M3,M_Jan_2025,BPI5TC,12000
10/14/2024,Q0,Q_4_2024,BPI5TC,11675
10/14/2024,Q1,Q_1_2025,BPI5TC,10550
10/14/2024,Q2,Q_2_2025,BPI5TC,12725
10/14/2024,Q3,Q_3_2025,BPI5TC,12564
10/14/2024,Y0,Y_2024,BPI5TC,14275
10/14/2024,Y1,Y_2025,BPI5TC,11975
10/14/2024,Y2,Y_2026,BPI5TC,11929
10/14/2024,Y3,Y_2027,BPI5TC,12079
10/15/2024,M0,M_Oct_2024,BPI5TC,10900
10/15/2024,M1,M_Nov_2024,BPI5TC,11100
10/15/2024,M2,M_Dec_2024,BPI5TC,11275
10/15/2024,M3,M_Jan_2025,BPI5TC,12000
10/15/2024,Q0,Q_4_2024,BPI5TC,11075
10/15/2024,Q1,Q_1_2025,BPI5TC,10100
10/15/2024,Q2,Q_2_2025,BPI5TC,12175
10/15/2024,Q3,Q_3_2025,BPI5TC,12329
10/15/2024,Y0,Y_2024,BPI5TC,14275
10/15/2024,Y1,Y_2025,BPI5TC,11775
10/15/2024,Y2,Y_2026,BPI5TC,11714
10/15/2024,Y3,Y_2027,BPI5TC,11900
10/16/2024,M0,M_Oct_2024,BPI5TC,10700
10/16/2024,M1,M_Nov_2024,BPI5TC,10800
10/16/2024,M2,M_Dec_2024,BPI5TC,11025
10/16/2024,M3,M_Jan_2025,BPI5TC,12000
10/16/2024,Q0,Q_4_2024,BPI5TC,10800
10/16/2024,Q1,Q_1_2025,BPI5TC,10200
10/16/2024,Q2,Q_2_2025,BPI5TC,12250
10/16/2024,Q3,Q_3_2025,BPI5TC,12214
10/16/2024,Y0,Y_2024,BPI5TC,14275
10/16/2024,Y1,Y_2025,BPI5TC,11700
10/16/2024,Y2,Y_2026,BPI5TC,11500
10/16/2024,Y3,Y_2027,BPI5TC,11764
10/17/2024,M0,M_Oct_2024,BPI5TC,11000
10/17/2024,M1,M_Nov_2024,BPI5TC,11625
10/17/2024,M2,M_Dec_2024,BPI5TC,11650
10/17/2024,M3,M_Jan_2025,BPI5TC,12000
10/17/2024,Q0,Q_4_2024,BPI5TC,11425
10/17/2024,Q1,Q_1_2025,BPI5TC,10450
10/17/2024,Q2,Q_2_2025,BPI5TC,12500
10/17/2024,Q3,Q_3_2025,BPI5TC,12368
10/17/2024,Y0,Y_2024,BPI5TC,14275
10/17/2024,Y1,Y_2025,BPI5TC,11825
10/17/2024,Y2,Y_2026,BPI5TC,11600
10/17/2024,Y3,Y_2027,BPI5TC,11764
10/18/2024,M0,M_Oct_2024,BPI5TC,10775
10/18/2024,M1,M_Nov_2024,BPI5TC,11350
10/18/2024,M2,M_Dec_2024,BPI5TC,11550
10/18/2024,M3,M_Jan_2025,BPI5TC,12000
10/18/2024,Q0,Q_4_2024,BPI5TC,11225
10/18/2024,Q1,Q_1_2025,BPI5TC,10200
10/18/2024,Q2,Q_2_2025,BPI5TC,12400
10/18/2024,Q3,Q_3_2025,BPI5TC,12300
10/18/2024,Y0,Y_2024,BPI5TC,14275
10/18/2024,Y1,Y_2025,BPI5TC,11762.5
10/18/2024,Y2,Y_2026,BPI5TC,11575
10/18/2024,Y3,Y_2027,BPI5TC,11739
10/21/2024,M0,M_Oct_2024,BPI5TC,10700
10/21/2024,M1,M_Nov_2024,BPI5TC,10600
10/21/2024,M2,M_Dec_2024,BPI5TC,10975
10/21/2024,M3,M_Jan_2025,BPI5TC,9675
10/21/2024,Q0,Q_4_2024,BPI5TC,10750
10/21/2024,Q1,Q_1_2025,BPI5TC,9950
10/21/2024,Q2,Q_2_2025,BPI5TC,12300
10/21/2024,Q3,Q_3_2025,BPI5TC,12196
10/21/2024,Y0,Y_2024,BPI5TC,14275
10/21/2024,Y1,Y_2025,BPI5TC,11625
10/21/2024,Y2,Y_2026,BPI5TC,11500
10/21/2024,Y3,Y_2027,BPI5TC,11679
10/22/2024,M0,M_Oct_2024,BPI5TC,10850
10/22/2024,M1,M_Nov_2024,BPI5TC,10850
10/22/2024,M2,M_Dec_2024,BPI5TC,11350
10/22/2024,M3,M_Jan_2025,BPI5TC,9675
10/22/2024,Q0,Q_4_2024,BPI5TC,11000
10/22/2024,Q1,Q_1_2025,BPI5TC,10125
10/22/2024,Q2,Q_2_2025,BPI5TC,12500
10/22/2024,Q3,Q_3_2025,BPI5TC,12286
10/22/2024,Y0,Y_2024,BPI5TC,14275
10/22/2024,Y1,Y_2025,BPI5TC,11775
10/22/2024,Y2,Y_2026,BPI5TC,11611
10/22/2024,Y3,Y_2027,BPI5TC,11779
10/23/2024,M0,M_Oct_2024,BPI5TC,10650
10/23/2024,M1,M_Nov_2024,BPI5TC,10700
10/23/2024,M2,M_Dec_2024,BPI5TC,11350
10/23/2024,M3,M_Jan_2025,BPI5TC,9675
10/23/2024,Q0,Q_4_2024,BPI5TC,10900
10/23/2024,Q1,Q_1_2025,BPI5TC,10125
10/23/2024,Q2,Q_2_2025,BPI5TC,12525
10/23/2024,Q3,Q_3_2025,BPI5TC,12343
10/23/2024,Y0,Y_2024,BPI5TC,14275
10/23/2024,Y1,Y_2025,BPI5TC,11775
10/23/2024,Y2,Y_2026,BPI5TC,11604
10/23/2024,Y3,Y_2027,BPI5TC,11771
10/24/2024,M0,M_Oct_2024,BPI5TC,10650
10/24/2024,M1,M_Nov_2024,BPI5TC,10350
10/24/2024,M2,M_Dec_2024,BPI5TC,11075
10/24/2024,M3,M_Jan_2025,BPI5TC,9675
10/24/2024,Q0,Q_4_2024,BPI5TC,10675
10/24/2024,Q1,Q_1_2025,BPI5TC,9975
10/24/2024,Q2,Q_2_2025,BPI5TC,12450
10/24/2024,Q3,Q_3_2025,BPI5TC,12289
10/24/2024,Y0,Y_2024,BPI5TC,14275
10/24/2024,Y1,Y_2025,BPI5TC,11750
10/24/2024,Y2,Y_2026,BPI5TC,11582
10/24/2024,Y3,Y_2027,BPI5TC,11761
10/25/2024,M0,M_Oct_2024,BPI5TC,10625
10/25/2024,M1,M_Nov_2024,BPI5TC,10375
10/25/2024,M2,M_Dec_2024,BPI5TC,11025
10/25/2024,M3,M_Jan_2025,BPI5TC,9675
10/25/2024,Q0,Q_4_2024,BPI5TC,10675
10/25/2024,Q1,Q_1_2025,BPI5TC,10000
10/25/2024,Q2,Q_2_2025,BPI5TC,12450
10/25/2024,Q3,Q_3_2025,BPI5TC,12246
10/25/2024,Y0,Y_2024,BPI5TC,14275
10/25/2024,Y1,Y_2025,BPI5TC,11712.5
10/25/2024,Y2,Y_2026,BPI5TC,11554
10/25/2024,Y3,Y_2027,BPI5TC,11743
10/28/2024,M0,M_Oct_2024,BPI5TC,10625
10/28/2024,M1,M_Nov_2024,BPI5TC,10200
10/28/2024,M2,M_Dec_2024,BPI5TC,10800
10/28/2024,M3,M_Jan_2025,BPI5TC,9775
10/28/2024,Q0,Q_4_2024,BPI5TC,10525
10/28/2024,Q1,Q_1_2025,BPI5TC,9900
10/28/2024,Q2,Q_2_2025,BPI5TC,12350
10/28/2024,Q3,Q_3_2025,BPI5TC,12179
10/28/2024,Y0,Y_2024,BPI5TC,14275
10/28/2024,Y1,Y_2025,BPI5TC,11550
10/28/2024,Y2,Y_2026,BPI5TC,11446
10/28/2024,Y3,Y_2027,BPI5TC,11650
10/29/2024,M0,M_Oct_2024,BPI5TC,10575
10/29/2024,M1,M_Nov_2024,BPI5TC,10500
10/29/2024,M2,M_Dec_2024,BPI5TC,10925
10/29/2024,M3,M_Jan_2025,BPI5TC,9700
10/29/2024,Q0,Q_4_2024,BPI5TC,10675
10/29/2024,Q1,Q_1_2025,BPI5TC,9900
10/29/2024,Q2,Q_2_2025,BPI5TC,12300
10/29/2024,Q3,Q_3_2025,BPI5TC,12282
10/29/2024,Y0,Y_2024,BPI5TC,14275
10/29/2024,Y1,Y_2025,BPI5TC,11662.5
10/29/2024,Y2,Y_2026,BPI5TC,11471
10/29/2024,Y3,Y_2027,BPI5TC,11646
10/30/2024,M0,M_Oct_2024,BPI5TC,10575
10/30/2024,M1,M_Nov_2024,BPI5TC,10100
10/30/2024,M2,M_Dec_2024,BPI5TC,10600
10/30/2024,M3,M_Jan_2025,BPI5TC,9325
10/30/2024,Q0,Q_4_2024,BPI5TC,10425
10/30/2024,Q1,Q_1_2025,BPI5TC,9600
10/30/2024,Q2,Q_2_2025,BPI5TC,12050
10/30/2024,Q3,Q_3_2025,BPI5TC,12025
10/30/2024,Y0,Y_2024,BPI5TC,14275
10/30/2024,Y1,Y_2025,BPI5TC,11350
10/30/2024,Y2,Y_2026,BPI5TC,11354
10/30/2024,Y3,Y_2027,BPI5TC,11521
10/31/2024,M0,M_Oct_2024,BPI5TC,10125
10/31/2024,M1,M_Nov_2024,BPI5TC,10650
10/31/2024,M2,M_Dec_2024,BPI5TC,10600
10/31/2024,M3,M_Jan_2025,BPI5TC,9325
10/31/2024,Q0,Q_4_2024,BPI5TC,10425
10/31/2024,Q1,Q_1_2025,BPI5TC,9600
10/31/2024,Q2,Q_2_2025,BPI5TC,12050
10/31/2024,Q3,Q_3_2025,BPI5TC,11861
10/31/2024,Y0,Y_2024,BPI5TC,14275
10/31/2024,Y1,Y_2025,BPI5TC,11350
10/31/2024,Y2,Y_2026,BPI5TC,11218
10/31/2024,Y3,Y_2027,BPI5TC,11457
11/1/2024,M0,M_Nov_2024,BPI5TC,9975
11/1/2024,M1,M_Dec_2024,BPI5TC,10575
11/1/2024,M2,M_Jan_2025,BPI5TC,9275
11/1/2024,M3,M_Feb_2025,BPI5TC,9000
11/1/2024,Q0,Q_4_2024,BPI5TC,10425
11/1/2024,Q1,Q_1_2025,BPI5TC,9400
11/1/2024,Q2,Q_2_2025,BPI5TC,12000
11/1/2024,Q3,Q_3_2025,BPI5TC,11786
11/1/2024,Y0,Y_2024,BPI5TC,14275
11/1/2024,Y1,Y_2025,BPI5TC,11200
11/1/2024,Y2,Y_2026,BPI5TC,11196
11/1/2024,Y3,Y_2027,BPI5TC,11429
11/4/2024,M0,M_Nov_2024,BPI5TC,10050
11/4/2024,M1,M_Dec_2024,BPI5TC,10900
11/4/2024,M2,M_Jan_2025,BPI5TC,9475
11/4/2024,M3,M_Feb_2025,BPI5TC,9000
11/4/2024,Q0,Q_4_2024,BPI5TC,10425
11/4/2024,Q1,Q_1_2025,BPI5TC,9725
11/4/2024,Q2,Q_2_2025,BPI5TC,12050
11/4/2024,Q3,Q_3_2025,BPI5TC,11889
11/4/2024,Y0,Y_2024,BPI5TC,14275
11/4/2024,Y1,Y_2025,BPI5TC,11350
11/4/2024,Y2,Y_2026,BPI5TC,11243
11/4/2024,Y3,Y_2027,BPI5TC,11446
11/5/2024,M0,M_Nov_2024,BPI5TC,9950
11/5/2024,M1,M_Dec_2024,BPI5TC,10750
11/5/2024,M2,M_Jan_2025,BPI5TC,9525
11/5/2024,M3,M_Feb_2025,BPI5TC,9000
11/5/2024,Q0,Q_4_2024,BPI5TC,10425
11/5/2024,Q1,Q_1_2025,BPI5TC,9750
11/5/2024,Q2,Q_2_2025,BPI5TC,12100
11/5/2024,Q3,Q_3_2025,BPI5TC,11868
11/5/2024,Y0,Y_2024,BPI5TC,14275
11/5/2024,Y1,Y_2025,BPI5TC,11387.5
11/5/2024,Y2,Y_2026,BPI5TC,11275
11/5/2024,Y3,Y_2027,BPI5TC,11450
11/6/2024,M0,M_Nov_2024,BPI5TC,9925
11/6/2024,M1,M_Dec_2024,BPI5TC,10675
11/6/2024,M2,M_Jan_2025,BPI5TC,9500
11/6/2024,M3,M_Feb_2025,BPI5TC,9000
11/6/2024,Q0,Q_4_2024,BPI5TC,10425
11/6/2024,Q1,Q_1_2025,BPI5TC,9725
11/6/2024,Q2,Q_2_2025,BPI5TC,12075
11/6/2024,Q3,Q_3_2025,BPI5TC,11807
11/6/2024,Y0,Y_2024,BPI5TC,14275
11/6/2024,Y1,Y_2025,BPI5TC,11300
11/6/2024,Y2,Y_2026,BPI5TC,11232
11/6/2024,Y3,Y_2027,BPI5TC,11425
11/7/2024,M0,M_Nov_2024,BPI5TC,9900
11/7/2024,M1,M_Dec_2024,BPI5TC,10725
11/7/2024,M2,M_Jan_2025,BPI5TC,9625
11/7/2024,M3,M_Feb_2025,BPI5TC,8900
11/7/2024,Q0,Q_4_2024,BPI5TC,10425
11/7/2024,Q1,Q_1_2025,BPI5TC,9850
11/7/2024,Q2,Q_2_2025,BPI5TC,12025
11/7/2024,Q3,Q_3_2025,BPI5TC,11811
11/7/2024,Y0,Y_2024,BPI5TC,14275
11/7/2024,Y1,Y_2025,BPI5TC,11300
11/7/2024,Y2,Y_2026,BPI5TC,11257
11/7/2024,Y3,Y_2027,BPI5TC,11452
11/8/2024,M0,M_Nov_2024,BPI5TC,9850
11/8/2024,M1,M_Dec_2024,BPI5TC,10800
11/8/2024,M2,M_Jan_2025,BPI5TC,9700
11/8/2024,M3,M_Feb_2025,BPI5TC,8900
11/8/2024,Q0,Q_4_2024,BPI5TC,10425
11/8/2024,Q1,Q_1_2025,BPI5TC,9950
11/8/2024,Q2,Q_2_2025,BPI5TC,12125
11/8/2024,Q3,Q_3_2025,BPI5TC,11875
11/8/2024,Y0,Y_2024,BPI5TC,14275
11/8/2024,Y1,Y_2025,BPI5TC,11400
11/8/2024,Y2,Y_2026,BPI5TC,11318
11/8/2024,Y3,Y_2027,BPI5TC,11479
11/11/2024,M0,M_Nov_2024,BPI5TC,10175
11/11/2024,M1,M_Dec_2024,BPI5TC,11400
11/11/2024,M2,M_Jan_2025,BPI5TC,9975
11/11/2024,M3,M_Feb_2025,BPI5TC,9125
11/11/2024,Q0,Q_4_2024,BPI5TC,10425
11/11/2024,Q1,Q_1_2025,BPI5TC,10175
11/11/2024,Q2,Q_2_2025,BPI5TC,12250
11/11/2024,Q3,Q_3_2025,BPI5TC,12014
11/11/2024,Y0,Y_2024,BPI5TC,14275
11/11/2024,Y1,Y_2025,BPI5TC,11550
11/11/2024,Y2,Y_2026,BPI5TC,11375
11/11/2024,Y3,Y_2027,BPI5TC,11521
11/12/2024,M0,M_Nov_2024,BPI5TC,9925
11/12/2024,M1,M_Dec_2024,BPI5TC,11200
11/12/2024,M2,M_Jan_2025,BPI5TC,9800
11/12/2024,M3,M_Feb_2025,BPI5TC,9400
11/12/2024,Q0,Q_4_2024,BPI5TC,10425
11/12/2024,Q1,Q_1_2025,BPI5TC,10025
11/12/2024,Q2,Q_2_2025,BPI5TC,12375
11/12/2024,Q3,Q_3_2025,BPI5TC,12186
11/12/2024,Y0,Y_2024,BPI5TC,14275
11/12/2024,Y1,Y_2025,BPI5TC,11650
11/12/2024,Y2,Y_2026,BPI5TC,11364
11/12/2024,Y3,Y_2027,BPI5TC,11521
11/13/2024,M0,M_Nov_2024,BPI5TC,9850
11/13/2024,M1,M_Dec_2024,BPI5TC,11250
11/13/2024,M2,M_Jan_2025,BPI5TC,9825
11/13/2024,M3,M_Feb_2025,BPI5TC,9300
11/13/2024,Q0,Q_4_2024,BPI5TC,10425
11/13/2024,Q1,Q_1_2025,BPI5TC,10125
11/13/2024,Q2,Q_2_2025,BPI5TC,12275
11/13/2024,Q3,Q_3_2025,BPI5TC,12200
11/13/2024,Y0,Y_2024,BPI5TC,14275
11/13/2024,Y1,Y_2025,BPI5TC,11675
11/13/2024,Y2,Y_2026,BPI5TC,11289
11/13/2024,Y3,Y_2027,BPI5TC,11379
11/14/2024,M0,M_Nov_2024,BPI5TC,9775
11/14/2024,M1,M_Dec_2024,BPI5TC,10825
11/14/2024,M2,M_Jan_2025,BPI5TC,9725
11/14/2024,M3,M_Feb_2025,BPI5TC,9300
11/14/2024,Q0,Q_4_2024,BPI5TC,10425
11/14/2024,Q1,Q_1_2025,BPI5TC,9975
11/14/2024,Q2,Q_2_2025,BPI5TC,12150
11/14/2024,Q3,Q_3_2025,BPI5TC,12064
11/14/2024,Y0,Y_2024,BPI5TC,14275
11/14/2024,Y1,Y_2025,BPI5TC,11475
11/14/2024,Y2,Y_2026,BPI5TC,11189
11/14/2024,Y3,Y_2027,BPI5TC,11325
11/15/2024,M0,M_Nov_2024,BPI5TC,9775
11/15/2024,M1,M_Dec_2024,BPI5TC,10825
11/15/2024,M2,M_Jan_2025,BPI5TC,9725
11/15/2024,M3,M_Feb_2025,BPI5TC,9300
11/15/2024,Q0,Q_4_2024,BPI5TC,10425
11/15/2024,Q1,Q_1_2025,BPI5TC,9975
11/15/2024,Q2,Q_2_2025,BPI5TC,12150
11/15/2024,Q3,Q_3_2025,BPI5TC,11936
11/15/2024,Y0,Y_2024,BPI5TC,14275
11/15/2024,Y1,Y_2025,BPI5TC,11475
11/15/2024,Y2,Y_2026,BPI5TC,11121
11/15/2024,Y3,Y_2027,BPI5TC,11271
11/18/2024,M0,M_Nov_2024,BPI5TC,9525
11/18/2024,M1,M_Dec_2024,BPI5TC,10100
11/18/2024,M2,M_Jan_2025,BPI5TC,9350
11/18/2024,M3,M_Feb_2025,BPI5TC,9300
11/18/2024,Q0,Q_4_2024,BPI5TC,10425
11/18/2024,Q1,Q_1_2025,BPI5TC,9750
11/18/2024,Q2,Q_2_2025,BPI5TC,11900
11/18/2024,Q3,Q_3_2025,BPI5TC,11782
11/18/2024,Y0,Y_2024,BPI5TC,14275
11/18/2024,Y1,Y_2025,BPI5TC,11225
11/18/2024,Y2,Y_2026,BPI5TC,10986
11/18/2024,Y3,Y_2027,BPI5TC,11204
11/19/2024,M0,M_Nov_2024,BPI5TC,9375
11/19/2024,M1,M_Dec_2024,BPI5TC,9575
11/19/2024,M2,M_Jan_2025,BPI5TC,8925
11/19/2024,M3,M_Feb_2025,BPI5TC,8575
11/19/2024,Q0,Q_4_2024,BPI5TC,10425
11/19/2024,Q1,Q_1_2025,BPI5TC,9400
11/19/2024,Q2,Q_2_2025,BPI5TC,11650
11/19/2024,Q3,Q_3_2025,BPI5TC,11586
11/19/2024,Y0,Y_2024,BPI5TC,14275
11/19/2024,Y1,Y_2025,BPI5TC,10950
11/19/2024,Y2,Y_2026,BPI5TC,10861
11/19/2024,Y3,Y_2027,BPI5TC,11075
11/20/2024,M0,M_Nov_2024,BPI5TC,9175
11/20/2024,M1,M_Dec_2024,BPI5TC,9050
11/20/2024,M2,M_Jan_2025,BPI5TC,8475
11/20/2024,M3,M_Feb_2025,BPI5TC,8550
11/20/2024,Q0,Q_4_2024,BPI5TC,10425
11/20/2024,Q1,Q_1_2025,BPI5TC,9125
11/20/2024,Q2,Q_2_2025,BPI5TC,11525
11/20/2024,Q3,Q_3_2025,BPI5TC,11464
11/20/2024,Y0,Y_2024,BPI5TC,14275
11/20/2024,Y1,Y_2025,BPI5TC,10900
11/20/2024,Y2,Y_2026,BPI5TC,10811
11/20/2024,Y3,Y_2027,BPI5TC,10939
11/21/2024,M0,M_Nov_2024,BPI5TC,9075
11/21/2024,M1,M_Dec_2024,BPI5TC,9000
11/21/2024,M2,M_Jan_2025,BPI5TC,8200
11/21/2024,M3,M_Feb_2025,BPI5TC,8300
11/21/2024,Q0,Q_4_2024,BPI5TC,10425
11/21/2024,Q1,Q_1_2025,BPI5TC,9050
11/21/2024,Q2,Q_2_2025,BPI5TC,11525
11/21/2024,Q3,Q_3_2025,BPI5TC,11439
11/21/2024,Y0,Y_2024,BPI5TC,14275
11/21/2024,Y1,Y_2025,BPI5TC,10850
11/21/2024,Y2,Y_2026,BPI5TC,10768
11/21/2024,Y3,Y_2027,BPI5TC,10918
11/22/2024,M0,M_Nov_2024,BPI5TC,9050
11/22/2024,M1,M_Dec_2024,BPI5TC,8850
11/22/2024,M2,M_Jan_2025,BPI5TC,7925
11/22/2024,M3,M_Feb_2025,BPI5TC,8200
11/22/2024,Q0,Q_4_2024,BPI5TC,10425
11/22/2024,Q1,Q_1_2025,BPI5TC,8900
11/22/2024,Q2,Q_2_2025,BPI5TC,11400
11/22/2024,Q3,Q_3_2025,BPI5TC,11425
11/22/2024,Y0,Y_2024,BPI5TC,14275
11/22/2024,Y1,Y_2025,BPI5TC,10800
11/22/2024,Y2,Y_2026,BPI5TC,10654
11/22/2024,Y3,Y_2027,BPI5TC,10875
11/25/2024,M0,M_Nov_2024,BPI5TC,9050
11/25/2024,M1,M_Dec_2024,BPI5TC,9075
11/25/2024,M2,M_Jan_2025,BPI5TC,8100
11/25/2024,M3,M_Feb_2025,BPI5TC,8325
11/25/2024,Q0,Q_4_2024,BPI5TC,10425
11/25/2024,Q1,Q_1_2025,BPI5TC,9075
11/25/2024,Q2,Q_2_2025,BPI5TC,11700
11/25/2024,Q3,Q_3_2025,BPI5TC,11507
11/25/2024,Y0,Y_2024,BPI5TC,14275
11/25/2024,Y1,Y_2025,BPI5TC,10887.5
11/25/2024,Y2,Y_2026,BPI5TC,10607
11/25/2024,Y3,Y_2027,BPI5TC,10839
11/26/2024,M0,M_Nov_2024,BPI5TC,9050
11/26/2024,M1,M_Dec_2024,BPI5TC,9050
11/26/2024,M2,M_Jan_2025,BPI5TC,7975
11/26/2024,M3,M_Feb_2025,BPI5TC,8450
11/26/2024,Q0,Q_4_2024,BPI5TC,10425
11/26/2024,Q1,Q_1_2025,BPI5TC,9050
11/26/2024,Q2,Q_2_2025,BPI5TC,11700
11/26/2024,Q3,Q_3_2025,BPI5TC,11536
11/26/2024,Y0,Y_2024,BPI5TC,14275
11/26/2024,Y1,Y_2025,BPI5TC,10900
11/26/2024,Y2,Y_2026,BPI5TC,10604
11/26/2024,Y3,Y_2027,BPI5TC,10836
11/27/2024,M0,M_Nov_2024,BPI5TC,9050
11/27/2024,M1,M_Dec_2024,BPI5TC,8275
11/27/2024,M2,M_Jan_2025,BPI5TC,7800
11/27/2024,M3,M_Feb_2025,BPI5TC,8175
11/27/2024,Q0,Q_4_2024,BPI5TC,10425
11/27/2024,Q1,Q_1_2025,BPI5TC,8725
11/27/2024,Q2,Q_2_2025,BPI5TC,11300
11/27/2024,Q3,Q_3_2025,BPI5TC,11261
11/27/2024,Y0,Y_2024,BPI5TC,14275
11/27/2024,Y1,Y_2025,BPI5TC,10550
11/27/2024,Y2,Y_2026,BPI5TC,10421
11/27/2024,Y3,Y_2027,BPI5TC,10732
11/28/2024,M0,M_Nov_2024,BPI5TC,9050
11/28/2024,M1,M_Dec_2024,BPI5TC,8150
11/28/2024,M2,M_Jan_2025,BPI5TC,8000
11/28/2024,M3,M_Feb_2025,BPI5TC,8250
11/28/2024,Q0,Q_4_2024,BPI5TC,10425
11/28/2024,Q1,Q_1_2025,BPI5TC,8925
11/28/2024,Q2,Q_2_2025,BPI5TC,11300
11/28/2024,Q3,Q_3_2025,BPI5TC,11293
11/28/2024,Y0,Y_2024,BPI5TC,14275
11/28/2024,Y1,Y_2025,BPI5TC,10675
11/28/2024,Y2,Y_2026,BPI5TC,10454
11/28/2024,Y3,Y_2027,BPI5TC,10729
11/29/2024,M0,M_Nov_2024,BPI5TC,8125
11/29/2024,M1,M_Dec_2024,BPI5TC,7725
11/29/2024,M2,M_Jan_2025,BPI5TC,8225
11/29/2024,M3,M_Feb_2025,BPI5TC,10600
11/29/2024,Q0,Q_4_2024,BPI5TC,10425
11/29/2024,Q1,Q_1_2025,BPI5TC,8858.5
11/29/2024,Q2,Q_2_2025,BPI5TC,11200
11/29/2024,Q3,Q_3_2025,BPI5TC,11204
11/29/2024,Y0,Y_2024,BPI5TC,14275
11/29/2024,Y1,Y_2025,BPI5TC,10550
11/29/2024,Y2,Y_2026,BPI5TC,10454
11/29/2024,Y3,Y_2027,BPI5TC,10718
12/2/2024,M0,M_Dec_2024,BPI5TC,7850
12/2/2024,M1,M_Jan_2025,BPI5TC,7700
12/2/2024,M2,M_Feb_2025,BPI5TC,8150
12/2/2024,M3,M_Mar_2025,BPI5TC,10625
12/2/2024,Q0,Q_4_2024,BPI5TC,10425
12/2/2024,Q1,Q_1_2025,BPI5TC,8825
12/2/2024,Q2,Q_2_2025,BPI5TC,11125
12/2/2024,Q3,Q_3_2025,BPI5TC,11168
12/2/2024,Y0,Y_2024,BPI5TC,14275
12/2/2024,Y1,Y_2025,BPI5TC,10450
12/2/2024,Y2,Y_2026,BPI5TC,10450
12/2/2024,Y3,Y_2027,BPI5TC,10679
12/3/2024,M0,M_Dec_2024,BPI5TC,7700
12/3/2024,M1,M_Jan_2025,BPI5TC,7700
12/3/2024,M2,M_Feb_2025,BPI5TC,8100
12/3/2024,M3,M_Mar_2025,BPI5TC,10775
12/3/2024,Q0,Q_4_2024,BPI5TC,10425
12/3/2024,Q1,Q_1_2025,BPI5TC,8875
12/3/2024,Q2,Q_2_2025,BPI5TC,11100
12/3/2024,Q3,Q_3_2025,BPI5TC,11050
12/3/2024,Y0,Y_2024,BPI5TC,14275
12/3/2024,Y1,Y_2025,BPI5TC,10425
12/3/2024,Y2,Y_2026,BPI5TC,10396
12/3/2024,Y3,Y_2027,BPI5TC,10654
12/4/2024,M0,M_Dec_2024,BPI5TC,8225
12/4/2024,M1,M_Jan_2025,BPI5TC,8250
12/4/2024,M2,M_Feb_2025,BPI5TC,8300
12/4/2024,M3,M_Mar_2025,BPI5TC,10750
12/4/2024,Q0,Q_4_2024,BPI5TC,10425
12/4/2024,Q1,Q_1_2025,BPI5TC,9112.5
12/4/2024,Q2,Q_2_2025,BPI5TC,11300
12/4/2024,Q3,Q_3_2025,BPI5TC,11086
12/4/2024,Y0,Y_2024,BPI5TC,14275
12/4/2024,Y1,Y_2025,BPI5TC,10550
12/4/2024,Y2,Y_2026,BPI5TC,10386
12/4/2024,Y3,Y_2027,BPI5TC,10668
12/5/2024,M0,M_Dec_2024,BPI5TC,8225
12/5/2024,M1,M_Jan_2025,BPI5TC,8250
12/5/2024,M2,M_Feb_2025,BPI5TC,8300
12/5/2024,M3,M_Mar_2025,BPI5TC,10750
12/5/2024,Q0,Q_4_2024,BPI5TC,10425
12/5/2024,Q1,Q_1_2025,BPI5TC,9112.5
12/5/2024,Q2,Q_2_2025,BPI5TC,11300
12/5/2024,Q3,Q_3_2025,BPI5TC,11204
12/5/2024,Y0,Y_2024,BPI5TC,14275
12/5/2024,Y1,Y_2025,BPI5TC,10550
12/5/2024,Y2,Y_2026,BPI5TC,10464
12/5/2024,Y3,Y_2027,BPI5TC,10696
12/6/2024,M0,M_Dec_2024,BPI5TC,8250
12/6/2024,M1,M_Jan_2025,BPI5TC,8125
12/6/2024,M2,M_Feb_2025,BPI5TC,8400
12/6/2024,M3,M_Mar_2025,BPI5TC,10425
12/6/2024,Q0,Q_4_2024,BPI5TC,10425
12/6/2024,Q1,Q_1_2025,BPI5TC,8987.5
12/6/2024,Q2,Q_2_2025,BPI5TC,11175
12/6/2024,Q3,Q_3_2025,BPI5TC,11071
12/6/2024,Y0,Y_2024,BPI5TC,14275
12/6/2024,Y1,Y_2025,BPI5TC,10475
12/6/2024,Y2,Y_2026,BPI5TC,10364
12/6/2024,Y3,Y_2027,BPI5TC,10600
12/9/2024,M0,M_Dec_2024,BPI5TC,8275
12/9/2024,M1,M_Jan_2025,BPI5TC,8250
12/9/2024,M2,M_Feb_2025,BPI5TC,8350
12/9/2024,M3,M_Mar_2025,BPI5TC,10525
12/9/2024,Q0,Q_4_2024,BPI5TC,10425
12/9/2024,Q1,Q_1_2025,BPI5TC,9083.5
12/9/2024,Q2,Q_2_2025,BPI5TC,11200
12/9/2024,Q3,Q_3_2025,BPI5TC,11057
12/9/2024,Y0,Y_2024,BPI5TC,14275
12/9/2024,Y1,Y_2025,BPI5TC,10537.5
12/9/2024,Y2,Y_2026,BPI5TC,10286
12/9/2024,Y3,Y_2027,BPI5TC,10568
12/10/2024,M0,M_Dec_2024,BPI5TC,7900
12/10/2024,M1,M_Jan_2025,BPI5TC,7675
12/10/2024,M2,M_Feb_2025,BPI5TC,8050
12/10/2024,M3,M_Mar_2025,BPI5TC,10100
12/10/2024,Q0,Q_4_2024,BPI5TC,10425
12/10/2024,Q1,Q_1_2025,BPI5TC,8662.5
12/10/2024,Q2,Q_2_2025,BPI5TC,10812.5
12/10/2024,Q3,Q_3_2025,BPI5TC,10857
12/10/2024,Y0,Y_2024,BPI5TC,14275
12/10/2024,Y1,Y_2025,BPI5TC,10250
12/10/2024,Y2,Y_2026,BPI5TC,10161
12/10/2024,Y3,Y_2027,BPI5TC,10486
12/11/2024,M0,M_Dec_2024,BPI5TC,7675
12/11/2024,M1,M_Jan_2025,BPI5TC,7100
12/11/2024,M2,M_Feb_2025,BPI5TC,7625
12/11/2024,M3,M_Mar_2025,BPI5TC,9775
12/11/2024,Q0,Q_4_2024,BPI5TC,10425
12/11/2024,Q1,Q_1_2025,BPI5TC,8175
12/11/2024,Q2,Q_2_2025,BPI5TC,10575
12/11/2024,Q3,Q_3_2025,BPI5TC,10611
12/11/2024,Y0,Y_2024,BPI5TC,14275
12/11/2024,Y1,Y_2025,BPI5TC,9950
12/11/2024,Y2,Y_2026,BPI5TC,9900
12/11/2024,Y3,Y_2027,BPI5TC,10296
12/12/2024,M0,M_Dec_2024,BPI5TC,7525
12/12/2024,M1,M_Jan_2025,BPI5TC,7325
12/12/2024,M2,M_Feb_2025,BPI5TC,7950
12/12/2024,M3,M_Mar_2025,BPI5TC,10000
12/12/2024,Q0,Q_4_2024,BPI5TC,10425
12/12/2024,Q1,Q_1_2025,BPI5TC,8450
12/12/2024,Q2,Q_2_2025,BPI5TC,10700
12/12/2024,Q3,Q_3_2025,BPI5TC,10679
12/12/2024,Y0,Y_2024,BPI5TC,14275
12/12/2024,Y1,Y_2025,BPI5TC,10050
12/12/2024,Y2,Y_2026,BPI5TC,9911
12/12/2024,Y3,Y_2027,BPI5TC,10286
12/13/2024,M0,M_Dec_2024,BPI5TC,7775
12/13/2024,M1,M_Jan_2025,BPI5TC,7400
12/13/2024,M2,M_Feb_2025,BPI5TC,8125
12/13/2024,M3,M_Mar_2025,BPI5TC,10325
12/13/2024,Q0,Q_4_2024,BPI5TC,10425
12/13/2024,Q1,Q_1_2025,BPI5TC,8600
12/13/2024,Q2,Q_2_2025,BPI5TC,10800
12/13/2024,Q3,Q_3_2025,BPI5TC,10793
12/13/2024,Y0,Y_2024,BPI5TC,14275
12/13/2024,Y1,Y_2025,BPI5TC,10237.5
12/13/2024,Y2,Y_2026,BPI5TC,10018
12/13/2024,Y3,Y_2027,BPI5TC,10361
12/16/2024,M0,M_Dec_2024,BPI5TC,7675
12/16/2024,M1,M_Jan_2025,BPI5TC,7475
12/16/2024,M2,M_Feb_2025,BPI5TC,8050
12/16/2024,M3,M_Mar_2025,BPI5TC,10700
12/16/2024,Q0,Q_4_2024,BPI5TC,10425
12/16/2024,Q1,Q_1_2025,BPI5TC,8737.5
12/16/2024,Q2,Q_2_2025,BPI5TC,10900
12/16/2024,Q3,Q_3_2025,BPI5TC,11075
12/16/2024,Y0,Y_2024,BPI5TC,14275
12/16/2024,Y1,Y_2025,BPI5TC,10387.5
12/16/2024,Y2,Y_2026,BPI5TC,10193
12/16/2024,Y3,Y_2027,BPI5TC,10404
12/17/2024,M0,M_Dec_2024,BPI5TC,7600
12/17/2024,M1,M_Jan_2025,BPI5TC,7225
12/17/2024,M2,M_Feb_2025,BPI5TC,8000
12/17/2024,M3,M_Mar_2025,BPI5TC,10400
12/17/2024,Q0,Q_4_2024,BPI5TC,10425
12/17/2024,Q1,Q_1_2025,BPI5TC,8562.5
12/17/2024,Q2,Q_2_2025,BPI5TC,10700
12/17/2024,Q3,Q_3_2025,BPI5TC,10918
12/17/2024,Y0,Y_2024,BPI5TC,14275
12/17/2024,Y1,Y_2025,BPI5TC,10262.5
12/17/2024,Y2,Y_2026,BPI5TC,10125
12/17/2024,Y3,Y_2027,BPI5TC,10275
12/18/2024,M0,M_Dec_2024,BPI5TC,7600
12/18/2024,M1,M_Jan_2025,BPI5TC,7750
12/18/2024,M2,M_Feb_2025,BPI5TC,8400
12/18/2024,M3,M_Mar_2025,BPI5TC,10600
12/18/2024,Q0,Q_4_2024,BPI5TC,10425
12/18/2024,Q1,Q_1_2025,BPI5TC,8925
12/18/2024,Q2,Q_2_2025,BPI5TC,11100
12/18/2024,Q3,Q_3_2025,BPI5TC,11089
12/18/2024,Y0,Y_2024,BPI5TC,14275
12/18/2024,Y1,Y_2025,BPI5TC,10537.5
12/18/2024,Y2,Y_2026,BPI5TC,10232
12/18/2024,Y3,Y_2027,BPI5TC,10368
12/19/2024,M0,M_Dec_2024,BPI5TC,7800
12/19/2024,M1,M_Jan_2025,BPI5TC,7650
12/19/2024,M2,M_Feb_2025,BPI5TC,8350
12/19/2024,M3,M_Mar_2025,BPI5TC,10900
12/19/2024,Q0,Q_4_2024,BPI5TC,10425
12/19/2024,Q1,Q_1_2025,BPI5TC,8950
12/19/2024,Q2,Q_2_2025,BPI5TC,11225
12/19/2024,Q3,Q_3_2025,BPI5TC,11200
12/19/2024,Y0,Y_2024,BPI5TC,14275
12/19/2024,Y1,Y_2025,BPI5TC,10587.5
12/19/2024,Y2,Y_2026,BPI5TC,10321
12/19/2024,Y3,Y_2027,BPI5TC,10404
12/20/2024,M0,M_Dec_2024,BPI5TC,7825
12/20/2024,M1,M_Jan_2025,BPI5TC,7925
12/20/2024,M2,M_Feb_2025,BPI5TC,8675
12/20/2024,M3,M_Mar_2025,BPI5TC,11050
12/20/2024,Q0,Q_4_2024,BPI5TC,10425
12/20/2024,Q1,Q_1_2025,BPI5TC,9225
12/20/2024,Q2,Q_2_2025,BPI5TC,11425
12/20/2024,Q3,Q_3_2025,BPI5TC,11411
12/20/2024,Y0,Y_2024,BPI5TC,14275
12/20/2024,Y1,Y_2025,BPI5TC,10812.5
12/20/2024,Y2,Y_2026,BPI5TC,10407
12/20/2024,Y3,Y_2027,BPI5TC,10489
12/23/2024,M0,M_Dec_2024,BPI5TC,7825
12/23/2024,M1,M_Jan_2025,BPI5TC,8100
12/23/2024,M2,M_Feb_2025,BPI5TC,8700
12/23/2024,M3,M_Mar_2025,BPI5TC,11225
12/23/2024,Q0,Q_4_2024,BPI5TC,10425
12/23/2024,Q1,Q_1_2025,BPI5TC,9350
12/23/2024,Q2,Q_2_2025,BPI5TC,11425
12/23/2024,Q3,Q_3_2025,BPI5TC,11536
12/23/2024,Y0,Y_2024,BPI5TC,14275
12/23/2024,Y1,Y_2025,BPI5TC,10825
12/23/2024,Y2,Y_2026,BPI5TC,10496
12/23/2024,Y3,Y_2027,BPI5TC,10543
12/24/2024,M0,M_Dec_2024,BPI5TC,7900
12/24/2024,M1,M_Jan_2025,BPI5TC,8375
12/24/2024,M2,M_Feb_2025,BPI5TC,11000
12/24/2024,M3,M_Mar_2025,BPI5TC,11225
12/24/2024,Q0,Q_4_2024,BPI5TC,9100
12/24/2024,Q1,Q_1_2025,BPI5TC,11375
12/24/2024,Q2,Q_2_2025,BPI5TC,11575
12/24/2024,Q3,Q_3_2025,BPI5TC,11190
12/24/2024,Y0,Y_2024,BPI5TC,10775
12/24/2024,Y1,Y_2025,BPI5TC,10475
12/24/2024,Y2,Y_2026,BPI5TC,10543
12/24/2024,Y3,Y_2027,BPI5TC,10925
12/25/2024,M0,M_Dec_2024,BPI5TC,7900
12/25/2024,M1,M_Jan_2025,BPI5TC,8375
12/25/2024,M2,M_Feb_2025,BPI5TC,11000
12/25/2024,M3,M_Mar_2025,BPI5TC,11225
12/25/2024,Q0,Q_4_2024,BPI5TC,9100
12/25/2024,Q1,Q_1_2025,BPI5TC,11375
12/25/2024,Q2,Q_2_2025,BPI5TC,11575
12/25/2024,Q3,Q_3_2025,BPI5TC,11190
12/25/2024,Y0,Y_2024,BPI5TC,10775
12/25/2024,Y1,Y_2025,BPI5TC,10475
12/25/2024,Y2,Y_2026,BPI5TC,10543
12/25/2024,Y3,Y_2027,BPI5TC,10925
12/26/2024,M0,M_Dec_2024,BPI5TC,7900
12/26/2024,M1,M_Jan_2025,BPI5TC,8375
12/26/2024,M2,M_Feb_2025,BPI5TC,11000
12/26/2024,M3,M_Mar_2025,BPI5TC,11225
12/26/2024,Q0,Q_4_2024,BPI5TC,9100
12/26/2024,Q1,Q_1_2025,BPI5TC,11375
12/26/2024,Q2,Q_2_2025,BPI5TC,11575
12/26/2024,Q3,Q_3_2025,BPI5TC,11190
12/26/2024,Y0,Y_2024,BPI5TC,10775
12/26/2024,Y1,Y_2025,BPI5TC,10475
12/26/2024,Y2,Y_2026,BPI5TC,10543
12/26/2024,Y3,Y_2027,BPI5TC,10925
12/27/2024,M0,M_Dec_2024,BPI5TC,7875
12/27/2024,M1,M_Jan_2025,BPI5TC,8300
12/27/2024,M2,M_Feb_2025,BPI5TC,10775
12/27/2024,M3,M_Mar_2025,BPI5TC,11225
12/27/2024,Q0,Q_4_2024,BPI5TC,8975
12/27/2024,Q1,Q_1_2025,BPI5TC,11300
12/27/2024,Q2,Q_2_2025,BPI5TC,11500
12/27/2024,Q3,Q_3_2025,BPI5TC,11125
12/27/2024,Y0,Y_2024,BPI5TC,10675
12/27/2024,Y1,Y_2025,BPI5TC,10425
12/27/2024,Y2,Y_2026,BPI5TC,10536
12/27/2024,Y3,Y_2027,BPI5TC,10918
12/30/2024,M0,M_Dec_2024,BPI5TC,7775
12/30/2024,M1,M_Jan_2025,BPI5TC,8175
12/30/2024,M2,M_Feb_2025,BPI5TC,10700
12/30/2024,M3,M_Mar_2025,BPI5TC,11225
12/30/2024,Q0,Q_4_2024,BPI5TC,8825
12/30/2024,Q1,Q_1_2025,BPI5TC,11175
12/30/2024,Q2,Q_2_2025,BPI5TC,11600
12/30/2024,Q3,Q_3_2025,BPI5TC,11025
12/30/2024,Y0,Y_2024,BPI5TC,10600
12/30/2024,Y1,Y_2025,BPI5TC,10400
12/30/2024,Y2,Y_2026,BPI5TC,10514
12/30/2024,Y3,Y_2027,BPI5TC,10900
12/31/2024,M0,M_Dec_2024,BPI5TC,7750
12/31/2024,M1,M_Jan_2025,BPI5TC,8225
12/31/2024,M2,M_Feb_2025,BPI5TC,10800
12/31/2024,M3,M_Mar_2025,BPI5TC,11225
12/31/2024,Q0,Q_4_2024,BPI5TC,8925
12/31/2024,Q1,Q_1_2025,BPI5TC,11100
12/31/2024,Q2,Q_2_2025,BPI5TC,11600
12/31/2024,Q3,Q_3_2025,BPI5TC,11064
12/31/2024,Y0,Y_2024,BPI5TC,10625
12/31/2024,Y1,Y_2025,BPI5TC,10400
12/31/2024,Y2,Y_2026,BPI5TC,10564
12/31/2024,Y3,Y_2027,BPI5TC,10911
1/1/2025,M0,M_Jan_2025,BPI5TC,7750
1/1/2025,M1,M_Feb_2025,BPI5TC,8225
1/1/2025,M2,M_Mar_2025,BPI5TC,10800
1/1/2025,M3,M_Apr_2025,BPI5TC,11225
1/1/2025,Q0,Q_1_2025,BPI5TC,8925
1/1/2025,Q1,Q_2_2025,BPI5TC,11100
1/1/2025,Q2,Q_3_2025,BPI5TC,11600
1/1/2025,Q3,Q_4_2025,BPI5TC,11064
1/1/2025,Y0,Y_2025,BPI5TC,10625
1/1/2025,Y1,Y_2026,BPI5TC,10400
1/1/2025,Y2,Y_2027,BPI5TC,10564
1/1/2025,Y3,Y_2028,BPI5TC,10911
1/2/2025,M0,M_Jan_2025,BPI5TC,8275
1/2/2025,M1,M_Feb_2025,BPI5TC,8350
1/2/2025,M2,M_Mar_2025,BPI5TC,11025
1/2/2025,M3,M_Apr_2025,BPI5TC,11225
1/2/2025,Q0,Q_1_2025,BPI5TC,9225
1/2/2025,Q1,Q_2_2025,BPI5TC,11475
1/2/2025,Q2,Q_3_2025,BPI5TC,11500
1/2/2025,Q3,Q_4_2025,BPI5TC,11136
1/2/2025,Y0,Y_2025,BPI5TC,10762.5
1/2/2025,Y1,Y_2026,BPI5TC,10475
1/2/2025,Y2,Y_2027,BPI5TC,10621
1/2/2025,Y3,Y_2028,BPI5TC,10911
1/3/2025,M0,M_Jan_2025,BPI5TC,8375
1/3/2025,M1,M_Feb_2025,BPI5TC,8425
1/3/2025,M2,M_Mar_2025,BPI5TC,11075
1/3/2025,M3,M_Apr_2025,BPI5TC,11225
1/3/2025,Q0,Q_1_2025,BPI5TC,9300
1/3/2025,Q1,Q_2_2025,BPI5TC,11475
1/3/2025,Q2,Q_3_2025,BPI5TC,11500
1/3/2025,Q3,Q_4_2025,BPI5TC,11129
1/3/2025,Y0,Y_2025,BPI5TC,10800
1/3/2025,Y1,Y_2026,BPI5TC,10550
1/3/2025,Y2,Y_2027,BPI5TC,10654
1/3/2025,Y3,Y_2028,BPI5TC,10911
1/6/2025,M0,M_Jan_2025,BPI5TC,8000
1/6/2025,M1,M_Feb_2025,BPI5TC,8050
1/6/2025,M2,M_Mar_2025,BPI5TC,10725
1/6/2025,M3,M_Apr_2025,BPI5TC,11225
1/6/2025,Q0,Q_1_2025,BPI5TC,8925
1/6/2025,Q1,Q_2_2025,BPI5TC,11225
1/6/2025,Q2,Q_3_2025,BPI5TC,11325
1/6/2025,Q3,Q_4_2025,BPI5TC,10993
1/6/2025,Y0,Y_2025,BPI5TC,10612.5
1/6/2025,Y1,Y_2026,BPI5TC,10450
1/6/2025,Y2,Y_2027,BPI5TC,10596
1/6/2025,Y3,Y_2028,BPI5TC,10889
1/7/2025,M0,M_Jan_2025,BPI5TC,7525
1/7/2025,M1,M_Feb_2025,BPI5TC,7450
1/7/2025,M2,M_Mar_2025,BPI5TC,10100
1/7/2025,M3,M_Apr_2025,BPI5TC,11225
1/7/2025,Q0,Q_1_2025,BPI5TC,8375
1/7/2025,Q1,Q_2_2025,BPI5TC,10900
1/7/2025,Q2,Q_3_2025,BPI5TC,11100
1/7/2025,Q3,Q_4_2025,BPI5TC,10786
1/7/2025,Y0,Y_2025,BPI5TC,10275
1/7/2025,Y1,Y_2026,BPI5TC,10250
1/7/2025,Y2,Y_2027,BPI5TC,10425
1/7/2025,Y3,Y_2028,BPI5TC,10846
1/8/2025,M0,M_Jan_2025,BPI5TC,7350
1/8/2025,M1,M_Feb_2025,BPI5TC,7175
1/8/2025,M2,M_Mar_2025,BPI5TC,9600
1/8/2025,M3,M_Apr_2025,BPI5TC,11225
1/8/2025,Q0,Q_1_2025,BPI5TC,8050
1/8/2025,Q1,Q_2_2025,BPI5TC,10550
1/8/2025,Q2,Q_3_2025,BPI5TC,10900
1/8/2025,Q3,Q_4_2025,BPI5TC,10736
1/8/2025,Y0,Y_2025,BPI5TC,10062.5
1/8/2025,Y1,Y_2026,BPI5TC,10075
1/8/2025,Y2,Y_2027,BPI5TC,10343
1/8/2025,Y3,Y_2028,BPI5TC,10786
1/9/2025,M0,M_Jan_2025,BPI5TC,7350
1/9/2025,M1,M_Feb_2025,BPI5TC,7350
1/9/2025,M2,M_Mar_2025,BPI5TC,9850
1/9/2025,M3,M_Apr_2025,BPI5TC,10875
1/9/2025,Q0,Q_1_2025,BPI5TC,8187.5
1/9/2025,Q1,Q_2_2025,BPI5TC,10900
1/9/2025,Q2,Q_3_2025,BPI5TC,11225
1/9/2025,Q3,Q_4_2025,BPI5TC,10850
1/9/2025,Y0,Y_2025,BPI5TC,10300
1/9/2025,Y1,Y_2026,BPI5TC,10175
1/9/2025,Y2,Y_2027,BPI5TC,10386
1/9/2025,Y3,Y_2028,BPI5TC,10768
1/10/2025,M0,M_Jan_2025,BPI5TC,7175
1/10/2025,M1,M_Feb_2025,BPI5TC,7325
1/10/2025,M2,M_Mar_2025,BPI5TC,9750
1/10/2025,M3,M_Apr_2025,BPI5TC,10775
1/10/2025,Q0,Q_1_2025,BPI5TC,8087.5
1/10/2025,Q1,Q_2_2025,BPI5TC,11075
1/10/2025,Q2,Q_3_2025,BPI5TC,11375
1/10/2025,Q3,Q_4_2025,BPI5TC,10971
1/10/2025,Y0,Y_2025,BPI5TC,10350
1/10/2025,Y1,Y_2026,BPI5TC,10300
1/10/2025,Y2,Y_2027,BPI5TC,10382
1/10/2025,Y3,Y_2028,BPI5TC,10746
1/13/2025,M0,M_Jan_2025,BPI5TC,6975
1/13/2025,M1,M_Feb_2025,BPI5TC,6950
1/13/2025,M2,M_Mar_2025,BPI5TC,9450
1/13/2025,M3,M_Apr_2025,BPI5TC,10800
1/13/2025,Q0,Q_1_2025,BPI5TC,7800
1/13/2025,Q1,Q_2_2025,BPI5TC,10825
1/13/2025,Q2,Q_3_2025,BPI5TC,11150
1/13/2025,Q3,Q_4_2025,BPI5TC,10893
1/13/2025,Y0,Y_2025,BPI5TC,10162.5
1/13/2025,Y1,Y_2026,BPI5TC,10175
1/13/2025,Y2,Y_2027,BPI5TC,10371
1/13/2025,Y3,Y_2028,BPI5TC,10739
1/14/2025,M0,M_Jan_2025,BPI5TC,7075
1/14/2025,M1,M_Feb_2025,BPI5TC,7425
1/14/2025,M2,M_Mar_2025,BPI5TC,9725
1/14/2025,M3,M_Apr_2025,BPI5TC,10775
1/14/2025,Q0,Q_1_2025,BPI5TC,8075
1/14/2025,Q1,Q_2_2025,BPI5TC,10975
1/14/2025,Q2,Q_3_2025,BPI5TC,11250
1/14/2025,Q3,Q_4_2025,BPI5TC,11039
1/14/2025,Y0,Y_2025,BPI5TC,10300
1/14/2025,Y1,Y_2026,BPI5TC,10275
1/14/2025,Y2,Y_2027,BPI5TC,10475
1/14/2025,Y3,Y_2028,BPI5TC,10750
1/15/2025,M0,M_Jan_2025,BPI5TC,7000
1/15/2025,M1,M_Feb_2025,BPI5TC,7350
1/15/2025,M2,M_Mar_2025,BPI5TC,9600
1/15/2025,M3,M_Apr_2025,BPI5TC,10800
1/15/2025,Q0,Q_1_2025,BPI5TC,7975
1/15/2025,Q1,Q_2_2025,BPI5TC,10950
1/15/2025,Q2,Q_3_2025,BPI5TC,11225
1/15/2025,Q3,Q_4_2025,BPI5TC,11014
1/15/2025,Y0,Y_2025,BPI5TC,10300
1/15/2025,Y1,Y_2026,BPI5TC,10250
1/15/2025,Y2,Y_2027,BPI5TC,10464
1/15/2025,Y3,Y_2028,BPI5TC,10743
1/16/2025,M0,M_Jan_2025,BPI5TC,7000
1/16/2025,M1,M_Feb_2025,BPI5TC,7250
1/16/2025,M2,M_Mar_2025,BPI5TC,9450
1/16/2025,M3,M_Apr_2025,BPI5TC,10675
1/16/2025,Q0,Q_1_2025,BPI5TC,7900
1/16/2025,Q1,Q_2_2025,BPI5TC,10950
1/16/2025,Q2,Q_3_2025,BPI5TC,11250
1/16/2025,Q3,Q_4_2025,BPI5TC,10982
1/16/2025,Y0,Y_2025,BPI5TC,10262.5
1/16/2025,Y1,Y_2026,BPI5TC,10175
1/16/2025,Y2,Y_2027,BPI5TC,10443
1/16/2025,Y3,Y_2028,BPI5TC,10743
1/17/2025,M0,M_Jan_2025,BPI5TC,7125
1/17/2025,M1,M_Feb_2025,BPI5TC,7250
1/17/2025,M2,M_Mar_2025,BPI5TC,9500
1/17/2025,M3,M_Apr_2025,BPI5TC,10625
1/17/2025,Q0,Q_1_2025,BPI5TC,7962.5
1/17/2025,Q1,Q_2_2025,BPI5TC,11000
1/17/2025,Q2,Q_3_2025,BPI5TC,11350
1/17/2025,Q3,Q_4_2025,BPI5TC,10936
1/17/2025,Y0,Y_2025,BPI5TC,10300
1/17/2025,Y1,Y_2026,BPI5TC,10225
1/17/2025,Y2,Y_2027,BPI5TC,10436
1/17/2025,Y3,Y_2028,BPI5TC,10736
1/20/2025,M0,M_Jan_2025,BPI5TC,7050
1/20/2025,M1,M_Feb_2025,BPI5TC,7000
1/20/2025,M2,M_Mar_2025,BPI5TC,9025
1/20/2025,M3,M_Apr_2025,BPI5TC,10400
1/20/2025,Q0,Q_1_2025,BPI5TC,7675
1/20/2025,Q1,Q_2_2025,BPI5TC,10650
1/20/2025,Q2,Q_3_2025,BPI5TC,10950
1/20/2025,Q3,Q_4_2025,BPI5TC,10739
1/20/2025,Y0,Y_2025,BPI5TC,10000
1/20/2025,Y1,Y_2026,BPI5TC,10050
1/20/2025,Y2,Y_2027,BPI5TC,10329
1/20/2025,Y3,Y_2028,BPI5TC,10671
1/21/2025,M0,M_Jan_2025,BPI5TC,6900
1/21/2025,M1,M_Feb_2025,BPI5TC,6625
1/21/2025,M2,M_Mar_2025,BPI5TC,8650
1/21/2025,M3,M_Apr_2025,BPI5TC,10000
1/21/2025,Q0,Q_1_2025,BPI5TC,7375
1/21/2025,Q1,Q_2_2025,BPI5TC,10325
1/21/2025,Q2,Q_3_2025,BPI5TC,10800
1/21/2025,Q3,Q_4_2025,BPI5TC,10582
1/21/2025,Y0,Y_2025,BPI5TC,9762.5
1/21/2025,Y1,Y_2026,BPI5TC,10025
1/21/2025,Y2,Y_2027,BPI5TC,10289
1/21/2025,Y3,Y_2028,BPI5TC,10646
1/22/2025,M0,M_Jan_2025,BPI5TC,6750
1/22/2025,M1,M_Feb_2025,BPI5TC,6400
1/22/2025,M2,M_Mar_2025,BPI5TC,8350
1/22/2025,M3,M_Apr_2025,BPI5TC,9600
1/22/2025,Q0,Q_1_2025,BPI5TC,7200
1/22/2025,Q1,Q_2_2025,BPI5TC,10175
1/22/2025,Q2,Q_3_2025,BPI5TC,10650
1/22/2025,Q3,Q_4_2025,BPI5TC,10446
1/22/2025,Y0,Y_2025,BPI5TC,9612.5
1/22/2025,Y1,Y_2026,BPI5TC,9925
1/22/2025,Y2,Y_2027,BPI5TC,10250
1/22/2025,Y3,Y_2028,BPI5TC,10611
1/23/2025,M0,M_Jan_2025,BPI5TC,6800
1/23/2025,M1,M_Feb_2025,BPI5TC,6250
1/23/2025,M2,M_Mar_2025,BPI5TC,8250
1/23/2025,M3,M_Apr_2025,BPI5TC,9525
1/23/2025,Q0,Q_1_2025,BPI5TC,7100
1/23/2025,Q1,Q_2_2025,BPI5TC,9925
1/23/2025,Q2,Q_3_2025,BPI5TC,10450
1/23/2025,Q3,Q_4_2025,BPI5TC,10263
1/23/2025,Y0,Y_2025,BPI5TC,9412.5
1/23/2025,Y1,Y_2026,BPI5TC,9900
1/23/2025,Y2,Y_2027,BPI5TC,10271
1/23/2025,Y3,Y_2028,BPI5TC,10586
1/24/2025,M0,M_Jan_2025,BPI5TC,6800
1/24/2025,M1,M_Feb_2025,BPI5TC,6475
1/24/2025,M2,M_Mar_2025,BPI5TC,8350
1/24/2025,M3,M_Apr_2025,BPI5TC,9500
1/24/2025,Q0,Q_1_2025,BPI5TC,7200
1/24/2025,Q1,Q_2_2025,BPI5TC,10012.5
1/24/2025,Q2,Q_3_2025,BPI5TC,10425
1/24/2025,Q3,Q_4_2025,BPI5TC,10261
1/24/2025,Y0,Y_2025,BPI5TC,9450
1/24/2025,Y1,Y_2026,BPI5TC,9875
1/24/2025,Y2,Y_2027,BPI5TC,10264
1/24/2025,Y3,Y_2028,BPI5TC,10600
1/27/2025,M0,M_Jan_2025,BPI5TC,6800
1/27/2025,M1,M_Feb_2025,BPI5TC,6700
1/27/2025,M2,M_Mar_2025,BPI5TC,8675
1/27/2025,M3,M_Apr_2025,BPI5TC,9825
1/27/2025,Q0,Q_1_2025,BPI5TC,7400
1/27/2025,Q1,Q_2_2025,BPI5TC,10375
1/27/2025,Q2,Q_3_2025,BPI5TC,10725
1/27/2025,Q3,Q_4_2025,BPI5TC,10461
1/27/2025,Y0,Y_2025,BPI5TC,9737.5
1/27/2025,Y1,Y_2026,BPI5TC,10175
1/27/2025,Y2,Y_2027,BPI5TC,10396
1/27/2025,Y3,Y_2028,BPI5TC,10646
1/28/2025,M0,M_Jan_2025,BPI5TC,6800
1/28/2025,M1,M_Feb_2025,BPI5TC,6700
1/28/2025,M2,M_Mar_2025,BPI5TC,8550
1/28/2025,M3,M_Apr_2025,BPI5TC,9700
1/28/2025,Q0,Q_1_2025,BPI5TC,7325
1/28/2025,Q1,Q_2_2025,BPI5TC,10300
1/28/2025,Q2,Q_3_2025,BPI5TC,10625
1/28/2025,Q3,Q_4_2025,BPI5TC,10446
1/28/2025,Y0,Y_2025,BPI5TC,9675
1/28/2025,Y1,Y_2026,BPI5TC,10225
1/28/2025,Y2,Y_2027,BPI5TC,10421
1/28/2025,Y3,Y_2028,BPI5TC,10700
1/29/2025,M0,M_Jan_2025,BPI5TC,6825
1/29/2025,M1,M_Feb_2025,BPI5TC,6875
1/29/2025,M2,M_Mar_2025,BPI5TC,9050
1/29/2025,M3,M_Apr_2025,BPI5TC,10150
1/29/2025,Q0,Q_1_2025,BPI5TC,7575
1/29/2025,Q1,Q_2_2025,BPI5TC,10550
1/29/2025,Q2,Q_3_2025,BPI5TC,10900
1/29/2025,Q3,Q_4_2025,BPI5TC,10614
1/29/2025,Y0,Y_2025,BPI5TC,9912.5
1/29/2025,Y1,Y_2026,BPI5TC,10300
1/29/2025,Y2,Y_2027,BPI5TC,10504
1/29/2025,Y3,Y_2028,BPI5TC,10729
1/30/2025,M0,M_Jan_2025,BPI5TC,6800
1/30/2025,M1,M_Feb_2025,BPI5TC,7250
1/30/2025,M2,M_Mar_2025,BPI5TC,9450
1/30/2025,M3,M_Apr_2025,BPI5TC,10525
1/30/2025,Q0,Q_1_2025,BPI5TC,7825
1/30/2025,Q1,Q_2_2025,BPI5TC,10750
1/30/2025,Q2,Q_3_2025,BPI5TC,10975
1/30/2025,Q3,Q_4_2025,BPI5TC,10657
1/30/2025,Y0,Y_2025,BPI5TC,10050
1/30/2025,Y1,Y_2026,BPI5TC,10400
1/30/2025,Y2,Y_2027,BPI5TC,10629
1/30/2025,Y3,Y_2028,BPI5TC,10775
1/31/2025,M0,M_Jan_2025,BPI5TC,7700
1/31/2025,M1,M_Feb_2025,BPI5TC,10200
1/31/2025,M2,M_Mar_2025,BPI5TC,11025
1/31/2025,M3,M_Apr_2025,BPI5TC,11100
1/31/2025,Q0,Q_1_2025,BPI5TC,7825
1/31/2025,Q1,Q_2_2025,BPI5TC,11100
1/31/2025,Q2,Q_3_2025,BPI5TC,11200
1/31/2025,Q3,Q_4_2025,BPI5TC,10896
1/31/2025,Y0,Y_2025,BPI5TC,10050
1/31/2025,Y1,Y_2026,BPI5TC,10525
1/31/2025,Y2,Y_2027,BPI5TC,10771
1/31/2025,Y3,Y_2028,BPI5TC,10825
2/3/2025,M0,M_Feb_2025,BPI5TC,7400
2/3/2025,M1,M_Mar_2025,BPI5TC,9825
2/3/2025,M2,M_Apr_2025,BPI5TC,10800
2/3/2025,M3,M_May_2025,BPI5TC,10825
2/3/2025,Q0,Q_1_2025,BPI5TC,7825
2/3/2025,Q1,Q_2_2025,BPI5TC,10850
2/3/2025,Q2,Q_3_2025,BPI5TC,11100
2/3/2025,Q3,Q_4_2025,BPI5TC,10768
2/3/2025,Y0,Y_2025,BPI5TC,10050
2/3/2025,Y1,Y_2026,BPI5TC,10500
2/3/2025,Y2,Y_2027,BPI5TC,10732
2/3/2025,Y3,Y_2028,BPI5TC,10804
2/4/2025,M0,M_Feb_2025,BPI5TC,8200
2/4/2025,M1,M_Mar_2025,BPI5TC,10650
2/4/2025,M2,M_Apr_2025,BPI5TC,11550
2/4/2025,M3,M_May_2025,BPI5TC,11625
2/4/2025,Q0,Q_1_2025,BPI5TC,7825
2/4/2025,Q1,Q_2_2025,BPI5TC,11625
2/4/2025,Q2,Q_3_2025,BPI5TC,11600
2/4/2025,Q3,Q_4_2025,BPI5TC,11182
2/4/2025,Y0,Y_2025,BPI5TC,10050
2/4/2025,Y1,Y_2026,BPI5TC,10750
2/4/2025,Y2,Y_2027,BPI5TC,10893
2/4/2025,Y3,Y_2028,BPI5TC,10907
2/5/2025,M0,M_Feb_2025,BPI5TC,8275
2/5/2025,M1,M_Mar_2025,BPI5TC,10550
2/5/2025,M2,M_Apr_2025,BPI5TC,11700
2/5/2025,M3,M_May_2025,BPI5TC,11625
2/5/2025,Q0,Q_1_2025,BPI5TC,7825
2/5/2025,Q1,Q_2_2025,BPI5TC,11550
2/5/2025,Q2,Q_3_2025,BPI5TC,11700
2/5/2025,Q3,Q_4_2025,BPI5TC,11161
2/5/2025,Y0,Y_2025,BPI5TC,10050
2/5/2025,Y1,Y_2026,BPI5TC,10825
2/5/2025,Y2,Y_2027,BPI5TC,10957
2/5/2025,Y3,Y_2028,BPI5TC,10968
2/6/2025,M0,M_Feb_2025,BPI5TC,8125
2/6/2025,M1,M_Mar_2025,BPI5TC,10025
2/6/2025,M2,M_Apr_2025,BPI5TC,11100
2/6/2025,M3,M_May_2025,BPI5TC,11300
2/6/2025,Q0,Q_1_2025,BPI5TC,7825
2/6/2025,Q1,Q_2_2025,BPI5TC,11275
2/6/2025,Q2,Q_3_2025,BPI5TC,11300
2/6/2025,Q3,Q_4_2025,BPI5TC,10950
2/6/2025,Y0,Y_2025,BPI5TC,10050
2/6/2025,Y1,Y_2026,BPI5TC,10675
2/6/2025,Y2,Y_2027,BPI5TC,10868
2/6/2025,Y3,Y_2028,BPI5TC,10918
2/7/2025,M0,M_Feb_2025,BPI5TC,8100
2/7/2025,M1,M_Mar_2025,BPI5TC,10125
2/7/2025,M2,M_Apr_2025,BPI5TC,11225
2/7/2025,M3,M_May_2025,BPI5TC,11525
2/7/2025,Q0,Q_1_2025,BPI5TC,7825
2/7/2025,Q1,Q_2_2025,BPI5TC,11425
2/7/2025,Q2,Q_3_2025,BPI5TC,11525
2/7/2025,Q3,Q_4_2025,BPI5TC,11029
2/7/2025,Y0,Y_2025,BPI5TC,10050
2/7/2025,Y1,Y_2026,BPI5TC,10775
2/7/2025,Y2,Y_2027,BPI5TC,10925
2/7/2025,Y3,Y_2028,BPI5TC,10950
2/10/2025,M0,M_Feb_2025,BPI5TC,8175
2/10/2025,M1,M_Mar_2025,BPI5TC,10275
2/10/2025,M2,M_Apr_2025,BPI5TC,11450
2/10/2025,M3,M_May_2025,BPI5TC,11800
2/10/2025,Q0,Q_1_2025,BPI5TC,7825
2/10/2025,Q1,Q_2_2025,BPI5TC,11750
2/10/2025,Q2,Q_3_2025,BPI5TC,11725
2/10/2025,Q3,Q_4_2025,BPI5TC,11143
2/10/2025,Y0,Y_2025,BPI5TC,10050
2/10/2025,Y1,Y_2026,BPI5TC,10825
2/10/2025,Y2,Y_2027,BPI5TC,10954
2/10/2025,Y3,Y_2028,BPI5TC,10968
2/11/2025,M0,M_Feb_2025,BPI5TC,7775
2/11/2025,M1,M_Mar_2025,BPI5TC,9825
2/11/2025,M2,M_Apr_2025,BPI5TC,11275
2/11/2025,M3,M_May_2025,BPI5TC,11500
2/11/2025,Q0,Q_1_2025,BPI5TC,7825
2/11/2025,Q1,Q_2_2025,BPI5TC,11475
2/11/2025,Q2,Q_3_2025,BPI5TC,11500
2/11/2025,Q3,Q_4_2025,BPI5TC,11096
2/11/2025,Y0,Y_2025,BPI5TC,10050
2/11/2025,Y1,Y_2026,BPI5TC,10775
2/11/2025,Y2,Y_2027,BPI5TC,10914
2/11/2025,Y3,Y_2028,BPI5TC,10925
2/12/2025,M0,M_Feb_2025,BPI5TC,7475
2/12/2025,M1,M_Mar_2025,BPI5TC,9725
2/12/2025,M2,M_Apr_2025,BPI5TC,11075
2/12/2025,M3,M_May_2025,BPI5TC,11400
2/12/2025,Q0,Q_1_2025,BPI5TC,7825
2/12/2025,Q1,Q_2_2025,BPI5TC,11300
2/12/2025,Q2,Q_3_2025,BPI5TC,11400
2/12/2025,Q3,Q_4_2025,BPI5TC,10986
2/12/2025,Y0,Y_2025,BPI5TC,10050
2/12/2025,Y1,Y_2026,BPI5TC,10725
2/12/2025,Y2,Y_2027,BPI5TC,10889
2/12/2025,Y3,Y_2028,BPI5TC,10907
2/13/2025,M0,M_Feb_2025,BPI5TC,7700
2/13/2025,M1,M_Mar_2025,BPI5TC,10350
2/13/2025,M2,M_Apr_2025,BPI5TC,11675
2/13/2025,M3,M_May_2025,BPI5TC,11875
2/13/2025,Q0,Q_1_2025,BPI5TC,7825
2/13/2025,Q1,Q_2_2025,BPI5TC,11875
2/13/2025,Q2,Q_3_2025,BPI5TC,11875
2/13/2025,Q3,Q_4_2025,BPI5TC,11318
2/13/2025,Y0,Y_2025,BPI5TC,10050
2/13/2025,Y1,Y_2026,BPI5TC,10850
2/13/2025,Y2,Y_2027,BPI5TC,11036
2/13/2025,Y3,Y_2028,BPI5TC,10986
2/14/2025,M0,M_Feb_2025,BPI5TC,7750
2/14/2025,M1,M_Mar_2025,BPI5TC,10450
2/14/2025,M2,M_Apr_2025,BPI5TC,11875
2/14/2025,M3,M_May_2025,BPI5TC,12000
2/14/2025,Q0,Q_1_2025,BPI5TC,7825
2/14/2025,Q1,Q_2_2025,BPI5TC,12050
2/14/2025,Q2,Q_3_2025,BPI5TC,11950
2/14/2025,Q3,Q_4_2025,BPI5TC,11421
2/14/2025,Y0,Y_2025,BPI5TC,10050
2/14/2025,Y1,Y_2026,BPI5TC,11000
2/14/2025,Y2,Y_2027,BPI5TC,11079
2/14/2025,Y3,Y_2028,BPI5TC,11004
2/17/2025,M0,M_Feb_2025,BPI5TC,7900
2/17/2025,M1,M_Mar_2025,BPI5TC,10850
2/17/2025,M2,M_Apr_2025,BPI5TC,12150
2/17/2025,M3,M_May_2025,BPI5TC,12300
2/17/2025,Q0,Q_1_2025,BPI5TC,7825
2/17/2025,Q1,Q_2_2025,BPI5TC,12350
2/17/2025,Q2,Q_3_2025,BPI5TC,12350
2/17/2025,Q3,Q_4_2025,BPI5TC,11557
2/17/2025,Y0,Y_2025,BPI5TC,10050
2/17/2025,Y1,Y_2026,BPI5TC,11150
2/17/2025,Y2,Y_2027,BPI5TC,11164
2/17/2025,Y3,Y_2028,BPI5TC,11039
2/18/2025,M0,M_Feb_2025,BPI5TC,8300
2/18/2025,M1,M_Mar_2025,BPI5TC,11625
2/18/2025,M2,M_Apr_2025,BPI5TC,12825
2/18/2025,M3,M_May_2025,BPI5TC,12750
2/18/2025,Q0,Q_1_2025,BPI5TC,7825
2/18/2025,Q1,Q_2_2025,BPI5TC,12925
2/18/2025,Q2,Q_3_2025,BPI5TC,12550
2/18/2025,Q3,Q_4_2025,BPI5TC,11746
2/18/2025,Y0,Y_2025,BPI5TC,10050
2/18/2025,Y1,Y_2026,BPI5TC,11225
2/18/2025,Y2,Y_2027,BPI5TC,11329
2/18/2025,Y3,Y_2028,BPI5TC,11150
2/19/2025,M0,M_Feb_2025,BPI5TC,8275
2/19/2025,M1,M_Mar_2025,BPI5TC,11300
2/19/2025,M2,M_Apr_2025,BPI5TC,12375
2/19/2025,M3,M_May_2025,BPI5TC,12500
2/19/2025,Q0,Q_1_2025,BPI5TC,7825
2/19/2025,Q1,Q_2_2025,BPI5TC,12450
2/19/2025,Q2,Q_3_2025,BPI5TC,12300
2/19/2025,Q3,Q_4_2025,BPI5TC,11396
2/19/2025,Y0,Y_2025,BPI5TC,10050
2/19/2025,Y1,Y_2026,BPI5TC,11125
2/19/2025,Y2,Y_2027,BPI5TC,11179
2/19/2025,Y3,Y_2028,BPI5TC,11071
2/20/2025,M0,M_Feb_2025,BPI5TC,8525
2/20/2025,M1,M_Mar_2025,BPI5TC,11925
2/20/2025,M2,M_Apr_2025,BPI5TC,12900
2/20/2025,M3,M_May_2025,BPI5TC,12900
2/20/2025,Q0,Q_1_2025,BPI5TC,7825
2/20/2025,Q1,Q_2_2025,BPI5TC,12825
2/20/2025,Q2,Q_3_2025,BPI5TC,12400
2/20/2025,Q3,Q_4_2025,BPI5TC,11607
2/20/2025,Y0,Y_2025,BPI5TC,10050
2/20/2025,Y1,Y_2026,BPI5TC,11300
2/20/2025,Y2,Y_2027,BPI5TC,11268
2/20/2025,Y3,Y_2028,BPI5TC,11086
2/21/2025,M0,M_Feb_2025,BPI5TC,8350
2/21/2025,M1,M_Mar_2025,BPI5TC,11625
2/21/2025,M2,M_Apr_2025,BPI5TC,12525
2/21/2025,M3,M_May_2025,BPI5TC,12675
2/21/2025,Q0,Q_1_2025,BPI5TC,7825
2/21/2025,Q1,Q_2_2025,BPI5TC,12650
2/21/2025,Q2,Q_3_2025,BPI5TC,12050
2/21/2025,Q3,Q_4_2025,BPI5TC,11486
2/21/2025,Y0,Y_2025,BPI5TC,10050
2/21/2025,Y1,Y_2026,BPI5TC,11200
2/21/2025,Y2,Y_2027,BPI5TC,11239
2/21/2025,Y3,Y_2028,BPI5TC,11082
2/24/2025,M0,M_Feb_2025,BPI5TC,8225
2/24/2025,M1,M_Mar_2025,BPI5TC,10825
2/24/2025,M2,M_Apr_2025,BPI5TC,11950
2/24/2025,M3,M_May_2025,BPI5TC,12175
2/24/2025,Q0,Q_1_2025,BPI5TC,7825
2/24/2025,Q1,Q_2_2025,BPI5TC,12150
2/24/2025,Q2,Q_3_2025,BPI5TC,11750
2/24/2025,Q3,Q_4_2025,BPI5TC,11214
2/24/2025,Y0,Y_2025,BPI5TC,10050
2/24/2025,Y1,Y_2026,BPI5TC,10900
2/24/2025,Y2,Y_2027,BPI5TC,11057
2/24/2025,Y3,Y_2028,BPI5TC,10989
2/25/2025,M0,M_Feb_2025,BPI5TC,8100
2/25/2025,M1,M_Mar_2025,BPI5TC,10500
2/25/2025,M2,M_Apr_2025,BPI5TC,11925
2/25/2025,M3,M_May_2025,BPI5TC,12200
2/25/2025,Q0,Q_1_2025,BPI5TC,7825
2/25/2025,Q1,Q_2_2025,BPI5TC,12100
2/25/2025,Q2,Q_3_2025,BPI5TC,11800
2/25/2025,Q3,Q_4_2025,BPI5TC,11261
2/25/2025,Y0,Y_2025,BPI5TC,10050
2/25/2025,Y1,Y_2026,BPI5TC,10950
2/25/2025,Y2,Y_2027,BPI5TC,11039
2/25/2025,Y3,Y_2028,BPI5TC,10971
2/26/2025,M0,M_Feb_2025,BPI5TC,8075
2/26/2025,M1,M_Mar_2025,BPI5TC,10300
2/26/2025,M2,M_Apr_2025,BPI5TC,11650
2/26/2025,M3,M_May_2025,BPI5TC,11975
2/26/2025,Q0,Q_1_2025,BPI5TC,7825
2/26/2025,Q1,Q_2_2025,BPI5TC,11850
2/26/2025,Q2,Q_3_2025,BPI5TC,11725
2/26/2025,Q3,Q_4_2025,BPI5TC,11264
2/26/2025,Y0,Y_2025,BPI5TC,10050
2/26/2025,Y1,Y_2026,BPI5TC,10975
2/26/2025,Y2,Y_2027,BPI5TC,11011
2/26/2025,Y3,Y_2028,BPI5TC,10943
2/27/2025,M0,M_Feb_2025,BPI5TC,8000
2/27/2025,M1,M_Mar_2025,BPI5TC,9650
2/27/2025,M2,M_Apr_2025,BPI5TC,11050
2/27/2025,M3,M_May_2025,BPI5TC,11525
2/27/2025,Q0,Q_1_2025,BPI5TC,7825
2/27/2025,Q1,Q_2_2025,BPI5TC,11525
2/27/2025,Q2,Q_3_2025,BPI5TC,11500
2/27/2025,Q3,Q_4_2025,BPI5TC,11161
2/27/2025,Y0,Y_2025,BPI5TC,10050
2/27/2025,Y1,Y_2026,BPI5TC,10675
2/27/2025,Y2,Y_2027,BPI5TC,10868
2/27/2025,Y3,Y_2028,BPI5TC,10879
2/28/2025,M0,M_Feb_2025,BPI5TC,9700
2/28/2025,M1,M_Mar_2025,BPI5TC,11200
2/28/2025,M2,M_Apr_2025,BPI5TC,11925
2/28/2025,M3,M_May_2025,BPI5TC,12175
2/28/2025,Q0,Q_1_2025,BPI5TC,7825
2/28/2025,Q1,Q_2_2025,BPI5TC,11762.5
2/28/2025,Q2,Q_3_2025,BPI5TC,11700
2/28/2025,Q3,Q_4_2025,BPI5TC,11305
2/28/2025,Y0,Y_2025,BPI5TC,10050
2/28/2025,Y1,Y_2026,BPI5TC,10750
2/28/2025,Y2,Y_2027,BPI5TC,10850
2/28/2025,Y3,Y_2028,BPI5TC,10835
3/3/2025,M0,M_Mar_2025,BPI5TC,9250
3/3/2025,M1,M_Apr_2025,BPI5TC,10600
3/3/2025,M2,M_May_2025,BPI5TC,11650
3/3/2025,M3,M_Jun_2025,BPI5TC,11675
3/3/2025,Q0,Q_1_2025,BPI5TC,7825
3/3/2025,Q1,Q_2_2025,BPI5TC,11250
3/3/2025,Q2,Q_3_2025,BPI5TC,11450
3/3/2025,Q3,Q_4_2025,BPI5TC,11167
3/3/2025,Y0,Y_2025,BPI5TC,10050
3/3/2025,Y1,Y_2026,BPI5TC,10675
3/3/2025,Y2,Y_2027,BPI5TC,10813
3/3/2025,Y3,Y_2028,BPI5TC,10813
3/4/2025,M0,M_Mar_2025,BPI5TC,8875
3/4/2025,M1,M_Apr_2025,BPI5TC,10275
3/4/2025,M2,M_May_2025,BPI5TC,11125
3/4/2025,M3,M_Jun_2025,BPI5TC,11275
3/4/2025,Q0,Q_1_2025,BPI5TC,7825
3/4/2025,Q1,Q_2_2025,BPI5TC,10900
3/4/2025,Q2,Q_3_2025,BPI5TC,11325
3/4/2025,Q3,Q_4_2025,BPI5TC,11100
3/4/2025,Y0,Y_2025,BPI5TC,10050
3/4/2025,Y1,Y_2026,BPI5TC,10550
3/4/2025,Y2,Y_2027,BPI5TC,10704
3/4/2025,Y3,Y_2028,BPI5TC,10738
3/5/2025,M0,M_Mar_2025,BPI5TC,8800
3/5/2025,M1,M_Apr_2025,BPI5TC,10350
3/5/2025,M2,M_May_2025,BPI5TC,11250
3/5/2025,M3,M_Jun_2025,BPI5TC,11375
3/5/2025,Q0,Q_1_2025,BPI5TC,7825
3/5/2025,Q1,Q_2_2025,BPI5TC,11000
3/5/2025,Q2,Q_3_2025,BPI5TC,11300
3/5/2025,Q3,Q_4_2025,BPI5TC,11050
3/5/2025,Y0,Y_2025,BPI5TC,10050
3/5/2025,Y1,Y_2026,BPI5TC,10525
3/5/2025,Y2,Y_2027,BPI5TC,10700
3/5/2025,Y3,Y_2028,BPI5TC,10738
3/6/2025,M0,M_Mar_2025,BPI5TC,8975
3/6/2025,M1,M_Apr_2025,BPI5TC,10775
3/6/2025,M2,M_May_2025,BPI5TC,11525
3/6/2025,M3,M_Jun_2025,BPI5TC,11525
3/6/2025,Q0,Q_1_2025,BPI5TC,7825
3/6/2025,Q1,Q_2_2025,BPI5TC,11275
3/6/2025,Q2,Q_3_2025,BPI5TC,11550
3/6/2025,Q3,Q_4_2025,BPI5TC,11200
3/6/2025,Y0,Y_2025,BPI5TC,10050
3/6/2025,Y1,Y_2026,BPI5TC,10675
3/6/2025,Y2,Y_2027,BPI5TC,10800
3/6/2025,Y3,Y_2028,BPI5TC,10817
3/7/2025,M0,M_Mar_2025,BPI5TC,9150
3/7/2025,M1,M_Apr_2025,BPI5TC,11175
3/7/2025,M2,M_May_2025,BPI5TC,11875
3/7/2025,M3,M_Jun_2025,BPI5TC,11875
3/7/2025,Q0,Q_1_2025,BPI5TC,7825
3/7/2025,Q1,Q_2_2025,BPI5TC,11625
3/7/2025,Q2,Q_3_2025,BPI5TC,11675
3/7/2025,Q3,Q_4_2025,BPI5TC,11354
3/7/2025,Y0,Y_2025,BPI5TC,10050
3/7/2025,Y1,Y_2026,BPI5TC,10700
3/7/2025,Y2,Y_2027,BPI5TC,10838
3/7/2025,Y3,Y_2028,BPI5TC,10833
3/10/2025,M0,M_Mar_2025,BPI5TC,9237.5
3/10/2025,M1,M_Apr_2025,BPI5TC,11575
3/10/2025,M2,M_May_2025,BPI5TC,12125
3/10/2025,M3,M_Jun_2025,BPI5TC,12175
3/10/2025,Q0,Q_1_2025,BPI5TC,7825
3/10/2025,Q1,Q_2_2025,BPI5TC,11950
3/10/2025,Q2,Q_3_2025,BPI5TC,11875
3/10/2025,Q3,Q_4_2025,BPI5TC,11392
3/10/2025,Y0,Y_2025,BPI5TC,10050
3/10/2025,Y1,Y_2026,BPI5TC,10725
3/10/2025,Y2,Y_2027,BPI5TC,10821
3/10/2025,Y3,Y_2028,BPI5TC,10867
3/11/2025,M0,M_Mar_2025,BPI5TC,9425
3/11/2025,M1,M_Apr_2025,BPI5TC,11800
3/11/2025,M2,M_May_2025,BPI5TC,12200
3/11/2025,M3,M_Jun_2025,BPI5TC,12075
3/11/2025,Q0,Q_1_2025,BPI5TC,7825
3/11/2025,Q1,Q_2_2025,BPI5TC,12075
3/11/2025,Q2,Q_3_2025,BPI5TC,11800
3/11/2025,Q3,Q_4_2025,BPI5TC,11433
3/11/2025,Y0,Y_2025,BPI5TC,10050
3/11/2025,Y1,Y_2026,BPI5TC,10725
3/11/2025,Y2,Y_2027,BPI5TC,10854
3/11/2025,Y3,Y_2028,BPI5TC,10879
3/12/2025,M0,M_Mar_2025,BPI5TC,10075
3/12/2025,M1,M_Apr_2025,BPI5TC,12900
3/12/2025,M2,M_May_2025,BPI5TC,12900
3/12/2025,M3,M_Jun_2025,BPI5TC,12675
3/12/2025,Q0,Q_1_2025,BPI5TC,7825
3/12/2025,Q1,Q_2_2025,BPI5TC,12750
3/12/2025,Q2,Q_3_2025,BPI5TC,12375
3/12/2025,Q3,Q_4_2025,BPI5TC,11646
3/12/2025,Y0,Y_2025,BPI5TC,10050
3/12/2025,Y1,Y_2026,BPI5TC,10950
3/12/2025,Y2,Y_2027,BPI5TC,10992
3/12/2025,Y3,Y_2028,BPI5TC,10942
3/13/2025,M0,M_Mar_2025,BPI5TC,10250
3/13/2025,M1,M_Apr_2025,BPI5TC,12700
3/13/2025,M2,M_May_2025,BPI5TC,12750
3/13/2025,M3,M_Jun_2025,BPI5TC,12725
3/13/2025,Q0,Q_1_2025,BPI5TC,7825
3/13/2025,Q1,Q_2_2025,BPI5TC,12750
3/13/2025,Q2,Q_3_2025,BPI5TC,12250
3/13/2025,Q3,Q_4_2025,BPI5TC,11483
3/13/2025,Y0,Y_2025,BPI5TC,10050
3/13/2025,Y1,Y_2026,BPI5TC,10825
3/13/2025,Y2,Y_2027,BPI5TC,10908
3/13/2025,Y3,Y_2028,BPI5TC,10896
3/14/2025,M0,M_Mar_2025,BPI5TC,10250
3/14/2025,M1,M_Apr_2025,BPI5TC,12675
3/14/2025,M2,M_May_2025,BPI5TC,13000
3/14/2025,M3,M_Jun_2025,BPI5TC,12700
3/14/2025,Q0,Q_1_2025,BPI5TC,7825
3/14/2025,Q1,Q_2_2025,BPI5TC,12800
3/14/2025,Q2,Q_3_2025,BPI5TC,12375
3/14/2025,Q3,Q_4_2025,BPI5TC,11496
3/14/2025,Y0,Y_2025,BPI5TC,10050
3/14/2025,Y1,Y_2026,BPI5TC,10800
3/14/2025,Y2,Y_2027,BPI5TC,10873
3/14/2025,Y3,Y_2028,BPI5TC,10883
3/17/2025,M0,M_Mar_2025,BPI5TC,10000
3/17/2025,M1,M_Apr_2025,BPI5TC,12025
3/17/2025,M2,M_May_2025,BPI5TC,12575
3/17/2025,M3,M_Jun_2025,BPI5TC,12525
3/17/2025,Q0,Q_1_2025,BPI5TC,7825
3/17/2025,Q1,Q_2_2025,BPI5TC,12375
3/17/2025,Q2,Q_3_2025,BPI5TC,12175
3/17/2025,Q3,Q_4_2025,BPI5TC,11350
3/17/2025,Y0,Y_2025,BPI5TC,10050
3/17/2025,Y1,Y_2026,BPI5TC,10750
3/17/2025,Y2,Y_2027,BPI5TC,10833
3/17/2025,Y3,Y_2028,BPI5TC,10867
3/18/2025,M0,M_Mar_2025,BPI5TC,9862.5
3/18/2025,M1,M_Apr_2025,BPI5TC,11475
3/18/2025,M2,M_May_2025,BPI5TC,12000
3/18/2025,M3,M_Jun_2025,BPI5TC,12100
3/18/2025,Q0,Q_1_2025,BPI5TC,7825
3/18/2025,Q1,Q_2_2025,BPI5TC,11875
3/18/2025,Q2,Q_3_2025,BPI5TC,11925
3/18/2025,Q3,Q_4_2025,BPI5TC,11163
3/18/2025,Y0,Y_2025,BPI5TC,10050
3/18/2025,Y1,Y_2026,BPI5TC,10575
3/18/2025,Y2,Y_2027,BPI5TC,10746
3/18/2025,Y3,Y_2028,BPI5TC,10796
3/19/2025,M0,M_Mar_2025,BPI5TC,9750
3/19/2025,M1,M_Apr_2025,BPI5TC,11050
3/19/2025,M2,M_May_2025,BPI5TC,11800
3/19/2025,M3,M_Jun_2025,BPI5TC,11950
3/19/2025,Q0,Q_1_2025,BPI5TC,7825
3/19/2025,Q1,Q_2_2025,BPI5TC,11600
3/19/2025,Q2,Q_3_2025,BPI5TC,11800
3/19/2025,Q3,Q_4_2025,BPI5TC,11104
3/19/2025,Y0,Y_2025,BPI5TC,10050
3/19/2025,Y1,Y_2026,BPI5TC,10625
3/19/2025,Y2,Y_2027,BPI5TC,10775
3/19/2025,Y3,Y_2028,BPI5TC,10813
3/20/2025,M0,M_Mar_2025,BPI5TC,9875
3/20/2025,M1,M_Apr_2025,BPI5TC,11750
3/20/2025,M2,M_May_2025,BPI5TC,12200
3/20/2025,M3,M_Jun_2025,BPI5TC,12275
3/20/2025,Q0,Q_1_2025,BPI5TC,7825
3/20/2025,Q1,Q_2_2025,BPI5TC,12100
3/20/2025,Q2,Q_3_2025,BPI5TC,12150
3/20/2025,Q3,Q_4_2025,BPI5TC,11338
3/20/2025,Y0,Y_2025,BPI5TC,10050
3/20/2025,Y1,Y_2026,BPI5TC,10700
3/20/2025,Y2,Y_2027,BPI5TC,10863
3/20/2025,Y3,Y_2028,BPI5TC,10863
3/21/2025,M0,M_Mar_2025,BPI5TC,9900
3/21/2025,M1,M_Apr_2025,BPI5TC,12150
3/21/2025,M2,M_May_2025,BPI5TC,12500
3/21/2025,M3,M_Jun_2025,BPI5TC,12325
3/21/2025,Q0,Q_1_2025,BPI5TC,7825
3/21/2025,Q1,Q_2_2025,BPI5TC,12300
3/21/2025,Q2,Q_3_2025,BPI5TC,12250
3/21/2025,Q3,Q_4_2025,BPI5TC,11413
3/21/2025,Y0,Y_2025,BPI5TC,10050
3/21/2025,Y1,Y_2026,BPI5TC,10750
3/21/2025,Y2,Y_2027,BPI5TC,10888
3/21/2025,Y3,Y_2028,BPI5TC,10892
3/24/2025,M0,M_Mar_2025,BPI5TC,9875
3/24/2025,M1,M_Apr_2025,BPI5TC,11800
3/24/2025,M2,M_May_2025,BPI5TC,12100
3/24/2025,M3,M_Jun_2025,BPI5TC,12125
3/24/2025,Q0,Q_1_2025,BPI5TC,7825
3/24/2025,Q1,Q_2_2025,BPI5TC,11975
3/24/2025,Q2,Q_3_2025,BPI5TC,11925
3/24/2025,Q3,Q_4_2025,BPI5TC,11233
3/24/2025,Y0,Y_2025,BPI5TC,10050
3/24/2025,Y1,Y_2026,BPI5TC,10650
3/24/2025,Y2,Y_2027,BPI5TC,10800
3/24/2025,Y3,Y_2028,BPI5TC,10879
3/25/2025,M0,M_Mar_2025,BPI5TC,10000
3/25/2025,M1,M_Apr_2025,BPI5TC,12100
3/25/2025,M2,M_May_2025,BPI5TC,12150
3/25/2025,M3,M_Jun_2025,BPI5TC,12125
3/25/2025,Q0,Q_1_2025,BPI5TC,7825
3/25/2025,Q1,Q_2_2025,BPI5TC,12100
3/25/2025,Q2,Q_3_2025,BPI5TC,11800
3/25/2025,Q3,Q_4_2025,BPI5TC,11267
3/25/2025,Y0,Y_2025,BPI5TC,10050
3/25/2025,Y1,Y_2026,BPI5TC,10650
3/25/2025,Y2,Y_2027,BPI5TC,10792
3/25/2025,Y3,Y_2028,BPI5TC,10879
3/26/2025,M0,M_Mar_2025,BPI5TC,9950
3/26/2025,M1,M_Apr_2025,BPI5TC,12000
3/26/2025,M2,M_May_2025,BPI5TC,11900
3/26/2025,M3,M_Jun_2025,BPI5TC,11775
3/26/2025,Q0,Q_1_2025,BPI5TC,7825
3/26/2025,Q1,Q_2_2025,BPI5TC,11900
3/26/2025,Q2,Q_3_2025,BPI5TC,11650
3/26/2025,Q3,Q_4_2025,BPI5TC,11071
3/26/2025,Y0,Y_2025,BPI5TC,10050
3/26/2025,Y1,Y_2026,BPI5TC,10625
3/26/2025,Y2,Y_2027,BPI5TC,10729
3/26/2025,Y3,Y_2028,BPI5TC,10846
3/27/2025,M0,M_Mar_2025,BPI5TC,10050
3/27/2025,M1,M_Apr_2025,BPI5TC,12025
3/27/2025,M2,M_May_2025,BPI5TC,12000
3/27/2025,M3,M_Jun_2025,BPI5TC,11700
3/27/2025,Q0,Q_1_2025,BPI5TC,7825
3/27/2025,Q1,Q_2_2025,BPI5TC,11925
3/27/2025,Q2,Q_3_2025,BPI5TC,11500
3/27/2025,Q3,Q_4_2025,BPI5TC,11008
3/27/2025,Y0,Y_2025,BPI5TC,10050
3/27/2025,Y1,Y_2026,BPI5TC,10600
3/27/2025,Y2,Y_2027,BPI5TC,10708
3/27/2025,Y3,Y_2028,BPI5TC,10808
3/28/2025,M0,M_Mar_2025,BPI5TC,10050
3/28/2025,M1,M_Apr_2025,BPI5TC,12050
3/28/2025,M2,M_May_2025,BPI5TC,11850
3/28/2025,M3,M_Jun_2025,BPI5TC,11800
3/28/2025,Q0,Q_1_2025,BPI5TC,7825
3/28/2025,Q1,Q_2_2025,BPI5TC,11950
3/28/2025,Q2,Q_3_2025,BPI5TC,11600
3/28/2025,Q3,Q_4_2025,BPI5TC,11000
3/28/2025,Y0,Y_2025,BPI5TC,10050
3/28/2025,Y1,Y_2026,BPI5TC,10625
3/28/2025,Y2,Y_2027,BPI5TC,10692
3/28/2025,Y3,Y_2028,BPI5TC,10808
3/31/2025,M0,M_Mar_2025,BPI5TC,11575
3/31/2025,M1,M_Apr_2025,BPI5TC,11325
3/31/2025,M2,M_May_2025,BPI5TC,11400
3/31/2025,M3,M_Jun_2025,BPI5TC,11350
3/31/2025,Q0,Q_1_2025,BPI5TC,11475
3/31/2025,Q1,Q_2_2025,BPI5TC,11425
3/31/2025,Q2,Q_3_2025,BPI5TC,10800
3/31/2025,Q3,Q_4_2025,BPI5TC,9379
3/31/2025,Y0,Y_2025,BPI5TC,10050
3/31/2025,Y1,Y_2026,BPI5TC,10475
3/31/2025,Y2,Y_2027,BPI5TC,10638
3/31/2025,Y3,Y_2028,BPI5TC,10792
4/1/2025,M0,M_Apr_2025,BPI5TC,12375
4/1/2025,M1,M_May_2025,BPI5TC,12150
4/1/2025,M2,M_Jun_2025,BPI5TC,11675
4/1/2025,M3,M_Jul_2025,BPI5TC,11675
4/1/2025,Q0,Q_2_2025,BPI5TC,12087.5
4/1/2025,Q1,Q_3_2025,BPI5TC,11625
4/1/2025,Q2,Q_4_2025,BPI5TC,11050
4/1/2025,Q3,Q_1_2026,BPI5TC,9454
4/1/2025,Y0,Y_2025,BPI5TC,10050
4/1/2025,Y1,Y_2026,BPI5TC,10575
4/1/2025,Y2,Y_2027,BPI5TC,10667
4/1/2025,Y3,Y_2028,BPI5TC,10763
4/2/2025,M0,M_Apr_2025,BPI5TC,11675
4/2/2025,M1,M_May_2025,BPI5TC,11550
4/2/2025,M2,M_Jun_2025,BPI5TC,11400
4/2/2025,M3,M_Jul_2025,BPI5TC,11350
4/2/2025,Q0,Q_2_2025,BPI5TC,11550
4/2/2025,Q1,Q_3_2025,BPI5TC,11350
4/2/2025,Q2,Q_4_2025,BPI5TC,10775
4/2/2025,Q3,Q_1_2026,BPI5TC,9375
4/2/2025,Y0,Y_2025,BPI5TC,10050
4/2/2025,Y1,Y_2026,BPI5TC,10500
4/2/2025,Y2,Y_2027,BPI5TC,10629
4/2/2025,Y3,Y_2028,BPI5TC,10767
4/3/2025,M0,M_Apr_2025,BPI5TC,11075
4/3/2025,M1,M_May_2025,BPI5TC,10825
4/3/2025,M2,M_Jun_2025,BPI5TC,10600
4/3/2025,M3,M_Jul_2025,BPI5TC,10625
4/3/2025,Q0,Q_2_2025,BPI5TC,10837.5
4/3/2025,Q1,Q_3_2025,BPI5TC,10675
4/3/2025,Q2,Q_4_2025,BPI5TC,10325
4/3/2025,Q3,Q_1_2026,BPI5TC,9158
4/3/2025,Y0,Y_2025,BPI5TC,10050
4/3/2025,Y1,Y_2026,BPI5TC,10300
4/3/2025,Y2,Y_2027,BPI5TC,10463
4/3/2025,Y3,Y_2028,BPI5TC,10721
4/4/2025,M0,M_Apr_2025,BPI5TC,10425
4/4/2025,M1,M_May_2025,BPI5TC,10050
4/4/2025,M2,M_Jun_2025,BPI5TC,9850
4/4/2025,M3,M_Jul_2025,BPI5TC,10025
4/4/2025,Q0,Q_2_2025,BPI5TC,10125
4/4/2025,Q1,Q_3_2025,BPI5TC,10050
4/4/2025,Q2,Q_4_2025,BPI5TC,9825
4/4/2025,Q3,Q_1_2026,BPI5TC,8800
4/4/2025,Y0,Y_2025,BPI5TC,10050
4/4/2025,Y1,Y_2026,BPI5TC,9900
4/4/2025,Y2,Y_2027,BPI5TC,10233
4/4/2025,Y3,Y_2028,BPI5TC,10517
4/7/2025,M0,M_Apr_2025,BPI5TC,10275
4/7/2025,M1,M_May_2025,BPI5TC,9850
4/7/2025,M2,M_Jun_2025,BPI5TC,9775
4/7/2025,M3,M_Jul_2025,BPI5TC,9800
4/7/2025,Q0,Q_2_2025,BPI5TC,9925
4/7/2025,Q1,Q_3_2025,BPI5TC,9925
4/7/2025,Q2,Q_4_2025,BPI5TC,9700
4/7/2025,Q3,Q_1_2026,BPI5TC,8667
4/7/2025,Y0,Y_2025,BPI5TC,10050
4/7/2025,Y1,Y_2026,BPI5TC,9862.5
4/7/2025,Y2,Y_2027,BPI5TC,10200
4/7/2025,Y3,Y_2028,BPI5TC,10488
4/8/2025,M0,M_Apr_2025,BPI5TC,10200
4/8/2025,M1,M_May_2025,BPI5TC,9900
4/8/2025,M2,M_Jun_2025,BPI5TC,9850
4/8/2025,M3,M_Jul_2025,BPI5TC,9875
4/8/2025,Q0,Q_2_2025,BPI5TC,9950
4/8/2025,Q1,Q_3_2025,BPI5TC,10000
4/8/2025,Q2,Q_4_2025,BPI5TC,9700
4/8/2025,Q3,Q_1_2026,BPI5TC,8621
4/8/2025,Y0,Y_2025,BPI5TC,10050
4/8/2025,Y1,Y_2026,BPI5TC,9775
4/8/2025,Y2,Y_2027,BPI5TC,10125
4/8/2025,Y3,Y_2028,BPI5TC,10454
4/9/2025,M0,M_Apr_2025,BPI5TC,9775
4/9/2025,M1,M_May_2025,BPI5TC,9400
4/9/2025,M2,M_Jun_2025,BPI5TC,9400
4/9/2025,M3,M_Jul_2025,BPI5TC,9525
4/9/2025,Q0,Q_2_2025,BPI5TC,9525
4/9/2025,Q1,Q_3_2025,BPI5TC,9625
4/9/2025,Q2,Q_4_2025,BPI5TC,9500
4/9/2025,Q3,Q_1_2026,BPI5TC,8463
4/9/2025,Y0,Y_2025,BPI5TC,10050
4/9/2025,Y1,Y_2026,BPI5TC,9625
4/9/2025,Y2,Y_2027,BPI5TC,10063
4/9/2025,Y3,Y_2028,BPI5TC,10417
4/10/2025,M0,M_Apr_2025,BPI5TC,10325
4/10/2025,M1,M_May_2025,BPI5TC,10325
4/10/2025,M2,M_Jun_2025,BPI5TC,10050
4/10/2025,M3,M_Jul_2025,BPI5TC,10025
4/10/2025,Q0,Q_2_2025,BPI5TC,10225
4/10/2025,Q1,Q_3_2025,BPI5TC,10175
4/10/2025,Q2,Q_4_2025,BPI5TC,9925
4/10/2025,Q3,Q_1_2026,BPI5TC,8779
4/10/2025,Y0,Y_2025,BPI5TC,10050
4/10/2025,Y1,Y_2026,BPI5TC,10000
4/10/2025,Y2,Y_2027,BPI5TC,10217
4/10/2025,Y3,Y_2028,BPI5TC,10521
4/11/2025,M0,M_Apr_2025,BPI5TC,10450
4/11/2025,M1,M_May_2025,BPI5TC,10600
4/11/2025,M2,M_Jun_2025,BPI5TC,10550
4/11/2025,M3,M_Jul_2025,BPI5TC,10225
4/11/2025,Q0,Q_2_2025,BPI5TC,10537.5
4/11/2025,Q1,Q_3_2025,BPI5TC,10400
4/11/2025,Q2,Q_4_2025,BPI5TC,9950
4/11/2025,Q3,Q_1_2026,BPI5TC,8775
4/11/2025,Y0,Y_2025,BPI5TC,10050
4/11/2025,Y1,Y_2026,BPI5TC,9950
4/11/2025,Y2,Y_2027,BPI5TC,10217
4/11/2025,Y3,Y_2028,BPI5TC,10525
4/14/2025,M0,M_Apr_2025,BPI5TC,10525
4/14/2025,M1,M_May_2025,BPI5TC,10850
4/14/2025,M2,M_Jun_2025,BPI5TC,10725
4/14/2025,M3,M_Jul_2025,BPI5TC,10500
4/14/2025,Q0,Q_2_2025,BPI5TC,10687.5
4/14/2025,Q1,Q_3_2025,BPI5TC,10550
4/14/2025,Q2,Q_4_2025,BPI5TC,10050
4/14/2025,Q3,Q_1_2026,BPI5TC,8804
4/14/2025,Y0,Y_2025,BPI5TC,10050
4/14/2025,Y1,Y_2026,BPI5TC,9950
4/14/2025,Y2,Y_2027,BPI5TC,10254
4/14/2025,Y3,Y_2028,BPI5TC,10529
4/15/2025,M0,M_Apr_2025,BPI5TC,10400
4/15/2025,M1,M_May_2025,BPI5TC,10800
4/15/2025,M2,M_Jun_2025,BPI5TC,10800
4/15/2025,M3,M_Jul_2025,BPI5TC,10450
4/15/2025,Q0,Q_2_2025,BPI5TC,10725
4/15/2025,Q1,Q_3_2025,BPI5TC,10575
4/15/2025,Q2,Q_4_2025,BPI5TC,10050
4/15/2025,Q3,Q_1_2026,BPI5TC,8792
4/15/2025,Y0,Y_2025,BPI5TC,10050
4/15/2025,Y1,Y_2026,BPI5TC,9925
4/15/2025,Y2,Y_2027,BPI5TC,10254
4/15/2025,Y3,Y_2028,BPI5TC,10529
4/16/2025,M0,M_Apr_2025,BPI5TC,10700
4/16/2025,M1,M_May_2025,BPI5TC,11175
4/16/2025,M2,M_Jun_2025,BPI5TC,11175
4/16/2025,M3,M_Jul_2025,BPI5TC,10925
4/16/2025,Q0,Q_2_2025,BPI5TC,11025
4/16/2025,Q1,Q_3_2025,BPI5TC,10950
4/16/2025,Q2,Q_4_2025,BPI5TC,10325
4/16/2025,Q3,Q_1_2026,BPI5TC,8867
4/16/2025,Y0,Y_2025,BPI5TC,10050
4/16/2025,Y1,Y_2026,BPI5TC,10050
4/16/2025,Y2,Y_2027,BPI5TC,10283
4/16/2025,Y3,Y_2028,BPI5TC,10567
4/17/2025,M0,M_Apr_2025,BPI5TC,10600
4/17/2025,M1,M_May_2025,BPI5TC,11075
4/17/2025,M2,M_Jun_2025,BPI5TC,10875
4/17/2025,M3,M_Jul_2025,BPI5TC,10725
4/17/2025,Q0,Q_2_2025,BPI5TC,10875
4/17/2025,Q1,Q_3_2025,BPI5TC,10850
4/17/2025,Q2,Q_4_2025,BPI5TC,10300
4/17/2025,Q3,Q_1_2026,BPI5TC,8854
4/17/2025,Y0,Y_2025,BPI5TC,10050
4/17/2025,Y1,Y_2026,BPI5TC,9975
4/17/2025,Y2,Y_2027,BPI5TC,10275
4/17/2025,Y3,Y_2028,BPI5TC,10563
4/18/2025,M0,M_Apr_2025,BPI5TC,10600
4/18/2025,M1,M_May_2025,BPI5TC,11075
4/18/2025,M2,M_Jun_2025,BPI5TC,10875
4/18/2025,M3,M_Jul_2025,BPI5TC,10725
4/18/2025,Q0,Q_2_2025,BPI5TC,10875
4/18/2025,Q1,Q_3_2025,BPI5TC,10850
4/18/2025,Q2,Q_4_2025,BPI5TC,10300
4/18/2025,Q3,Q_1_2026,BPI5TC,8854
4/18/2025,Y0,Y_2025,BPI5TC,10050
4/18/2025,Y1,Y_2026,BPI5TC,9975
4/18/2025,Y2,Y_2027,BPI5TC,10275
4/18/2025,Y3,Y_2028,BPI5TC,10563
4/21/2025,M0,M_Apr_2025,BPI5TC,10600
4/21/2025,M1,M_May_2025,BPI5TC,11075
4/21/2025,M2,M_Jun_2025,BPI5TC,10875
4/21/2025,M3,M_Jul_2025,BPI5TC,10725
4/21/2025,Q0,Q_2_2025,BPI5TC,10875
4/21/2025,Q1,Q_3_2025,BPI5TC,10850
4/21/2025,Q2,Q_4_2025,BPI5TC,10300
4/21/2025,Q3,Q_1_2026,BPI5TC,8854
4/21/2025,Y0,Y_2025,BPI5TC,10050
4/21/2025,Y1,Y_2026,BPI5TC,9975
4/21/2025,Y2,Y_2027,BPI5TC,10275
4/21/2025,Y3,Y_2028,BPI5TC,10563
4/22/2025,M0,M_Apr_2025,BPI5TC,10400
4/22/2025,M1,M_May_2025,BPI5TC,10925
4/22/2025,M2,M_Jun_2025,BPI5TC,10725
4/22/2025,M3,M_Jul_2025,BPI5TC,10725
4/22/2025,Q0,Q_2_2025,BPI5TC,10683.5
4/22/2025,Q1,Q_3_2025,BPI5TC,10725
4/22/2025,Q2,Q_4_2025,BPI5TC,10200
4/22/2025,Q3,Q_1_2026,BPI5TC,8767
4/22/2025,Y0,Y_2025,BPI5TC,10050
4/22/2025,Y1,Y_2026,BPI5TC,9925
4/22/2025,Y2,Y_2027,BPI5TC,10221
4/22/2025,Y3,Y_2028,BPI5TC,10554
4/23/2025,M0,M_Apr_2025,BPI5TC,10525
4/23/2025,M1,M_May_2025,BPI5TC,11675
4/23/2025,M2,M_Jun_2025,BPI5TC,11375
4/23/2025,M3,M_Jul_2025,BPI5TC,11250
4/23/2025,Q0,Q_2_2025,BPI5TC,11200
4/23/2025,Q1,Q_3_2025,BPI5TC,11250
4/23/2025,Q2,Q_4_2025,BPI5TC,10650
4/23/2025,Q3,Q_1_2026,BPI5TC,8904
4/23/2025,Y0,Y_2025,BPI5TC,10050
4/23/2025,Y1,Y_2026,BPI5TC,10050
4/23/2025,Y2,Y_2027,BPI5TC,10350
4/23/2025,Y3,Y_2028,BPI5TC,10588
4/24/2025,M0,M_Apr_2025,BPI5TC,10625
4/24/2025,M1,M_May_2025,BPI5TC,11225
4/24/2025,M2,M_Jun_2025,BPI5TC,10975
4/24/2025,M3,M_Jul_2025,BPI5TC,10875
4/24/2025,Q0,Q_2_2025,BPI5TC,10950
4/24/2025,Q1,Q_3_2025,BPI5TC,10950
4/24/2025,Q2,Q_4_2025,BPI5TC,10350
4/24/2025,Q3,Q_1_2026,BPI5TC,8713
4/24/2025,Y0,Y_2025,BPI5TC,10050
4/24/2025,Y1,Y_2026,BPI5TC,9925
4/24/2025,Y2,Y_2027,BPI5TC,10258
4/24/2025,Y3,Y_2028,BPI5TC,10529
4/25/2025,M0,M_Apr_2025,BPI5TC,10625
4/25/2025,M1,M_May_2025,BPI5TC,11400
4/25/2025,M2,M_Jun_2025,BPI5TC,11200
4/25/2025,M3,M_Jul_2025,BPI5TC,11125
4/25/2025,Q0,Q_2_2025,BPI5TC,10950
4/25/2025,Q1,Q_3_2025,BPI5TC,11050
4/25/2025,Q2,Q_4_2025,BPI5TC,10425
4/25/2025,Q3,Q_1_2026,BPI5TC,8767
4/25/2025,Y0,Y_2025,BPI5TC,10050
4/25/2025,Y1,Y_2026,BPI5TC,10000
4/25/2025,Y2,Y_2027,BPI5TC,10288
4/25/2025,Y3,Y_2028,BPI5TC,10538
4/28/2025,M0,M_Apr_2025,BPI5TC,10625
4/28/2025,M1,M_May_2025,BPI5TC,11000
4/28/2025,M2,M_Jun_2025,BPI5TC,10925
4/28/2025,M3,M_Jul_2025,BPI5TC,10875
4/28/2025,Q0,Q_2_2025,BPI5TC,10950
4/28/2025,Q1,Q_3_2025,BPI5TC,10875
4/28/2025,Q2,Q_4_2025,BPI5TC,10300
4/28/2025,Q3,Q_1_2026,BPI5TC,8671
4/28/2025,Y0,Y_2025,BPI5TC,10050
4/28/2025,Y1,Y_2026,BPI5TC,9950
4/28/2025,Y2,Y_2027,BPI5TC,10196
4/28/2025,Y3,Y_2028,BPI5TC,10488
4/29/2025,M0,M_Apr_2025,BPI5TC,10625
4/29/2025,M1,M_May_2025,BPI5TC,10550
4/29/2025,M2,M_Jun_2025,BPI5TC,10575
4/29/2025,M3,M_Jul_2025,BPI5TC,10575
4/29/2025,Q0,Q_2_2025,BPI5TC,10950
4/29/2025,Q1,Q_3_2025,BPI5TC,10575
4/29/2025,Q2,Q_4_2025,BPI5TC,10175
4/29/2025,Q3,Q_1_2026,BPI5TC,8554
4/29/2025,Y0,Y_2025,BPI5TC,10050
4/29/2025,Y1,Y_2026,BPI5TC,9775
4/29/2025,Y2,Y_2027,BPI5TC,10121
4/29/2025,Y3,Y_2028,BPI5TC,10433
4/30/2025,M0,M_Apr_2025,BPI5TC,10700
4/30/2025,M1,M_May_2025,BPI5TC,10600
4/30/2025,M2,M_Jun_2025,BPI5TC,10700
4/30/2025,M3,M_Jul_2025,BPI5TC,10850
4/30/2025,Q0,Q_2_2025,BPI5TC,10950
4/30/2025,Q1,Q_3_2025,BPI5TC,10812.5
4/30/2025,Q2,Q_4_2025,BPI5TC,10250
4/30/2025,Q3,Q_1_2026,BPI5TC,8604
4/30/2025,Y0,Y_2025,BPI5TC,10050
4/30/2025,Y1,Y_2026,BPI5TC,9912.5
4/30/2025,Y2,Y_2027,BPI5TC,10154
4/30/2025,Y3,Y_2028,BPI5TC,10475
5/1/2025,M0,M_May_2025,BPI5TC,10825
5/1/2025,M1,M_Jun_2025,BPI5TC,10750
5/1/2025,M2,M_Jul_2025,BPI5TC,10750
5/1/2025,M3,M_Aug_2025,BPI5TC,10825
5/1/2025,Q0,Q_2_2025,BPI5TC,10950
5/1/2025,Q1,Q_3_2025,BPI5TC,10775
5/1/2025,Q2,Q_4_2025,BPI5TC,10400
5/1/2025,Q3,Q_1_2026,BPI5TC,8692
5/1/2025,Y0,Y_2025,BPI5TC,10050
5/1/2025,Y1,Y_2026,BPI5TC,10000
5/1/2025,Y2,Y_2027,BPI5TC,10238
5/1/2025,Y3,Y_2028,BPI5TC,10525
5/2/2025,M0,M_May_2025,BPI5TC,10950
5/2/2025,M1,M_Jun_2025,BPI5TC,10862.5
5/2/2025,M2,M_Jul_2025,BPI5TC,10775
5/2/2025,M3,M_Aug_2025,BPI5TC,10825
5/2/2025,Q0,Q_2_2025,BPI5TC,10950
5/2/2025,Q1,Q_3_2025,BPI5TC,10825
5/2/2025,Q2,Q_4_2025,BPI5TC,10325
5/2/2025,Q3,Q_1_2026,BPI5TC,8721
5/2/2025,Y0,Y_2025,BPI5TC,10050
5/2/2025,Y1,Y_2026,BPI5TC,10000
5/2/2025,Y2,Y_2027,BPI5TC,10254
5/2/2025,Y3,Y_2028,BPI5TC,10538
5/5/2025,M0,M_May_2025,BPI5TC,10950
5/5/2025,M1,M_Jun_2025,BPI5TC,10862.5
5/5/2025,M2,M_Jul_2025,BPI5TC,10775
5/5/2025,M3,M_Aug_2025,BPI5TC,10825
5/5/2025,Q0,Q_2_2025,BPI5TC,10950
5/5/2025,Q1,Q_3_2025,BPI5TC,10825
5/5/2025,Q2,Q_4_2025,BPI5TC,10325
5/5/2025,Q3,Q_1_2026,BPI5TC,8721
5/5/2025,Y0,Y_2025,BPI5TC,10050
5/5/2025,Y1,Y_2026,BPI5TC,10000
5/5/2025,Y2,Y_2027,BPI5TC,10254
5/5/2025,Y3,Y_2028,BPI5TC,10538
5/6/2025,M0,M_May_2025,BPI5TC,10525
5/6/2025,M1,M_Jun_2025,BPI5TC,10525
5/6/2025,M2,M_Jul_2025,BPI5TC,10525
5/6/2025,M3,M_Aug_2025,BPI5TC,10525
5/6/2025,Q0,Q_2_2025,BPI5TC,10950
5/6/2025,Q1,Q_3_2025,BPI5TC,10600
5/6/2025,Q2,Q_4_2025,BPI5TC,10225
5/6/2025,Q3,Q_1_2026,BPI5TC,8667
5/6/2025,Y0,Y_2025,BPI5TC,10050
5/6/2025,Y1,Y_2026,BPI5TC,9900
5/6/2025,Y2,Y_2027,BPI5TC,10217
5/6/2025,Y3,Y_2028,BPI5TC,10508
5/7/2025,M0,M_May_2025,BPI5TC,10750
5/7/2025,M1,M_Jun_2025,BPI5TC,10575
5/7/2025,M2,M_Jul_2025,BPI5TC,10650
5/7/2025,M3,M_Aug_2025,BPI5TC,10600
5/7/2025,Q0,Q_2_2025,BPI5TC,10950
5/7/2025,Q1,Q_3_2025,BPI5TC,10700
5/7/2025,Q2,Q_4_2025,BPI5TC,10300
5/7/2025,Q3,Q_1_2026,BPI5TC,8708
5/7/2025,Y0,Y_2025,BPI5TC,10050
5/7/2025,Y1,Y_2026,BPI5TC,10000
5/7/2025,Y2,Y_2027,BPI5TC,10254
5/7/2025,Y3,Y_2028,BPI5TC,10546
5/8/2025,M0,M_May_2025,BPI5TC,10625
5/8/2025,M1,M_Jun_2025,BPI5TC,10275
5/8/2025,M2,M_Jul_2025,BPI5TC,10350
5/8/2025,M3,M_Aug_2025,BPI5TC,10350
5/8/2025,Q0,Q_2_2025,BPI5TC,10950
5/8/2025,Q1,Q_3_2025,BPI5TC,10425
5/8/2025,Q2,Q_4_2025,BPI5TC,10200
5/8/2025,Q3,Q_1_2026,BPI5TC,8613
5/8/2025,Y0,Y_2025,BPI5TC,10050
5/8/2025,Y1,Y_2026,BPI5TC,9900
5/8/2025,Y2,Y_2027,BPI5TC,10217
5/8/2025,Y3,Y_2028,BPI5TC,10538
5/9/2025,M0,M_May_2025,BPI5TC,10550
5/9/2025,M1,M_Jun_2025,BPI5TC,10000
5/9/2025,M2,M_Jul_2025,BPI5TC,10075
5/9/2025,M3,M_Aug_2025,BPI5TC,10200
5/9/2025,Q0,Q_2_2025,BPI5TC,10950
5/9/2025,Q1,Q_3_2025,BPI5TC,10225
5/9/2025,Q2,Q_4_2025,BPI5TC,10150
5/9/2025,Q3,Q_1_2026,BPI5TC,8592
5/9/2025,Y0,Y_2025,BPI5TC,10050
5/9/2025,Y1,Y_2026,BPI5TC,9900
5/9/2025,Y2,Y_2027,BPI5TC,10213
5/9/2025,Y3,Y_2028,BPI5TC,10529
5/12/2025,M0,M_May_2025,BPI5TC,10525
5/12/2025,M1,M_Jun_2025,BPI5TC,10050
5/12/2025,M2,M_Jul_2025,BPI5TC,10100
5/12/2025,M3,M_Aug_2025,BPI5TC,10325
5/12/2025,Q0,Q_2_2025,BPI5TC,10950
5/12/2025,Q1,Q_3_2025,BPI5TC,10425
5/12/2025,Q2,Q_4_2025,BPI5TC,10175
5/12/2025,Q3,Q_1_2026,BPI5TC,8679
5/12/2025,Y0,Y_2025,BPI5TC,10050
5/12/2025,Y1,Y_2026,BPI5TC,9925
5/12/2025,Y2,Y_2027,BPI5TC,10263
5/12/2025,Y3,Y_2028,BPI5TC,10546
5/13/2025,M0,M_May_2025,BPI5TC,10300
5/13/2025,M1,M_Jun_2025,BPI5TC,9775
5/13/2025,M2,M_Jul_2025,BPI5TC,10025
5/13/2025,M3,M_Aug_2025,BPI5TC,10100
5/13/2025,Q0,Q_2_2025,BPI5TC,10950
5/13/2025,Q1,Q_3_2025,BPI5TC,10175
5/13/2025,Q2,Q_4_2025,BPI5TC,10125
5/13/2025,Q3,Q_1_2026,BPI5TC,8558
5/13/2025,Y0,Y_2025,BPI5TC,10050
5/13/2025,Y1,Y_2026,BPI5TC,9800
5/13/2025,Y2,Y_2027,BPI5TC,10192
5/13/2025,Y3,Y_2028,BPI5TC,10554
5/14/2025,M0,M_May_2025,BPI5TC,10325
5/14/2025,M1,M_Jun_2025,BPI5TC,10200
5/14/2025,M2,M_Jul_2025,BPI5TC,10200
5/14/2025,M3,M_Aug_2025,BPI5TC,10300
5/14/2025,Q0,Q_2_2025,BPI5TC,10950
5/14/2025,Q1,Q_3_2025,BPI5TC,10350
5/14/2025,Q2,Q_4_2025,BPI5TC,10250
5/14/2025,Q3,Q_1_2026,BPI5TC,8683
5/14/2025,Y0,Y_2025,BPI5TC,10050
5/14/2025,Y1,Y_2026,BPI5TC,9925
5/14/2025,Y2,Y_2027,BPI5TC,10208
5/14/2025,Y3,Y_2028,BPI5TC,10563
5/15/2025,M0,M_May_2025,BPI5TC,10475
5/15/2025,M1,M_Jun_2025,BPI5TC,10325
5/15/2025,M2,M_Jul_2025,BPI5TC,10325
5/15/2025,M3,M_Aug_2025,BPI5TC,10325
5/15/2025,Q0,Q_2_2025,BPI5TC,10950
5/15/2025,Q1,Q_3_2025,BPI5TC,10425
5/15/2025,Q2,Q_4_2025,BPI5TC,10350
5/15/2025,Q3,Q_1_2026,BPI5TC,8713
5/15/2025,Y0,Y_2025,BPI5TC,10050
5/15/2025,Y1,Y_2026,BPI5TC,9975
5/15/2025,Y2,Y_2027,BPI5TC,10225
5/15/2025,Y3,Y_2028,BPI5TC,10567
5/16/2025,M0,M_May_2025,BPI5TC,10500
5/16/2025,M1,M_Jun_2025,BPI5TC,10275
5/16/2025,M2,M_Jul_2025,BPI5TC,10300
5/16/2025,M3,M_Aug_2025,BPI5TC,10375
5/16/2025,Q0,Q_2_2025,BPI5TC,10950
5/16/2025,Q1,Q_3_2025,BPI5TC,10475
5/16/2025,Q2,Q_4_2025,BPI5TC,10325
5/16/2025,Q3,Q_1_2026,BPI5TC,8713
5/16/2025,Y0,Y_2025,BPI5TC,10050
5/16/2025,Y1,Y_2026,BPI5TC,9925
5/16/2025,Y2,Y_2027,BPI5TC,10242
5/16/2025,Y3,Y_2028,BPI5TC,10583
5/19/2025,M0,M_May_2025,BPI5TC,10400
5/19/2025,M1,M_Jun_2025,BPI5TC,10125
5/19/2025,M2,M_Jul_2025,BPI5TC,10175
5/19/2025,M3,M_Aug_2025,BPI5TC,10225
5/19/2025,Q0,Q_2_2025,BPI5TC,10950
5/19/2025,Q1,Q_3_2025,BPI5TC,10350
5/19/2025,Q2,Q_4_2025,BPI5TC,10200
5/19/2025,Q3,Q_1_2026,BPI5TC,8658
5/19/2025,Y0,Y_2025,BPI5TC,10050
5/19/2025,Y1,Y_2026,BPI5TC,9900
5/19/2025,Y2,Y_2027,BPI5TC,10229
5/19/2025,Y3,Y_2028,BPI5TC,10588
5/20/2025,M0,M_May_2025,BPI5TC,10550
5/20/2025,M1,M_Jun_2025,BPI5TC,10050
5/20/2025,M2,M_Jul_2025,BPI5TC,10075
5/20/2025,M3,M_Aug_2025,BPI5TC,10150
5/20/2025,Q0,Q_2_2025,BPI5TC,10950
5/20/2025,Q1,Q_3_2025,BPI5TC,10275
5/20/2025,Q2,Q_4_2025,BPI5TC,10200
5/20/2025,Q3,Q_1_2026,BPI5TC,8617
5/20/2025,Y0,Y_2025,BPI5TC,10050
5/20/2025,Y1,Y_2026,BPI5TC,9900
5/20/2025,Y2,Y_2027,BPI5TC,10183
5/20/2025,Y3,Y_2028,BPI5TC,10571
5/21/2025,M0,M_May_2025,BPI5TC,10450
5/21/2025,M1,M_Jun_2025,BPI5TC,9800
5/21/2025,M2,M_Jul_2025,BPI5TC,9900
5/21/2025,M3,M_Aug_2025,BPI5TC,10000
5/21/2025,Q0,Q_2_2025,BPI5TC,10950
5/21/2025,Q1,Q_3_2025,BPI5TC,10100
5/21/2025,Q2,Q_4_2025,BPI5TC,10125
5/21/2025,Q3,Q_1_2026,BPI5TC,8588
5/21/2025,Y0,Y_2025,BPI5TC,10050
5/21/2025,Y1,Y_2026,BPI5TC,9850
5/21/2025,Y2,Y_2027,BPI5TC,10142
5/21/2025,Y3,Y_2028,BPI5TC,10525
5/22/2025,M0,M_May_2025,BPI5TC,10400
5/22/2025,M1,M_Jun_2025,BPI5TC,9550
5/22/2025,M2,M_Jul_2025,BPI5TC,9600
5/22/2025,M3,M_Aug_2025,BPI5TC,9775
5/22/2025,Q0,Q_2_2025,BPI5TC,10950
5/22/2025,Q1,Q_3_2025,BPI5TC,9800
5/22/2025,Q2,Q_4_2025,BPI5TC,10000
5/22/2025,Q3,Q_1_2026,BPI5TC,8483
5/22/2025,Y0,Y_2025,BPI5TC,10050
5/22/2025,Y1,Y_2026,BPI5TC,9750
5/22/2025,Y2,Y_2027,BPI5TC,10075
5/22/2025,Y3,Y_2028,BPI5TC,10504
5/23/2025,M0,M_May_2025,BPI5TC,10325
5/23/2025,M1,M_Jun_2025,BPI5TC,9325
5/23/2025,M2,M_Jul_2025,BPI5TC,9525
5/23/2025,M3,M_Aug_2025,BPI5TC,9525
5/23/2025,Q0,Q_2_2025,BPI5TC,10950
5/23/2025,Q1,Q_3_2025,BPI5TC,9700
5/23/2025,Q2,Q_4_2025,BPI5TC,9950
5/23/2025,Q3,Q_1_2026,BPI5TC,8433
5/23/2025,Y0,Y_2025,BPI5TC,10050
5/23/2025,Y1,Y_2026,BPI5TC,9700
5/23/2025,Y2,Y_2027,BPI5TC,10008
5/23/2025,Y3,Y_2028,BPI5TC,10471
5/26/2025,M0,M_May_2025,BPI5TC,10325
5/26/2025,M1,M_Jun_2025,BPI5TC,9325
5/26/2025,M2,M_Jul_2025,BPI5TC,9525
5/26/2025,M3,M_Aug_2025,BPI5TC,9525
5/26/2025,Q0,Q_2_2025,BPI5TC,10950
5/26/2025,Q1,Q_3_2025,BPI5TC,9700
5/26/2025,Q2,Q_4_2025,BPI5TC,9950
5/26/2025,Q3,Q_1_2026,BPI5TC,8433
5/26/2025,Y0,Y_2025,BPI5TC,10050
5/26/2025,Y1,Y_2026,BPI5TC,9700
5/26/2025,Y2,Y_2027,BPI5TC,10008
5/26/2025,Y3,Y_2028,BPI5TC,10471
5/27/2025,M0,M_May_2025,BPI5TC,10300
5/27/2025,M1,M_Jun_2025,BPI5TC,9150
5/27/2025,M2,M_Jul_2025,BPI5TC,9350
5/27/2025,M3,M_Aug_2025,BPI5TC,9525
5/27/2025,Q0,Q_2_2025,BPI5TC,10950
5/27/2025,Q1,Q_3_2025,BPI5TC,9700
5/27/2025,Q2,Q_4_2025,BPI5TC,9900
5/27/2025,Q3,Q_1_2026,BPI5TC,8425
5/27/2025,Y0,Y_2025,BPI5TC,10050
5/27/2025,Y1,Y_2026,BPI5TC,9625
5/27/2025,Y2,Y_2027,BPI5TC,10029
5/27/2025,Y3,Y_2028,BPI5TC,10458
5/28/2025,M0,M_May_2025,BPI5TC,10275
5/28/2025,M1,M_Jun_2025,BPI5TC,9100
5/28/2025,M2,M_Jul_2025,BPI5TC,9300
5/28/2025,M3,M_Aug_2025,BPI5TC,9525
5/28/2025,Q0,Q_2_2025,BPI5TC,10950
5/28/2025,Q1,Q_3_2025,BPI5TC,9650
5/28/2025,Q2,Q_4_2025,BPI5TC,9825
5/28/2025,Q3,Q_1_2026,BPI5TC,8396
5/28/2025,Y0,Y_2025,BPI5TC,10050
5/28/2025,Y1,Y_2026,BPI5TC,9700
5/28/2025,Y2,Y_2027,BPI5TC,10050
5/28/2025,Y3,Y_2028,BPI5TC,10467
5/29/2025,M0,M_May_2025,BPI5TC,10275
5/29/2025,M1,M_Jun_2025,BPI5TC,8975
5/29/2025,M2,M_Jul_2025,BPI5TC,9225
5/29/2025,M3,M_Aug_2025,BPI5TC,9525
5/29/2025,Q0,Q_2_2025,BPI5TC,10950
5/29/2025,Q1,Q_3_2025,BPI5TC,9700
5/29/2025,Q2,Q_4_2025,BPI5TC,9900
5/29/2025,Q3,Q_1_2026,BPI5TC,8325
5/29/2025,Y0,Y_2025,BPI5TC,10050
5/29/2025,Y1,Y_2026,BPI5TC,9700
5/29/2025,Y2,Y_2027,BPI5TC,10050
5/29/2025,Y3,Y_2028,BPI5TC,10467
5/30/2025,M0,M_May_2025,BPI5TC,9150
5/30/2025,M1,M_Jun_2025,BPI5TC,9475
5/30/2025,M2,M_Jul_2025,BPI5TC,9700
5/30/2025,M3,M_Aug_2025,BPI5TC,10375
5/30/2025,Q0,Q_2_2025,BPI5TC,10950
5/30/2025,Q1,Q_3_2025,BPI5TC,9850
5/30/2025,Q2,Q_4_2025,BPI5TC,10025
5/30/2025,Q3,Q_1_2026,BPI5TC,8375
5/30/2025,Y0,Y_2025,BPI5TC,10050
5/30/2025,Y1,Y_2026,BPI5TC,9750
5/30/2025,Y2,Y_2027,BPI5TC,10100
5/30/2025,Y3,Y_2028,BPI5TC,10463
6/2/2025,M0,M_Jun_2025,BPI5TC,9200
6/2/2025,M1,M_Jul_2025,BPI5TC,9450
6/2/2025,M2,M_Aug_2025,BPI5TC,9650
6/2/2025,M3,M_Sep_2025,BPI5TC,10175
6/2/2025,Q0,Q_2_2025,BPI5TC,10950
6/2/2025,Q1,Q_3_2025,BPI5TC,9750
6/2/2025,Q2,Q_4_2025,BPI5TC,9975
6/2/2025,Q3,Q_1_2026,BPI5TC,8354
6/2/2025,Y0,Y_2025,BPI5TC,10050
6/2/2025,Y1,Y_2026,BPI5TC,9650
6/2/2025,Y2,Y_2027,BPI5TC,10075
6/2/2025,Y3,Y_2028,BPI5TC,10458
6/3/2025,M0,M_Jun_2025,BPI5TC,9400
6/3/2025,M1,M_Jul_2025,BPI5TC,9500
6/3/2025,M2,M_Aug_2025,BPI5TC,9700
6/3/2025,M3,M_Sep_2025,BPI5TC,10300
6/3/2025,Q0,Q_2_2025,BPI5TC,10950
6/3/2025,Q1,Q_3_2025,BPI5TC,9825
6/3/2025,Q2,Q_4_2025,BPI5TC,10050
6/3/2025,Q3,Q_1_2026,BPI5TC,8379
6/3/2025,Y0,Y_2025,BPI5TC,10050
6/3/2025,Y1,Y_2026,BPI5TC,9750
6/3/2025,Y2,Y_2027,BPI5TC,10079
6/3/2025,Y3,Y_2028,BPI5TC,10442
6/4/2025,M0,M_Jun_2025,BPI5TC,9650
6/4/2025,M1,M_Jul_2025,BPI5TC,9675
6/4/2025,M2,M_Aug_2025,BPI5TC,9875
6/4/2025,M3,M_Sep_2025,BPI5TC,10400
6/4/2025,Q0,Q_2_2025,BPI5TC,10950
6/4/2025,Q1,Q_3_2025,BPI5TC,9975
6/4/2025,Q2,Q_4_2025,BPI5TC,10125
6/4/2025,Q3,Q_1_2026,BPI5TC,8483
6/4/2025,Y0,Y_2025,BPI5TC,10050
6/4/2025,Y1,Y_2026,BPI5TC,9875
6/4/2025,Y2,Y_2027,BPI5TC,10108
6/4/2025,Y3,Y_2028,BPI5TC,10442
6/5/2025,M0,M_Jun_2025,BPI5TC,9850
6/5/2025,M1,M_Jul_2025,BPI5TC,9750
6/5/2025,M2,M_Aug_2025,BPI5TC,10000
6/5/2025,M3,M_Sep_2025,BPI5TC,10300
6/5/2025,Q0,Q_2_2025,BPI5TC,10950
6/5/2025,Q1,Q_3_2025,BPI5TC,9975
6/5/2025,Q2,Q_4_2025,BPI5TC,10100
6/5/2025,Q3,Q_1_2026,BPI5TC,8467
6/5/2025,Y0,Y_2025,BPI5TC,10050
6/5/2025,Y1,Y_2026,BPI5TC,9825
6/5/2025,Y2,Y_2027,BPI5TC,10117
6/5/2025,Y3,Y_2028,BPI5TC,10450
6/6/2025,M0,M_Jun_2025,BPI5TC,9750
6/6/2025,M1,M_Jul_2025,BPI5TC,9800
6/6/2025,M2,M_Aug_2025,BPI5TC,9925
6/6/2025,M3,M_Sep_2025,BPI5TC,10325
6/6/2025,Q0,Q_2_2025,BPI5TC,10950
6/6/2025,Q1,Q_3_2025,BPI5TC,10025
6/6/2025,Q2,Q_4_2025,BPI5TC,10100
6/6/2025,Q3,Q_1_2026,BPI5TC,8446
6/6/2025,Y0,Y_2025,BPI5TC,10050
6/6/2025,Y1,Y_2026,BPI5TC,9875
6/6/2025,Y2,Y_2027,BPI5TC,10079
6/6/2025,Y3,Y_2028,BPI5TC,10442
6/9/2025,M0,M_Jun_2025,BPI5TC,9800
6/9/2025,M1,M_Jul_2025,BPI5TC,9650
6/9/2025,M2,M_Aug_2025,BPI5TC,9675
6/9/2025,M3,M_Sep_2025,BPI5TC,10000
6/9/2025,Q0,Q_2_2025,BPI5TC,10950
6/9/2025,Q1,Q_3_2025,BPI5TC,9775
6/9/2025,Q2,Q_4_2025,BPI5TC,9925
6/9/2025,Q3,Q_1_2026,BPI5TC,8279
6/9/2025,Y0,Y_2025,BPI5TC,10050
6/9/2025,Y1,Y_2026,BPI5TC,9750
6/9/2025,Y2,Y_2027,BPI5TC,10000
6/9/2025,Y3,Y_2028,BPI5TC,10425
6/10/2025,M0,M_Jun_2025,BPI5TC,10287.5
6/10/2025,M1,M_Jul_2025,BPI5TC,10125
6/10/2025,M2,M_Aug_2025,BPI5TC,10000
6/10/2025,M3,M_Sep_2025,BPI5TC,10225
6/10/2025,Q0,Q_2_2025,BPI5TC,10950
6/10/2025,Q1,Q_3_2025,BPI5TC,10075
6/10/2025,Q2,Q_4_2025,BPI5TC,10125
6/10/2025,Q3,Q_1_2026,BPI5TC,8388
6/10/2025,Y0,Y_2025,BPI5TC,10050
6/10/2025,Y1,Y_2026,BPI5TC,9875
6/10/2025,Y2,Y_2027,BPI5TC,10046
6/10/2025,Y3,Y_2028,BPI5TC,10442
6/11/2025,M0,M_Jun_2025,BPI5TC,10425
6/11/2025,M1,M_Jul_2025,BPI5TC,10275
6/11/2025,M2,M_Aug_2025,BPI5TC,10175
6/11/2025,M3,M_Sep_2025,BPI5TC,10400
6/11/2025,Q0,Q_2_2025,BPI5TC,10950
6/11/2025,Q1,Q_3_2025,BPI5TC,10283.5
6/11/2025,Q2,Q_4_2025,BPI5TC,10200
6/11/2025,Q3,Q_1_2026,BPI5TC,8483
6/11/2025,Y0,Y_2025,BPI5TC,10050
6/11/2025,Y1,Y_2026,BPI5TC,9850
6/11/2025,Y2,Y_2027,BPI5TC,10092
6/11/2025,Y3,Y_2028,BPI5TC,10463
6/12/2025,M0,M_Jun_2025,BPI5TC,10500
6/12/2025,M1,M_Jul_2025,BPI5TC,10475
6/12/2025,M2,M_Aug_2025,BPI5TC,10200
6/12/2025,M3,M_Sep_2025,BPI5TC,10450
6/12/2025,Q0,Q_2_2025,BPI5TC,10950
6/12/2025,Q1,Q_3_2025,BPI5TC,10283.5
6/12/2025,Q2,Q_4_2025,BPI5TC,10325
6/12/2025,Q3,Q_1_2026,BPI5TC,8450
6/12/2025,Y0,Y_2025,BPI5TC,10050
6/12/2025,Y1,Y_2026,BPI5TC,9900
6/12/2025,Y2,Y_2027,BPI5TC,10117
6/12/2025,Y3,Y_2028,BPI5TC,10475
6/13/2025,M0,M_Jun_2025,BPI5TC,10750
6/13/2025,M1,M_Jul_2025,BPI5TC,10575
6/13/2025,M2,M_Aug_2025,BPI5TC,10300
6/13/2025,M3,M_Sep_2025,BPI5TC,10400
6/13/2025,Q0,Q_2_2025,BPI5TC,10950
6/13/2025,Q1,Q_3_2025,BPI5TC,10325
6/13/2025,Q2,Q_4_2025,BPI5TC,10175
6/13/2025,Q3,Q_1_2026,BPI5TC,8500
6/13/2025,Y0,Y_2025,BPI5TC,10050
6/13/2025,Y1,Y_2026,BPI5TC,9900
6/13/2025,Y2,Y_2027,BPI5TC,10150
6/13/2025,Y3,Y_2028,BPI5TC,10475
6/16/2025,M0,M_Jun_2025,BPI5TC,10425
6/16/2025,M1,M_Jul_2025,BPI5TC,10000
6/16/2025,M2,M_Aug_2025,BPI5TC,10000
6/16/2025,M3,M_Sep_2025,BPI5TC,10175
6/16/2025,Q0,Q_2_2025,BPI5TC,10950
6/16/2025,Q1,Q_3_2025,BPI5TC,10050
6/16/2025,Q2,Q_4_2025,BPI5TC,10025
6/16/2025,Q3,Q_1_2026,BPI5TC,8338
6/16/2025,Y0,Y_2025,BPI5TC,10050
6/16/2025,Y1,Y_2026,BPI5TC,9775
6/16/2025,Y2,Y_2027,BPI5TC,10083
6/16/2025,Y3,Y_2028,BPI5TC,10425
6/17/2025,M0,M_Jun_2025,BPI5TC,10300
6/17/2025,M1,M_Jul_2025,BPI5TC,9950
6/17/2025,M2,M_Aug_2025,BPI5TC,9950
6/17/2025,M3,M_Sep_2025,BPI5TC,10150
6/17/2025,Q0,Q_2_2025,BPI5TC,10950
6/17/2025,Q1,Q_3_2025,BPI5TC,10000
6/17/2025,Q2,Q_4_2025,BPI5TC,9925
6/17/2025,Q3,Q_1_2026,BPI5TC,8304
6/17/2025,Y0,Y_2025,BPI5TC,10050
6/17/2025,Y1,Y_2026,BPI5TC,9775
6/17/2025,Y2,Y_2027,BPI5TC,10063
6/17/2025,Y3,Y_2028,BPI5TC,10425
6/18/2025,M0,M_Jun_2025,BPI5TC,10400
6/18/2025,M1,M_Jul_2025,BPI5TC,10000
6/18/2025,M2,M_Aug_2025,BPI5TC,10050
6/18/2025,M3,M_Sep_2025,BPI5TC,10150
6/18/2025,Q0,Q_2_2025,BPI5TC,10950
6/18/2025,Q1,Q_3_2025,BPI5TC,10100
6/18/2025,Q2,Q_4_2025,BPI5TC,10050
6/18/2025,Q3,Q_1_2026,BPI5TC,8333
6/18/2025,Y0,Y_2025,BPI5TC,10050
6/18/2025,Y1,Y_2026,BPI5TC,9800
6/18/2025,Y2,Y_2027,BPI5TC,10023
6/18/2025,Y3,Y_2028,BPI5TC,10433
6/19/2025,M0,M_Jun_2025,BPI5TC,10300
6/19/2025,M1,M_Jul_2025,BPI5TC,10050
6/19/2025,M2,M_Aug_2025,BPI5TC,10000
6/19/2025,M3,M_Sep_2025,BPI5TC,10125
6/19/2025,Q0,Q_2_2025,BPI5TC,10950
6/19/2025,Q1,Q_3_2025,BPI5TC,10062.5
6/19/2025,Q2,Q_4_2025,BPI5TC,9962.5
6/19/2025,Q3,Q_1_2026,BPI5TC,8304
6/19/2025,Y0,Y_2025,BPI5TC,10050
6/19/2025,Y1,Y_2026,BPI5TC,9800
6/19/2025,Y2,Y_2027,BPI5TC,10012
6/19/2025,Y3,Y_2028,BPI5TC,10425
6/20/2025,M0,M_Jun_2025,BPI5TC,10500
6/20/2025,M1,M_Jul_2025,BPI5TC,10450
6/20/2025,M2,M_Aug_2025,BPI5TC,10450
6/20/2025,M3,M_Sep_2025,BPI5TC,10450
6/20/2025,Q0,Q_2_2025,BPI5TC,10950
6/20/2025,Q1,Q_3_2025,BPI5TC,10425
6/20/2025,Q2,Q_4_2025,BPI5TC,10225
6/20/2025,Q3,Q_1_2026,BPI5TC,8404
6/20/2025,Y0,Y_2025,BPI5TC,10050
6/20/2025,Y1,Y_2026,BPI5TC,9875
6/20/2025,Y2,Y_2027,BPI5TC,10038
6/20/2025,Y3,Y_2028,BPI5TC,10438
6/23/2025,M0,M_Jun_2025,BPI5TC,10525
6/23/2025,M1,M_Jul_2025,BPI5TC,10650
6/23/2025,M2,M_Aug_2025,BPI5TC,10500
6/23/2025,M3,M_Sep_2025,BPI5TC,10525
6/23/2025,Q0,Q_2_2025,BPI5TC,10950
6/23/2025,Q1,Q_3_2025,BPI5TC,10550
6/23/2025,Q2,Q_4_2025,BPI5TC,10300
6/23/2025,Q3,Q_1_2026,BPI5TC,8446
6/23/2025,Y0,Y_2025,BPI5TC,10050
6/23/2025,Y1,Y_2026,BPI5TC,9875
6/23/2025,Y2,Y_2027,BPI5TC,10044
6/23/2025,Y3,Y_2028,BPI5TC,10438
6/24/2025,M0,M_Jun_2025,BPI5TC,10500
6/24/2025,M1,M_Jul_2025,BPI5TC,10775
6/24/2025,M2,M_Aug_2025,BPI5TC,10525
6/24/2025,M3,M_Sep_2025,BPI5TC,10650
6/24/2025,Q0,Q_2_2025,BPI5TC,10950
6/24/2025,Q1,Q_3_2025,BPI5TC,10650
6/24/2025,Q2,Q_4_2025,BPI5TC,10325
6/24/2025,Q3,Q_1_2026,BPI5TC,8442
6/24/2025,Y0,Y_2025,BPI5TC,10050
6/24/2025,Y1,Y_2026,BPI5TC,9875
6/24/2025,Y2,Y_2027,BPI5TC,10044
6/24/2025,Y3,Y_2028,BPI5TC,10425
6/25/2025,M0,M_Jun_2025,BPI5TC,10587.5
6/25/2025,M1,M_Jul_2025,BPI5TC,11350
6/25/2025,M2,M_Aug_2025,BPI5TC,10800
6/25/2025,M3,M_Sep_2025,BPI5TC,10900
6/25/2025,Q0,Q_2_2025,BPI5TC,10950
6/25/2025,Q1,Q_3_2025,BPI5TC,11012.5
6/25/2025,Q2,Q_4_2025,BPI5TC,10475
6/25/2025,Q3,Q_1_2026,BPI5TC,8550
6/25/2025,Y0,Y_2025,BPI5TC,10050
6/25/2025,Y1,Y_2026,BPI5TC,9975
6/25/2025,Y2,Y_2027,BPI5TC,10069
6/25/2025,Y3,Y_2028,BPI5TC,10375
6/26/2025,M0,M_Jun_2025,BPI5TC,10625
6/26/2025,M1,M_Jul_2025,BPI5TC,11175
6/26/2025,M2,M_Aug_2025,BPI5TC,10650
6/26/2025,M3,M_Sep_2025,BPI5TC,10725
6/26/2025,Q0,Q_2_2025,BPI5TC,10950
6/26/2025,Q1,Q_3_2025,BPI5TC,10850
6/26/2025,Q2,Q_4_2025,BPI5TC,10375
6/26/2025,Q3,Q_1_2026,BPI5TC,8513
6/26/2025,Y0,Y_2025,BPI5TC,10050
6/26/2025,Y1,Y_2026,BPI5TC,9912.5
6/26/2025,Y2,Y_2027,BPI5TC,10036
6/26/2025,Y3,Y_2028,BPI5TC,10350
6/27/2025,M0,M_Jun_2025,BPI5TC,10625
6/27/2025,M1,M_Jul_2025,BPI5TC,11275
6/27/2025,M2,M_Aug_2025,BPI5TC,10725
6/27/2025,M3,M_Sep_2025,BPI5TC,10725
6/27/2025,Q0,Q_2_2025,BPI5TC,10950
6/27/2025,Q1,Q_3_2025,BPI5TC,10900
6/27/2025,Q2,Q_4_2025,BPI5TC,10475
6/27/2025,Q3,Q_1_2026,BPI5TC,8567
6/27/2025,Y0,Y_2025,BPI5TC,10050
6/27/2025,Y1,Y_2026,BPI5TC,9937.5
6/27/2025,Y2,Y_2027,BPI5TC,10038
6/27/2025,Y3,Y_2028,BPI5TC,10346
6/30/2025,M0,M_Jun_2025,BPI5TC,11225
6/30/2025,M1,M_Jul_2025,BPI5TC,10675
6/30/2025,M2,M_Aug_2025,BPI5TC,10775
6/30/2025,M3,M_Sep_2025,BPI5TC,10825
6/30/2025,Q0,Q_2_2025,BPI5TC,10866.5
6/30/2025,Q1,Q_3_2025,BPI5TC,10566.5
6/30/2025,Q2,Q_4_2025,BPI5TC,8675
6/30/2025,Q3,Q_1_2026,BPI5TC,10461
6/30/2025,Y0,Y_2025,BPI5TC,10050
6/30/2025,Y1,Y_2026,BPI5TC,9900
6/30/2025,Y2,Y_2027,BPI5TC,10044
6/30/2025,Y3,Y_2028,BPI5TC,10401
7/1/2025,M0,M_Jul_2025,BPI5TC,11200
7/1/2025,M1,M_Aug_2025,BPI5TC,10750
7/1/2025,M2,M_Sep_2025,BPI5TC,10750
7/1/2025,M3,M_Oct_2025,BPI5TC,10825
7/1/2025,Q0,Q_3_2025,BPI5TC,10900
7/1/2025,Q1,Q_4_2025,BPI5TC,10600
7/1/2025,Q2,Q_1_2026,BPI5TC,8675
7/1/2025,Q3,Q_2_2026,BPI5TC,10461
7/1/2025,Y0,Y_2025,BPI5TC,10050
7/1/2025,Y1,Y_2026,BPI5TC,9937.5
7/1/2025,Y2,Y_2027,BPI5TC,10046
7/1/2025,Y3,Y_2028,BPI5TC,10414
7/2/2025,M0,M_Jul_2025,BPI5TC,11425
7/2/2025,M1,M_Aug_2025,BPI5TC,11025
7/2/2025,M2,M_Sep_2025,BPI5TC,10925
7/2/2025,M3,M_Oct_2025,BPI5TC,11050
7/2/2025,Q0,Q_3_2025,BPI5TC,11137.5
7/2/2025,Q1,Q_4_2025,BPI5TC,10675
7/2/2025,Q2,Q_1_2026,BPI5TC,8725
7/2/2025,Q3,Q_2_2026,BPI5TC,10531
7/2/2025,Y0,Y_2025,BPI5TC,10050
7/2/2025,Y1,Y_2026,BPI5TC,9950
7/2/2025,Y2,Y_2027,BPI5TC,10073
7/2/2025,Y3,Y_2028,BPI5TC,10445
7/3/2025,M0,M_Jul_2025,BPI5TC,12325
7/3/2025,M1,M_Aug_2025,BPI5TC,11500
7/3/2025,M2,M_Sep_2025,BPI5TC,11400
7/3/2025,M3,M_Oct_2025,BPI5TC,11200
7/3/2025,Q0,Q_3_2025,BPI5TC,11725
7/3/2025,Q1,Q_4_2025,BPI5TC,10900
7/3/2025,Q2,Q_1_2026,BPI5TC,8775
7/3/2025,Q3,Q_2_2026,BPI5TC,10684
7/3/2025,Y0,Y_2025,BPI5TC,10050
7/3/2025,Y1,Y_2026,BPI5TC,10075
7/3/2025,Y2,Y_2027,BPI5TC,10167
7/3/2025,Y3,Y_2028,BPI5TC,10495
7/4/2025,M0,M_Jul_2025,BPI5TC,12500
7/4/2025,M1,M_Aug_2025,BPI5TC,11750
7/4/2025,M2,M_Sep_2025,BPI5TC,11725
7/4/2025,M3,M_Oct_2025,BPI5TC,11325
7/4/2025,Q0,Q_3_2025,BPI5TC,11975
7/4/2025,Q1,Q_4_2025,BPI5TC,11050
7/4/2025,Q2,Q_1_2026,BPI5TC,8750
7/4/2025,Q3,Q_2_2026,BPI5TC,10713
7/4/2025,Y0,Y_2025,BPI5TC,10050
7/4/2025,Y1,Y_2026,BPI5TC,10075
7/4/2025,Y2,Y_2027,BPI5TC,10138
7/4/2025,Y3,Y_2028,BPI5TC,10478
7/7/2025,M0,M_Jul_2025,BPI5TC,13150
7/7/2025,M1,M_Aug_2025,BPI5TC,12525
7/7/2025,M2,M_Sep_2025,BPI5TC,12200
7/7/2025,M3,M_Oct_2025,BPI5TC,11775
7/7/2025,Q0,Q_3_2025,BPI5TC,12650
7/7/2025,Q1,Q_4_2025,BPI5TC,11450
7/7/2025,Q2,Q_1_2026,BPI5TC,9225
7/7/2025,Q3,Q_2_2026,BPI5TC,10946
7/7/2025,Y0,Y_2025,BPI5TC,10050
7/7/2025,Y1,Y_2026,BPI5TC,10375
7/7/2025,Y2,Y_2027,BPI5TC,10324
7/7/2025,Y3,Y_2028,BPI5TC,10416
7/8/2025,M0,M_Jul_2025,BPI5TC,13725
7/8/2025,M1,M_Aug_2025,BPI5TC,13225
7/8/2025,M2,M_Sep_2025,BPI5TC,12800
7/8/2025,M3,M_Oct_2025,BPI5TC,12000
7/8/2025,Q0,Q_3_2025,BPI5TC,13250
7/8/2025,Q1,Q_4_2025,BPI5TC,11575
7/8/2025,Q2,Q_1_2026,BPI5TC,9350
7/8/2025,Q3,Q_2_2026,BPI5TC,11092
7/8/2025,Y0,Y_2025,BPI5TC,10050
7/8/2025,Y1,Y_2026,BPI5TC,10450
7/8/2025,Y2,Y_2027,BPI5TC,10408
7/8/2025,Y3,Y_2028,BPI5TC,10595
7/9/2025,M0,M_Jul_2025,BPI5TC,13750
7/9/2025,M1,M_Aug_2025,BPI5TC,13350
7/9/2025,M2,M_Sep_2025,BPI5TC,12850
7/9/2025,M3,M_Oct_2025,BPI5TC,11900
7/9/2025,Q0,Q_3_2025,BPI5TC,13325
7/9/2025,Q1,Q_4_2025,BPI5TC,11575
7/9/2025,Q2,Q_1_2026,BPI5TC,9275
7/9/2025,Q3,Q_2_2026,BPI5TC,11038
7/9/2025,Y0,Y_2025,BPI5TC,10050
7/9/2025,Y1,Y_2026,BPI5TC,10400
7/9/2025,Y2,Y_2027,BPI5TC,10383
7/9/2025,Y3,Y_2028,BPI5TC,10615
7/10/2025,M0,M_Jul_2025,BPI5TC,15125
7/10/2025,M1,M_Aug_2025,BPI5TC,14925
7/10/2025,M2,M_Sep_2025,BPI5TC,13900
7/10/2025,M3,M_Oct_2025,BPI5TC,12575
7/10/2025,Q0,Q_3_2025,BPI5TC,14650
7/10/2025,Q1,Q_4_2025,BPI5TC,11925
7/10/2025,Q2,Q_1_2026,BPI5TC,9525
7/10/2025,Q3,Q_2_2026,BPI5TC,11300
7/10/2025,Y0,Y_2025,BPI5TC,10050
7/10/2025,Y1,Y_2026,BPI5TC,10725
7/10/2025,Y2,Y_2027,BPI5TC,10504
7/10/2025,Y3,Y_2028,BPI5TC,10686
7/11/2025,M0,M_Jul_2025,BPI5TC,15350
7/11/2025,M1,M_Aug_2025,BPI5TC,15075
7/11/2025,M2,M_Sep_2025,BPI5TC,13875
7/11/2025,M3,M_Oct_2025,BPI5TC,12875
7/11/2025,Q0,Q_3_2025,BPI5TC,14775
7/11/2025,Q1,Q_4_2025,BPI5TC,11900
7/11/2025,Q2,Q_1_2026,BPI5TC,9525
7/11/2025,Q3,Q_2_2026,BPI5TC,11354
7/11/2025,Y0,Y_2025,BPI5TC,10050
7/11/2025,Y1,Y_2026,BPI5TC,10750
7/11/2025,Y2,Y_2027,BPI5TC,10500
7/11/2025,Y3,Y_2028,BPI5TC,10744
7/14/2025,M0,M_Jul_2025,BPI5TC,15575
7/14/2025,M1,M_Aug_2025,BPI5TC,15425
7/14/2025,M2,M_Sep_2025,BPI5TC,13925
7/14/2025,M3,M_Oct_2025,BPI5TC,12700
7/14/2025,Q0,Q_3_2025,BPI5TC,14950
7/14/2025,Q1,Q_4_2025,BPI5TC,11850
7/14/2025,Q2,Q_1_2026,BPI5TC,9625
7/14/2025,Q3,Q_2_2026,BPI5TC,11361
7/14/2025,Y0,Y_2025,BPI5TC,10050
7/14/2025,Y1,Y_2026,BPI5TC,10800
7/14/2025,Y2,Y_2027,BPI5TC,10452
7/14/2025,Y3,Y_2028,BPI5TC,10736
7/15/2025,M0,M_Jul_2025,BPI5TC,14900
7/15/2025,M1,M_Aug_2025,BPI5TC,14100
7/15/2025,M2,M_Sep_2025,BPI5TC,12900
7/15/2025,M3,M_Oct_2025,BPI5TC,12000
7/15/2025,Q0,Q_3_2025,BPI5TC,13925
7/15/2025,Q1,Q_4_2025,BPI5TC,11300
7/15/2025,Q2,Q_1_2026,BPI5TC,9375
7/15/2025,Q3,Q_2_2026,BPI5TC,11140
7/15/2025,Y0,Y_2025,BPI5TC,10050
7/15/2025,Y1,Y_2026,BPI5TC,10512.5
7/15/2025,Y2,Y_2027,BPI5TC,10319
7/15/2025,Y3,Y_2028,BPI5TC,10652
7/16/2025,M0,M_Jul_2025,BPI5TC,14875
7/16/2025,M1,M_Aug_2025,BPI5TC,14575
7/16/2025,M2,M_Sep_2025,BPI5TC,13525
7/16/2025,M3,M_Oct_2025,BPI5TC,12325
7/16/2025,Q0,Q_3_2025,BPI5TC,14325
7/16/2025,Q1,Q_4_2025,BPI5TC,11750
7/16/2025,Q2,Q_1_2026,BPI5TC,9525
7/16/2025,Q3,Q_2_2026,BPI5TC,11277
7/16/2025,Y0,Y_2025,BPI5TC,10050
7/16/2025,Y1,Y_2026,BPI5TC,10675
7/16/2025,Y2,Y_2027,BPI5TC,10386
7/16/2025,Y3,Y_2028,BPI5TC,10677
7/17/2025,M0,M_Jul_2025,BPI5TC,14875
7/17/2025,M1,M_Aug_2025,BPI5TC,15075
7/17/2025,M2,M_Sep_2025,BPI5TC,14050
7/17/2025,M3,M_Oct_2025,BPI5TC,12875
7/17/2025,Q0,Q_3_2025,BPI5TC,14662.5
7/17/2025,Q1,Q_4_2025,BPI5TC,11950
7/17/2025,Q2,Q_1_2026,BPI5TC,9575
7/17/2025,Q3,Q_2_2026,BPI5TC,11386
7/17/2025,Y0,Y_2025,BPI5TC,10050
7/17/2025,Y1,Y_2026,BPI5TC,10750
7/17/2025,Y2,Y_2027,BPI5TC,10444
7/17/2025,Y3,Y_2028,BPI5TC,10665
7/18/2025,M0,M_Jul_2025,BPI5TC,14700
7/18/2025,M1,M_Aug_2025,BPI5TC,14600
7/18/2025,M2,M_Sep_2025,BPI5TC,13750
7/18/2025,M3,M_Oct_2025,BPI5TC,12625
7/18/2025,Q0,Q_3_2025,BPI5TC,14325
7/18/2025,Q1,Q_4_2025,BPI5TC,11850
7/18/2025,Q2,Q_1_2026,BPI5TC,9550
7/18/2025,Q3,Q_2_2026,BPI5TC,11380
7/18/2025,Y0,Y_2025,BPI5TC,10050
7/18/2025,Y1,Y_2026,BPI5TC,10675
7/18/2025,Y2,Y_2027,BPI5TC,10415
7/18/2025,Y3,Y_2028,BPI5TC,10638
7/21/2025,M0,M_Jul_2025,BPI5TC,14625
7/21/2025,M1,M_Aug_2025,BPI5TC,14275
7/21/2025,M2,M_Sep_2025,BPI5TC,13700
7/21/2025,M3,M_Oct_2025,BPI5TC,12525
7/21/2025,Q0,Q_3_2025,BPI5TC,14200
7/21/2025,Q1,Q_4_2025,BPI5TC,11800
7/21/2025,Q2,Q_1_2026,BPI5TC,9425
7/21/2025,Q3,Q_2_2026,BPI5TC,11327
7/21/2025,Y0,Y_2025,BPI5TC,10050
7/21/2025,Y1,Y_2026,BPI5TC,10675
7/21/2025,Y2,Y_2027,BPI5TC,10417
7/21/2025,Y3,Y_2028,BPI5TC,10652
7/22/2025,M0,M_Jul_2025,BPI5TC,14675
7/22/2025,M1,M_Aug_2025,BPI5TC,14775
7/22/2025,M2,M_Sep_2025,BPI5TC,13900
7/22/2025,M3,M_Oct_2025,BPI5TC,12950
7/22/2025,Q0,Q_3_2025,BPI5TC,14450
7/22/2025,Q1,Q_4_2025,BPI5TC,12050
7/22/2025,Q2,Q_1_2026,BPI5TC,9625
7/22/2025,Q3,Q_2_2026,BPI5TC,11475
7/22/2025,Y0,Y_2025,BPI5TC,10050
7/22/2025,Y1,Y_2026,BPI5TC,10750
7/22/2025,Y2,Y_2027,BPI5TC,10454
7/22/2025,Y3,Y_2028,BPI5TC,10669
7/23/2025,M0,M_Jul_2025,BPI5TC,14625
7/23/2025,M1,M_Aug_2025,BPI5TC,14075
7/23/2025,M2,M_Sep_2025,BPI5TC,13300
7/23/2025,M3,M_Oct_2025,BPI5TC,12550
7/23/2025,Q0,Q_3_2025,BPI5TC,14000
7/23/2025,Q1,Q_4_2025,BPI5TC,11725
7/23/2025,Q2,Q_1_2026,BPI5TC,9475
7/23/2025,Q3,Q_2_2026,BPI5TC,11408
7/23/2025,Y0,Y_2025,BPI5TC,10050
7/23/2025,Y1,Y_2026,BPI5TC,10575
7/23/2025,Y2,Y_2027,BPI5TC,10407
7/23/2025,Y3,Y_2028,BPI5TC,10657
7/24/2025,M0,M_Jul_2025,BPI5TC,14575
7/24/2025,M1,M_Aug_2025,BPI5TC,13800
7/24/2025,M2,M_Sep_2025,BPI5TC,13025
7/24/2025,M3,M_Oct_2025,BPI5TC,12575
7/24/2025,Q0,Q_3_2025,BPI5TC,13800
7/24/2025,Q1,Q_4_2025,BPI5TC,11775
7/24/2025,Q2,Q_1_2026,BPI5TC,9400
7/24/2025,Q3,Q_2_2026,BPI5TC,11254
7/24/2025,Y0,Y_2025,BPI5TC,10050
7/24/2025,Y1,Y_2026,BPI5TC,10525
7/24/2025,Y2,Y_2027,BPI5TC,10329
7/24/2025,Y3,Y_2028,BPI5TC,10627
7/25/2025,M0,M_Jul_2025,BPI5TC,14575
7/25/2025,M1,M_Aug_2025,BPI5TC,13800
7/25/2025,M2,M_Sep_2025,BPI5TC,13025
7/25/2025,M3,M_Oct_2025,BPI5TC,12575
7/25/2025,Q0,Q_3_2025,BPI5TC,13800
7/25/2025,Q1,Q_4_2025,BPI5TC,11775
7/25/2025,Q2,Q_1_2026,BPI5TC,9400
7/25/2025,Q3,Q_2_2026,BPI5TC,11244
7/25/2025,Y0,Y_2025,BPI5TC,10050
7/25/2025,Y1,Y_2026,BPI5TC,10525
7/25/2025,Y2,Y_2027,BPI5TC,10344
7/25/2025,Y3,Y_2028,BPI5TC,10638
7/28/2025,M0,M_Jul_2025,BPI5TC,14475
7/28/2025,M1,M_Aug_2025,BPI5TC,13475
7/28/2025,M2,M_Sep_2025,BPI5TC,12975
7/28/2025,M3,M_Oct_2025,BPI5TC,12575
7/28/2025,Q0,Q_3_2025,BPI5TC,13650
7/28/2025,Q1,Q_4_2025,BPI5TC,11725
7/28/2025,Q2,Q_1_2026,BPI5TC,9325
7/28/2025,Q3,Q_2_2026,BPI5TC,11243
7/28/2025,Y0,Y_2025,BPI5TC,10050
7/28/2025,Y1,Y_2026,BPI5TC,10525
7/28/2025,Y2,Y_2027,BPI5TC,10365
7/28/2025,Y3,Y_2028,BPI5TC,10634
7/29/2025,M0,M_Jul_2025,BPI5TC,14375
7/29/2025,M1,M_Aug_2025,BPI5TC,12775
7/29/2025,M2,M_Sep_2025,BPI5TC,12575
7/29/2025,M3,M_Oct_2025,BPI5TC,12350
7/29/2025,Q0,Q_3_2025,BPI5TC,13237.5
7/29/2025,Q1,Q_4_2025,BPI5TC,11525
7/29/2025,Q2,Q_1_2026,BPI5TC,9250
7/29/2025,Q3,Q_2_2026,BPI5TC,11323
7/29/2025,Y0,Y_2025,BPI5TC,10050
7/29/2025,Y1,Y_2026,BPI5TC,10550
7/29/2025,Y2,Y_2027,BPI5TC,10319
7/29/2025,Y3,Y_2028,BPI5TC,10620
7/30/2025,M0,M_Jul_2025,BPI5TC,14375
7/30/2025,M1,M_Aug_2025,BPI5TC,12900
7/30/2025,M2,M_Sep_2025,BPI5TC,12900
7/30/2025,M3,M_Oct_2025,BPI5TC,12625
7/30/2025,Q0,Q_3_2025,BPI5TC,13400
7/30/2025,Q1,Q_4_2025,BPI5TC,11750
7/30/2025,Q2,Q_1_2026,BPI5TC,9425
7/30/2025,Q3,Q_2_2026,BPI5TC,11421
7/30/2025,Y0,Y_2025,BPI5TC,10050
7/30/2025,Y1,Y_2026,BPI5TC,10762.5
7/30/2025,Y2,Y_2027,BPI5TC,10359
7/30/2025,Y3,Y_2028,BPI5TC,10632
7/31/2025,M0,M_Jul_2025,BPI5TC,13425
7/31/2025,M1,M_Aug_2025,BPI5TC,13500
7/31/2025,M2,M_Sep_2025,BPI5TC,13200
7/31/2025,M3,M_Oct_2025,BPI5TC,12625
7/31/2025,Q0,Q_3_2025,BPI5TC,13662.5
7/31/2025,Q1,Q_4_2025,BPI5TC,12150
7/31/2025,Q2,Q_1_2026,BPI5TC,9725
7/31/2025,Q3,Q_2_2026,BPI5TC,11630
7/31/2025,Y0,Y_2025,BPI5TC,10050
7/31/2025,Y1,Y_2026,BPI5TC,10875
7/31/2025,Y2,Y_2027,BPI5TC,10513
7/31/2025,Y3,Y_2028,BPI5TC,10686
8/1/2025,M0,M_Aug_2025,BPI5TC,13687.5
8/1/2025,M1,M_Sep_2025,BPI5TC,13850
8/1/2025,M2,M_Oct_2025,BPI5TC,13375
8/1/2025,M3,M_Nov_2025,BPI5TC,12525
8/1/2025,Q0,Q_3_2025,BPI5TC,13662.5
8/1/2025,Q1,Q_4_2025,BPI5TC,12525
8/1/2025,Q2,Q_1_2026,BPI5TC,9750
8/1/2025,Q3,Q_2_2026,BPI5TC,11628
8/1/2025,Y0,Y_2025,BPI5TC,10050
8/1/2025,Y1,Y_2026,BPI5TC,10850
8/1/2025,Y2,Y_2027,BPI5TC,10540
8/1/2025,Y3,Y_2028,BPI5TC,10711
8/4/2025,M0,M_Aug_2025,BPI5TC,13687.5
8/4/2025,M1,M_Sep_2025,BPI5TC,13850
8/4/2025,M2,M_Oct_2025,BPI5TC,13375
8/4/2025,M3,M_Nov_2025,BPI5TC,12525
8/4/2025,Q0,Q_3_2025,BPI5TC,13662.5
8/4/2025,Q1,Q_4_2025,BPI5TC,12525
8/4/2025,Q2,Q_1_2026,BPI5TC,9750
8/4/2025,Q3,Q_2_2026,BPI5TC,11581
8/4/2025,Y0,Y_2025,BPI5TC,10050
8/4/2025,Y1,Y_2026,BPI5TC,10850
8/4/2025,Y2,Y_2027,BPI5TC,10492
8/4/2025,Y3,Y_2028,BPI5TC,10706
8/5/2025,M0,M_Aug_2025,BPI5TC,14225
8/5/2025,M1,M_Sep_2025,BPI5TC,14375
8/5/2025,M2,M_Oct_2025,BPI5TC,13975
8/5/2025,M3,M_Nov_2025,BPI5TC,13175
8/5/2025,Q0,Q_3_2025,BPI5TC,13662.5
8/5/2025,Q1,Q_4_2025,BPI5TC,13025
8/5/2025,Q2,Q_1_2026,BPI5TC,10075
8/5/2025,Q3,Q_2_2026,BPI5TC,11779
8/5/2025,Y0,Y_2025,BPI5TC,10050
8/5/2025,Y1,Y_2026,BPI5TC,11075
8/5/2025,Y2,Y_2027,BPI5TC,10619
8/5/2025,Y3,Y_2028,BPI5TC,10748
8/6/2025,M0,M_Aug_2025,BPI5TC,13825
8/6/2025,M1,M_Sep_2025,BPI5TC,14175
8/6/2025,M2,M_Oct_2025,BPI5TC,13975
8/6/2025,M3,M_Nov_2025,BPI5TC,13075
8/6/2025,Q0,Q_3_2025,BPI5TC,13662.5
8/6/2025,Q1,Q_4_2025,BPI5TC,13000
8/6/2025,Q2,Q_1_2026,BPI5TC,10075
8/6/2025,Q3,Q_2_2026,BPI5TC,11760
8/6/2025,Y0,Y_2025,BPI5TC,10050
8/6/2025,Y1,Y_2026,BPI5TC,11050
8/6/2025,Y2,Y_2027,BPI5TC,10598
8/6/2025,Y3,Y_2028,BPI5TC,10748
8/7/2025,M0,M_Aug_2025,BPI5TC,13550
8/7/2025,M1,M_Sep_2025,BPI5TC,13875
8/7/2025,M2,M_Oct_2025,BPI5TC,13825
8/7/2025,M3,M_Nov_2025,BPI5TC,12900
8/7/2025,Q0,Q_3_2025,BPI5TC,13662.5
8/7/2025,Q1,Q_4_2025,BPI5TC,12912.5
8/7/2025,Q2,Q_1_2026,BPI5TC,10075
8/7/2025,Q3,Q_2_2026,BPI5TC,11810
8/7/2025,Y0,Y_2025,BPI5TC,10050
8/7/2025,Y1,Y_2026,BPI5TC,11100
8/7/2025,Y2,Y_2027,BPI5TC,10590
8/7/2025,Y3,Y_2028,BPI5TC,10748
8/8/2025,M0,M_Aug_2025,BPI5TC,13575
8/8/2025,M1,M_Sep_2025,BPI5TC,14000
8/8/2025,M2,M_Oct_2025,BPI5TC,13900
8/8/2025,M3,M_Nov_2025,BPI5TC,13125
8/8/2025,Q0,Q_3_2025,BPI5TC,13662.5
8/8/2025,Q1,Q_4_2025,BPI5TC,13050
8/8/2025,Q2,Q_1_2026,BPI5TC,10125
8/8/2025,Q3,Q_2_2026,BPI5TC,11786
8/8/2025,Y0,Y_2025,BPI5TC,10050
8/8/2025,Y1,Y_2026,BPI5TC,11175
8/8/2025,Y2,Y_2027,BPI5TC,10586
8/8/2025,Y3,Y_2028,BPI5TC,10765
8/11/2025,M0,M_Aug_2025,BPI5TC,13075
8/11/2025,M1,M_Sep_2025,BPI5TC,13425
8/11/2025,M2,M_Oct_2025,BPI5TC,13775
8/11/2025,M3,M_Nov_2025,BPI5TC,13250
8/11/2025,Q0,Q_3_2025,BPI5TC,13662.5
8/11/2025,Q1,Q_4_2025,BPI5TC,13025
8/11/2025,Q2,Q_1_2026,BPI5TC,10100
8/11/2025,Q3,Q_2_2026,BPI5TC,11831
8/11/2025,Y0,Y_2025,BPI5TC,10050
8/11/2025,Y1,Y_2026,BPI5TC,11175
8/11/2025,Y2,Y_2027,BPI5TC,10587
8/11/2025,Y3,Y_2028,BPI5TC,10737
8/12/2025,M0,M_Aug_2025,BPI5TC,13275
8/12/2025,M1,M_Sep_2025,BPI5TC,13825
8/12/2025,M2,M_Oct_2025,BPI5TC,14275
8/12/2025,M3,M_Nov_2025,BPI5TC,13575
8/12/2025,Q0,Q_3_2025,BPI5TC,13662.5
8/12/2025,Q1,Q_4_2025,BPI5TC,13450
8/12/2025,Q2,Q_1_2026,BPI5TC,10200
8/12/2025,Q3,Q_2_2026,BPI5TC,11927
8/12/2025,Y0,Y_2025,BPI5TC,10050
8/12/2025,Y1,Y_2026,BPI5TC,11225
8/12/2025,Y2,Y_2027,BPI5TC,10627
8/12/2025,Y3,Y_2028,BPI5TC,10769
8/13/2025,M0,M_Aug_2025,BPI5TC,13525
8/13/2025,M1,M_Sep_2025,BPI5TC,14275
8/13/2025,M2,M_Oct_2025,BPI5TC,14600
8/13/2025,M3,M_Nov_2025,BPI5TC,13925
8/13/2025,Q0,Q_3_2025,BPI5TC,13662.5
8/13/2025,Q1,Q_4_2025,BPI5TC,13825
8/13/2025,Q2,Q_1_2026,BPI5TC,10225
8/13/2025,Q3,Q_2_2026,BPI5TC,12006
8/13/2025,Y0,Y_2025,BPI5TC,10050
8/13/2025,Y1,Y_2026,BPI5TC,11300
8/13/2025,Y2,Y_2027,BPI5TC,10733
8/13/2025,Y3,Y_2028,BPI5TC,10869
8/14/2025,M0,M_Aug_2025,BPI5TC,13550
8/14/2025,M1,M_Sep_2025,BPI5TC,14400
8/14/2025,M2,M_Oct_2025,BPI5TC,14800
8/14/2025,M3,M_Nov_2025,BPI5TC,14125
8/14/2025,Q0,Q_3_2025,BPI5TC,13662.5
8/14/2025,Q1,Q_4_2025,BPI5TC,14000
8/14/2025,Q2,Q_1_2026,BPI5TC,10350
8/14/2025,Q3,Q_2_2026,BPI5TC,12052
8/14/2025,Y0,Y_2025,BPI5TC,10050
8/14/2025,Y1,Y_2026,BPI5TC,11400
8/14/2025,Y2,Y_2027,BPI5TC,10731
8/14/2025,Y3,Y_2028,BPI5TC,10873
8/15/2025,M0,M_Aug_2025,BPI5TC,13500
8/15/2025,M1,M_Sep_2025,BPI5TC,14300
8/15/2025,M2,M_Oct_2025,BPI5TC,14850
8/15/2025,M3,M_Nov_2025,BPI5TC,14275
8/15/2025,Q0,Q_3_2025,BPI5TC,13662.5
8/15/2025,Q1,Q_4_2025,BPI5TC,14150
8/15/2025,Q2,Q_1_2026,BPI5TC,10375
8/15/2025,Q3,Q_2_2026,BPI5TC,12056
8/15/2025,Y0,Y_2025,BPI5TC,10050
8/15/2025,Y1,Y_2026,BPI5TC,11300
8/15/2025,Y2,Y_2027,BPI5TC,10744
8/15/2025,Y3,Y_2028,BPI5TC,10869
8/18/2025,M0,M_Aug_2025,BPI5TC,13600
8/18/2025,M1,M_Sep_2025,BPI5TC,14275
8/18/2025,M2,M_Oct_2025,BPI5TC,14900
8/18/2025,M3,M_Nov_2025,BPI5TC,14350
8/18/2025,Q0,Q_3_2025,BPI5TC,13662.5
8/18/2025,Q1,Q_4_2025,BPI5TC,14225
8/18/2025,Q2,Q_1_2026,BPI5TC,10300
8/18/2025,Q3,Q_2_2026,BPI5TC,12112
8/18/2025,Y0,Y_2025,BPI5TC,10050
8/18/2025,Y1,Y_2026,BPI5TC,11425
8/18/2025,Y2,Y_2027,BPI5TC,10796
8/18/2025,Y3,Y_2028,BPI5TC,10908
8/19/2025,M0,M_Aug_2025,BPI5TC,13500
8/19/2025,M1,M_Sep_2025,BPI5TC,14150
8/19/2025,M2,M_Oct_2025,BPI5TC,14650
8/19/2025,M3,M_Nov_2025,BPI5TC,14100
8/19/2025,Q0,Q_3_2025,BPI5TC,13662.5
8/19/2025,Q1,Q_4_2025,BPI5TC,13950
8/19/2025,Q2,Q_1_2026,BPI5TC,10300
8/19/2025,Q3,Q_2_2026,BPI5TC,12041
8/19/2025,Y0,Y_2025,BPI5TC,10050
8/19/2025,Y1,Y_2026,BPI5TC,11375
8/19/2025,Y2,Y_2027,BPI5TC,10791
8/19/2025,Y3,Y_2028,BPI5TC,10904
8/20/2025,M0,M_Aug_2025,BPI5TC,13775
8/20/2025,M1,M_Sep_2025,BPI5TC,15250
8/20/2025,M2,M_Oct_2025,BPI5TC,15325
8/20/2025,M3,M_Nov_2025,BPI5TC,14725
8/20/2025,Q0,Q_3_2025,BPI5TC,13662.5
8/20/2025,Q1,Q_4_2025,BPI5TC,14525
8/20/2025,Q2,Q_1_2026,BPI5TC,10625
8/20/2025,Q3,Q_2_2026,BPI5TC,12396
8/20/2025,Y0,Y_2025,BPI5TC,10050
8/20/2025,Y1,Y_2026,BPI5TC,11700
8/20/2025,Y2,Y_2027,BPI5TC,11000
8/20/2025,Y3,Y_2028,BPI5TC,11008
8/21/2025,M0,M_Aug_2025,BPI5TC,13750
8/21/2025,M1,M_Sep_2025,BPI5TC,15550
8/21/2025,M2,M_Oct_2025,BPI5TC,15450
8/21/2025,M3,M_Nov_2025,BPI5TC,14600
8/21/2025,Q0,Q_3_2025,BPI5TC,13662.5
8/21/2025,Q1,Q_4_2025,BPI5TC,14475
8/21/2025,Q2,Q_1_2026,BPI5TC,10675
8/21/2025,Q3,Q_2_2026,BPI5TC,12508
8/21/2025,Y0,Y_2025,BPI5TC,10050
8/21/2025,Y1,Y_2026,BPI5TC,11675
8/21/2025,Y2,Y_2027,BPI5TC,10987
8/21/2025,Y3,Y_2028,BPI5TC,11058
8/22/2025,M0,M_Aug_2025,BPI5TC,13875
8/22/2025,M1,M_Sep_2025,BPI5TC,16025
8/22/2025,M2,M_Oct_2025,BPI5TC,15825
8/22/2025,M3,M_Nov_2025,BPI5TC,14875
8/22/2025,Q0,Q_3_2025,BPI5TC,13662.5
8/22/2025,Q1,Q_4_2025,BPI5TC,14787.5
8/22/2025,Q2,Q_1_2026,BPI5TC,10925
8/22/2025,Q3,Q_2_2026,BPI5TC,12590
8/22/2025,Y0,Y_2025,BPI5TC,10050
8/22/2025,Y1,Y_2026,BPI5TC,11800
8/22/2025,Y2,Y_2027,BPI5TC,11040
8/22/2025,Y3,Y_2028,BPI5TC,11098
8/25/2025,M0,M_Aug_2025,BPI5TC,13875
8/25/2025,M1,M_Sep_2025,BPI5TC,16025
8/25/2025,M2,M_Oct_2025,BPI5TC,15825
8/25/2025,M3,M_Nov_2025,BPI5TC,14875
8/25/2025,Q0,Q_3_2025,BPI5TC,13662.5
8/25/2025,Q1,Q_4_2025,BPI5TC,14787.5
8/25/2025,Q2,Q_1_2026,BPI5TC,10925
8/25/2025,Q3,Q_2_2026,BPI5TC,12590
8/25/2025,Y0,Y_2025,BPI5TC,10050
8/25/2025,Y1,Y_2026,BPI5TC,11800
8/25/2025,Y2,Y_2027,BPI5TC,11040
8/25/2025,Y3,Y_2028,BPI5TC,11098
8/26/2025,M0,M_Aug_2025,BPI5TC,13875
8/26/2025,M1,M_Sep_2025,BPI5TC,16275
8/26/2025,M2,M_Oct_2025,BPI5TC,15925
8/26/2025,M3,M_Nov_2025,BPI5TC,14975
8/26/2025,Q0,Q_3_2025,BPI5TC,13662.5
8/26/2025,Q1,Q_4_2025,BPI5TC,14825
8/26/2025,Q2,Q_1_2026,BPI5TC,10875
8/26/2025,Q3,Q_2_2026,BPI5TC,12641
8/26/2025,Y0,Y_2025,BPI5TC,10050
8/26/2025,Y1,Y_2026,BPI5TC,11887.5
8/26/2025,Y2,Y_2027,BPI5TC,11083
8/26/2025,Y3,Y_2028,BPI5TC,11125
8/27/2025,M0,M_Aug_2025,BPI5TC,13850
8/27/2025,M1,M_Sep_2025,BPI5TC,15650
8/27/2025,M2,M_Oct_2025,BPI5TC,15500
8/27/2025,M3,M_Nov_2025,BPI5TC,14425
8/27/2025,Q0,Q_3_2025,BPI5TC,13662.5
8/27/2025,Q1,Q_4_2025,BPI5TC,14358.5
8/27/2025,Q2,Q_1_2026,BPI5TC,10700
8/27/2025,Q3,Q_2_2026,BPI5TC,12538
8/27/2025,Y0,Y_2025,BPI5TC,10050
8/27/2025,Y1,Y_2026,BPI5TC,11675
8/27/2025,Y2,Y_2027,BPI5TC,10971
8/27/2025,Y3,Y_2028,BPI5TC,11063
8/28/2025,M0,M_Aug_2025,BPI5TC,13850
8/28/2025,M1,M_Sep_2025,BPI5TC,15500
8/28/2025,M2,M_Oct_2025,BPI5TC,15500
8/28/2025,M3,M_Nov_2025,BPI5TC,14400
8/28/2025,Q0,Q_3_2025,BPI5TC,13662.5
8/28/2025,Q1,Q_4_2025,BPI5TC,14475
8/28/2025,Q2,Q_1_2026,BPI5TC,10800
8/28/2025,Q3,Q_2_2026,BPI5TC,12617
8/28/2025,Y0,Y_2025,BPI5TC,10050
8/28/2025,Y1,Y_2026,BPI5TC,11825
8/28/2025,Y2,Y_2027,BPI5TC,10983
8/28/2025,Y3,Y_2028,BPI5TC,11113
8/29/2025,M0,M_Aug_2025,BPI5TC,14950
8/29/2025,M1,M_Sep_2025,BPI5TC,15000
8/29/2025,M2,M_Oct_2025,BPI5TC,14200
8/29/2025,M3,M_Nov_2025,BPI5TC,13625
8/29/2025,Q0,Q_3_2025,BPI5TC,13662.5
8/29/2025,Q1,Q_4_2025,BPI5TC,14050
8/29/2025,Q2,Q_1_2026,BPI5TC,10800
8/29/2025,Q3,Q_2_2026,BPI5TC,12600
8/29/2025,Y0,Y_2025,BPI5TC,10050
8/29/2025,Y1,Y_2026,BPI5TC,11700
8/29/2025,Y2,Y_2027,BPI5TC,10957
8/29/2025,Y3,Y_2028,BPI5TC,11104
9/1/2025,M0,M_Sep_2025,BPI5TC,14600
9/1/2025,M1,M_Oct_2025,BPI5TC,14500
9/1/2025,M2,M_Nov_2025,BPI5TC,13875
9/1/2025,M3,M_Dec_2025,BPI5TC,12675
9/1/2025,Q0,Q_3_2025,BPI5TC,13662.5
9/1/2025,Q1,Q_4_2025,BPI5TC,13650
9/1/2025,Q2,Q_1_2026,BPI5TC,10750
9/1/2025,Q3,Q_2_2026,BPI5TC,12544
9/1/2025,Y0,Y_2025,BPI5TC,10050
9/1/2025,Y1,Y_2026,BPI5TC,11700
9/1/2025,Y2,Y_2027,BPI5TC,10938
9/1/2025,Y3,Y_2028,BPI5TC,11096
9/2/2025,M0,M_Sep_2025,BPI5TC,14400
9/2/2025,M1,M_Oct_2025,BPI5TC,14275
9/2/2025,M2,M_Nov_2025,BPI5TC,13650
9/2/2025,M3,M_Dec_2025,BPI5TC,12625
9/2/2025,Q0,Q_3_2025,BPI5TC,13662.5
9/2/2025,Q1,Q_4_2025,BPI5TC,13516.5
9/2/2025,Q2,Q_1_2026,BPI5TC,10762.5
9/2/2025,Q3,Q_2_2026,BPI5TC,12494
9/2/2025,Y0,Y_2025,BPI5TC,10050
9/2/2025,Y1,Y_2026,BPI5TC,11750
9/2/2025,Y2,Y_2027,BPI5TC,10952
9/2/2025,Y3,Y_2028,BPI5TC,11083
9/3/2025,M0,M_Sep_2025,BPI5TC,14600
9/3/2025,M1,M_Oct_2025,BPI5TC,14675
9/3/2025,M2,M_Nov_2025,BPI5TC,13875
9/3/2025,M3,M_Dec_2025,BPI5TC,12875
9/3/2025,Q0,Q_3_2025,BPI5TC,13662.5
9/3/2025,Q1,Q_4_2025,BPI5TC,13800
9/3/2025,Q2,Q_1_2026,BPI5TC,10850
9/3/2025,Q3,Q_2_2026,BPI5TC,12658
9/3/2025,Y0,Y_2025,BPI5TC,10050
9/3/2025,Y1,Y_2026,BPI5TC,11825
9/3/2025,Y2,Y_2027,BPI5TC,11000
9/3/2025,Y3,Y_2028,BPI5TC,11065
9/4/2025,M0,M_Sep_2025,BPI5TC,14600
9/4/2025,M1,M_Oct_2025,BPI5TC,14675
9/4/2025,M2,M_Nov_2025,BPI5TC,13875
9/4/2025,M3,M_Dec_2025,BPI5TC,12875
9/4/2025,Q0,Q_3_2025,BPI5TC,13662.5
9/4/2025,Q1,Q_4_2025,BPI5TC,13800
9/4/2025,Q2,Q_1_2026,BPI5TC,10850
9/4/2025,Q3,Q_2_2026,BPI5TC,12825
9/4/2025,Y0,Y_2025,BPI5TC,10050
9/4/2025,Y1,Y_2026,BPI5TC,11825
9/4/2025,Y2,Y_2027,BPI5TC,10996
9/4/2025,Y3,Y_2028,BPI5TC,11158
9/5/2025,M0,M_Sep_2025,BPI5TC,15375
9/5/2025,M1,M_Oct_2025,BPI5TC,15225
9/5/2025,M2,M_Nov_2025,BPI5TC,14225
9/5/2025,M3,M_Dec_2025,BPI5TC,13150
9/5/2025,Q0,Q_3_2025,BPI5TC,13662.5
9/5/2025,Q1,Q_4_2025,BPI5TC,14200
9/5/2025,Q2,Q_1_2026,BPI5TC,11175
9/5/2025,Q3,Q_2_2026,BPI5TC,12788
9/5/2025,Y0,Y_2025,BPI5TC,10050
9/5/2025,Y1,Y_2026,BPI5TC,12000
9/5/2025,Y2,Y_2027,BPI5TC,10996
9/5/2025,Y3,Y_2028,BPI5TC,11163
9/8/2025,M0,M_Sep_2025,BPI5TC,15700
9/8/2025,M1,M_Oct_2025,BPI5TC,15600
9/8/2025,M2,M_Nov_2025,BPI5TC,14700
9/8/2025,M3,M_Dec_2025,BPI5TC,13400
9/8/2025,Q0,Q_3_2025,BPI5TC,13662.5
9/8/2025,Q1,Q_4_2025,BPI5TC,14575
9/8/2025,Q2,Q_1_2026,BPI5TC,11325
9/8/2025,Q3,Q_2_2026,BPI5TC,12942
9/8/2025,Y0,Y_2025,BPI5TC,10050
9/8/2025,Y1,Y_2026,BPI5TC,12200
9/8/2025,Y2,Y_2027,BPI5TC,11042
9/8/2025,Y3,Y_2028,BPI5TC,11190
9/9/2025,M0,M_Sep_2025,BPI5TC,16075
9/9/2025,M1,M_Oct_2025,BPI5TC,15900
9/9/2025,M2,M_Nov_2025,BPI5TC,14900
9/9/2025,M3,M_Dec_2025,BPI5TC,13600
9/9/2025,Q0,Q_3_2025,BPI5TC,13662.5
9/9/2025,Q1,Q_4_2025,BPI5TC,14800
9/9/2025,Q2,Q_1_2026,BPI5TC,11375
9/9/2025,Q3,Q_2_2026,BPI5TC,13068
9/9/2025,Y0,Y_2025,BPI5TC,10050
9/9/2025,Y1,Y_2026,BPI5TC,12200
9/9/2025,Y2,Y_2027,BPI5TC,11114
9/9/2025,Y3,Y_2028,BPI5TC,11208
9/10/2025,M0,M_Sep_2025,BPI5TC,15775
9/10/2025,M1,M_Oct_2025,BPI5TC,15375
9/10/2025,M2,M_Nov_2025,BPI5TC,14425
9/10/2025,M3,M_Dec_2025,BPI5TC,13375
9/10/2025,Q0,Q_3_2025,BPI5TC,13662.5
9/10/2025,Q1,Q_4_2025,BPI5TC,14387.5
9/10/2025,Q2,Q_1_2026,BPI5TC,11200
9/10/2025,Q3,Q_2_2026,BPI5TC,12911
9/10/2025,Y0,Y_2025,BPI5TC,10050
9/10/2025,Y1,Y_2026,BPI5TC,12050
9/10/2025,Y2,Y_2027,BPI5TC,11054
9/10/2025,Y3,Y_2028,BPI5TC,11179
9/11/2025,M0,M_Sep_2025,BPI5TC,15850
9/11/2025,M1,M_Oct_2025,BPI5TC,15400
9/11/2025,M2,M_Nov_2025,BPI5TC,14575
9/11/2025,M3,M_Dec_2025,BPI5TC,13300
9/11/2025,Q0,Q_3_2025,BPI5TC,13662.5
9/11/2025,Q1,Q_4_2025,BPI5TC,14400
9/11/2025,Q2,Q_1_2026,BPI5TC,11200
9/11/2025,Q3,Q_2_2026,BPI5TC,12850
9/11/2025,Y0,Y_2025,BPI5TC,10050
9/11/2025,Y1,Y_2026,BPI5TC,12050
9/11/2025,Y2,Y_2027,BPI5TC,11021
9/11/2025,Y3,Y_2028,BPI5TC,11145
9/12/2025,M0,M_Sep_2025,BPI5TC,15975
9/12/2025,M1,M_Oct_2025,BPI5TC,15650
9/12/2025,M2,M_Nov_2025,BPI5TC,14600
9/12/2025,M3,M_Dec_2025,BPI5TC,13500
9/12/2025,Q0,Q_3_2025,BPI5TC,13662.5
9/12/2025,Q1,Q_4_2025,BPI5TC,14600
9/12/2025,Q2,Q_1_2026,BPI5TC,11325
9/12/2025,Q3,Q_2_2026,BPI5TC,12968
9/12/2025,Y0,Y_2025,BPI5TC,10050
9/12/2025,Y1,Y_2026,BPI5TC,12175
9/12/2025,Y2,Y_2027,BPI5TC,11057
9/12/2025,Y3,Y_2028,BPI5TC,11159
9/15/2025,M0,M_Sep_2025,BPI5TC,15800
9/15/2025,M1,M_Oct_2025,BPI5TC,15150
9/15/2025,M2,M_Nov_2025,BPI5TC,14350
9/15/2025,M3,M_Dec_2025,BPI5TC,13300
9/15/2025,Q0,Q_3_2025,BPI5TC,13662.5
9/15/2025,Q1,Q_4_2025,BPI5TC,14025
9/15/2025,Q2,Q_1_2026,BPI5TC,11075
9/15/2025,Q3,Q_2_2026,BPI5TC,12864
9/15/2025,Y0,Y_2025,BPI5TC,10050
9/15/2025,Y1,Y_2026,BPI5TC,12050
9/15/2025,Y2,Y_2027,BPI5TC,11025
9/15/2025,Y3,Y_2028,BPI5TC,11081
9/16/2025,M0,M_Sep_2025,BPI5TC,15425
9/16/2025,M1,M_Oct_2025,BPI5TC,14775
9/16/2025,M2,M_Nov_2025,BPI5TC,13875
9/16/2025,M3,M_Dec_2025,BPI5TC,12850
9/16/2025,Q0,Q_3_2025,BPI5TC,13662.5
9/16/2025,Q1,Q_4_2025,BPI5TC,13825
9/16/2025,Q2,Q_1_2026,BPI5TC,10800
9/16/2025,Q3,Q_2_2026,BPI5TC,12666
9/16/2025,Y0,Y_2025,BPI5TC,10050
9/16/2025,Y1,Y_2026,BPI5TC,11800
9/16/2025,Y2,Y_2027,BPI5TC,10941
9/16/2025,Y3,Y_2028,BPI5TC,11050
9/17/2025,M0,M_Sep_2025,BPI5TC,15475
9/17/2025,M1,M_Oct_2025,BPI5TC,14900
9/17/2025,M2,M_Nov_2025,BPI5TC,14050
9/17/2025,M3,M_Dec_2025,BPI5TC,12925
9/17/2025,Q0,Q_3_2025,BPI5TC,13662.5
9/17/2025,Q1,Q_4_2025,BPI5TC,13950
9/17/2025,Q2,Q_1_2026,BPI5TC,10925
9/17/2025,Q3,Q_2_2026,BPI5TC,12643
9/17/2025,Y0,Y_2025,BPI5TC,10050
9/17/2025,Y1,Y_2026,BPI5TC,11825
9/17/2025,Y2,Y_2027,BPI5TC,10964
9/17/2025,Y3,Y_2028,BPI5TC,11023
9/18/2025,M0,M_Sep_2025,BPI5TC,15500
9/18/2025,M1,M_Oct_2025,BPI5TC,14925
9/18/2025,M2,M_Nov_2025,BPI5TC,14125
9/18/2025,M3,M_Dec_2025,BPI5TC,12825
9/18/2025,Q0,Q_3_2025,BPI5TC,13662.5
9/18/2025,Q1,Q_4_2025,BPI5TC,13925
9/18/2025,Q2,Q_1_2026,BPI5TC,11000
9/18/2025,Q3,Q_2_2026,BPI5TC,12686
9/18/2025,Y0,Y_2025,BPI5TC,10050
9/18/2025,Y1,Y_2026,BPI5TC,11912.5
9/18/2025,Y2,Y_2027,BPI5TC,10986
9/18/2025,Y3,Y_2028,BPI5TC,11015
9/19/2025,M0,M_Sep_2025,BPI5TC,15550
9/19/2025,M1,M_Oct_2025,BPI5TC,14900
9/19/2025,M2,M_Nov_2025,BPI5TC,14075
9/19/2025,M3,M_Dec_2025,BPI5TC,13050
9/19/2025,Q0,Q_3_2025,BPI5TC,13662.5
9/19/2025,Q1,Q_4_2025,BPI5TC,14012.5
9/19/2025,Q2,Q_1_2026,BPI5TC,11000
9/19/2025,Q3,Q_2_2026,BPI5TC,12650
9/19/2025,Y0,Y_2025,BPI5TC,10050
9/19/2025,Y1,Y_2026,BPI5TC,11925
9/19/2025,Y2,Y_2027,BPI5TC,10966
9/19/2025,Y3,Y_2028,BPI5TC,11050
9/22/2025,M0,M_Sep_2025,BPI5TC,15475
9/22/2025,M1,M_Oct_2025,BPI5TC,14400
9/22/2025,M2,M_Nov_2025,BPI5TC,13525
9/22/2025,M3,M_Dec_2025,BPI5TC,12600
9/22/2025,Q0,Q_3_2025,BPI5TC,13662.5
9/22/2025,Q1,Q_4_2025,BPI5TC,13550
9/22/2025,Q2,Q_1_2026,BPI5TC,10925
9/22/2025,Q3,Q_2_2026,BPI5TC,12555
9/22/2025,Y0,Y_2025,BPI5TC,10050
9/22/2025,Y1,Y_2026,BPI5TC,11775
9/22/2025,Y2,Y_2027,BPI5TC,10945
9/22/2025,Y3,Y_2028,BPI5TC,11031
9/23/2025,M0,M_Sep_2025,BPI5TC,15325
9/23/2025,M1,M_Oct_2025,BPI5TC,14950
9/23/2025,M2,M_Nov_2025,BPI5TC,14100
9/23/2025,M3,M_Dec_2025,BPI5TC,12900
9/23/2025,Q0,Q_3_2025,BPI5TC,13662.5
9/23/2025,Q1,Q_4_2025,BPI5TC,14000
9/23/2025,Q2,Q_1_2026,BPI5TC,11075
9/23/2025,Q3,Q_2_2026,BPI5TC,12750
9/23/2025,Y0,Y_2025,BPI5TC,10050
9/23/2025,Y1,Y_2026,BPI5TC,11975
9/23/2025,Y2,Y_2027,BPI5TC,11073
9/23/2025,Y3,Y_2028,BPI5TC,11121
9/24/2025,M0,M_Sep_2025,BPI5TC,15475
9/24/2025,M1,M_Oct_2025,BPI5TC,15150
9/24/2025,M2,M_Nov_2025,BPI5TC,14200
9/24/2025,M3,M_Dec_2025,BPI5TC,13075
9/24/2025,Q0,Q_3_2025,BPI5TC,13662.5
9/24/2025,Q1,Q_4_2025,BPI5TC,14158.5
9/24/2025,Q2,Q_1_2026,BPI5TC,11325
9/24/2025,Q3,Q_2_2026,BPI5TC,12884
9/24/2025,Y0,Y_2025,BPI5TC,10050
9/24/2025,Y1,Y_2026,BPI5TC,12112.5
9/24/2025,Y2,Y_2027,BPI5TC,11177
9/24/2025,Y3,Y_2028,BPI5TC,11234
9/25/2025,M0,M_Sep_2025,BPI5TC,15475
9/25/2025,M1,M_Oct_2025,BPI5TC,14625
9/25/2025,M2,M_Nov_2025,BPI5TC,13850
9/25/2025,M3,M_Dec_2025,BPI5TC,12875
9/25/2025,Q0,Q_3_2025,BPI5TC,13662.5
9/25/2025,Q1,Q_4_2025,BPI5TC,13825
9/25/2025,Q2,Q_1_2026,BPI5TC,11075
9/25/2025,Q3,Q_2_2026,BPI5TC,12781
9/25/2025,Y0,Y_2025,BPI5TC,10050
9/25/2025,Y1,Y_2026,BPI5TC,11950
9/25/2025,Y2,Y_2027,BPI5TC,11075
9/25/2025,Y3,Y_2028,BPI5TC,11195
9/26/2025,M0,M_Sep_2025,BPI5TC,15475
9/26/2025,M1,M_Oct_2025,BPI5TC,14725
9/26/2025,M2,M_Nov_2025,BPI5TC,13975
9/26/2025,M3,M_Dec_2025,BPI5TC,12875
9/26/2025,Q0,Q_3_2025,BPI5TC,13662.5
9/26/2025,Q1,Q_4_2025,BPI5TC,13850
9/26/2025,Q2,Q_1_2026,BPI5TC,11150
9/26/2025,Q3,Q_2_2026,BPI5TC,12820
9/26/2025,Y0,Y_2025,BPI5TC,10050
9/26/2025,Y1,Y_2026,BPI5TC,12000
9/26/2025,Y2,Y_2027,BPI5TC,11071
9/26/2025,Y3,Y_2028,BPI5TC,11189
9/29/2025,M0,M_Sep_2025,BPI5TC,15475
9/29/2025,M1,M_Oct_2025,BPI5TC,14212.5
9/29/2025,M2,M_Nov_2025,BPI5TC,13725
9/29/2025,M3,M_Dec_2025,BPI5TC,12800
9/29/2025,Q0,Q_3_2025,BPI5TC,13662.5
9/29/2025,Q1,Q_4_2025,BPI5TC,13541.5
9/29/2025,Q2,Q_1_2026,BPI5TC,11025
9/29/2025,Q3,Q_2_2026,BPI5TC,12691
9/29/2025,Y0,Y_2025,BPI5TC,10050
9/29/2025,Y1,Y_2026,BPI5TC,11912.5
9/29/2025,Y2,Y_2027,BPI5TC,11036
9/29/2025,Y3,Y_2028,BPI5TC,11158
9/30/2025,M0,M_Sep_2025,BPI5TC,13800
9/30/2025,M1,M_Oct_2025,BPI5TC,13425
9/30/2025,M2,M_Nov_2025,BPI5TC,12675
9/30/2025,M3,M_Dec_2025,BPI5TC,11250
9/30/2025,Q0,Q_3_2025,BPI5TC,13300
9/30/2025,Q1,Q_4_2025,BPI5TC,10950
9/30/2025,Q2,Q_1_2026,BPI5TC,12650
9/30/2025,Q3,Q_2_2026,BPI5TC,12109
9/30/2025,Y0,Y_2025,BPI5TC,10050
9/30/2025,Y1,Y_2026,BPI5TC,11875
9/30/2025,Y2,Y_2027,BPI5TC,11002
9/30/2025,Y3,Y_2028,BPI5TC,11143
10/1/2025,M0,M_Oct_2025,BPI5TC,13800
10/1/2025,M1,M_Nov_2025,BPI5TC,13300
10/1/2025,M2,M_Dec_2025,BPI5TC,12850
10/1/2025,M3,M_Jan_2026,BPI5TC,11000
10/1/2025,Q0,Q_4_2025,BPI5TC,13275
10/1/2025,Q1,Q_1_2026,BPI5TC,10962.5
10/1/2025,Q2,Q_2_2026,BPI5TC,12850
10/1/2025,Q3,Q_3_2026,BPI5TC,12198
10/1/2025,Y0,Y_2025,BPI5TC,10050
10/1/2025,Y1,Y_2026,BPI5TC,11925
10/1/2025,Y2,Y_2027,BPI5TC,11000
10/1/2025,Y3,Y_2028,BPI5TC,11165
10/2/2025,M0,M_Oct_2025,BPI5TC,13850
10/2/2025,M1,M_Nov_2025,BPI5TC,13500
10/2/2025,M2,M_Dec_2025,BPI5TC,12750
10/2/2025,M3,M_Jan_2026,BPI5TC,11400
10/2/2025,Q0,Q_4_2025,BPI5TC,13350
10/2/2025,Q1,Q_1_2026,BPI5TC,10975
10/2/2025,Q2,Q_2_2026,BPI5TC,12750
10/2/2025,Q3,Q_3_2026,BPI5TC,12291
10/2/2025,Y0,Y_2025,BPI5TC,10050
10/2/2025,Y1,Y_2026,BPI5TC,11950
10/2/2025,Y2,Y_2027,BPI5TC,11039
10/2/2025,Y3,Y_2028,BPI5TC,11202
10/3/2025,M0,M_Oct_2025,BPI5TC,13850
10/3/2025,M1,M_Nov_2025,BPI5TC,13500
10/3/2025,M2,M_Dec_2025,BPI5TC,12750
10/3/2025,M3,M_Jan_2026,BPI5TC,11400
10/3/2025,Q0,Q_4_2025,BPI5TC,13350
10/3/2025,Q1,Q_1_2026,BPI5TC,10975
10/3/2025,Q2,Q_2_2026,BPI5TC,12750
10/3/2025,Q3,Q_3_2026,BPI5TC,12323
10/3/2025,Y0,Y_2025,BPI5TC,10050
10/3/2025,Y1,Y_2026,BPI5TC,11950
10/3/2025,Y2,Y_2027,BPI5TC,11111
10/3/2025,Y3,Y_2028,BPI5TC,11231
10/6/2025,M0,M_Oct_2025,BPI5TC,13925
10/6/2025,M1,M_Nov_2025,BPI5TC,13350
10/6/2025,M2,M_Dec_2025,BPI5TC,12950
10/6/2025,M3,M_Jan_2026,BPI5TC,11525
10/6/2025,Q0,Q_4_2025,BPI5TC,13433.5
10/6/2025,Q1,Q_1_2026,BPI5TC,11075
10/6/2025,Q2,Q_2_2026,BPI5TC,12825
10/6/2025,Q3,Q_3_2026,BPI5TC,12348
10/6/2025,Y0,Y_2025,BPI5TC,10050
10/6/2025,Y1,Y_2026,BPI5TC,12100
10/6/2025,Y2,Y_2027,BPI5TC,11125
10/6/2025,Y3,Y_2028,BPI5TC,11229
10/7/2025,M0,M_Oct_2025,BPI5TC,14125
10/7/2025,M1,M_Nov_2025,BPI5TC,13825
10/7/2025,M2,M_Dec_2025,BPI5TC,13250
10/7/2025,M3,M_Jan_2026,BPI5TC,11250
10/7/2025,Q0,Q_4_2025,BPI5TC,13800
10/7/2025,Q1,Q_1_2026,BPI5TC,10975
10/7/2025,Q2,Q_2_2026,BPI5TC,12950
10/7/2025,Q3,Q_3_2026,BPI5TC,12493
10/7/2025,Y0,Y_2025,BPI5TC,10050
10/7/2025,Y1,Y_2026,BPI5TC,12075
10/7/2025,Y2,Y_2027,BPI5TC,11186
10/7/2025,Y3,Y_2028,BPI5TC,11250
10/8/2025,M0,M_Oct_2025,BPI5TC,13937.5
10/8/2025,M1,M_Nov_2025,BPI5TC,13400
10/8/2025,M2,M_Dec_2025,BPI5TC,12925
10/8/2025,M3,M_Jan_2026,BPI5TC,11375
10/8/2025,Q0,Q_4_2025,BPI5TC,13437.5
10/8/2025,Q1,Q_1_2026,BPI5TC,10862.5
10/8/2025,Q2,Q_2_2026,BPI5TC,12725
10/8/2025,Q3,Q_3_2026,BPI5TC,12321
10/8/2025,Y0,Y_2025,BPI5TC,10050
10/8/2025,Y1,Y_2026,BPI5TC,11912.5
10/8/2025,Y2,Y_2027,BPI5TC,11117
10/8/2025,Y3,Y_2028,BPI5TC,11204
10/9/2025,M0,M_Oct_2025,BPI5TC,14275
10/9/2025,M1,M_Nov_2025,BPI5TC,13700
10/9/2025,M2,M_Dec_2025,BPI5TC,13025
10/9/2025,M3,M_Jan_2026,BPI5TC,11125
10/9/2025,Q0,Q_4_2025,BPI5TC,13662.5
10/9/2025,Q1,Q_1_2026,BPI5TC,11025
10/9/2025,Q2,Q_2_2026,BPI5TC,12900
10/9/2025,Q3,Q_3_2026,BPI5TC,12386
10/9/2025,Y0,Y_2025,BPI5TC,10050
10/9/2025,Y1,Y_2026,BPI5TC,12025
10/9/2025,Y2,Y_2027,BPI5TC,11171
10/9/2025,Y3,Y_2028,BPI5TC,11247
10/10/2025,M0,M_Oct_2025,BPI5TC,15125
10/10/2025,M1,M_Nov_2025,BPI5TC,15125
10/10/2025,M2,M_Dec_2025,BPI5TC,14100
10/10/2025,M3,M_Jan_2026,BPI5TC,11500
10/10/2025,Q0,Q_4_2025,BPI5TC,14800
10/10/2025,Q1,Q_1_2026,BPI5TC,11550
10/10/2025,Q2,Q_2_2026,BPI5TC,13350
10/10/2025,Q3,Q_3_2026,BPI5TC,12693
10/10/2025,Y0,Y_2025,BPI5TC,10050
10/10/2025,Y1,Y_2026,BPI5TC,12425
10/10/2025,Y2,Y_2027,BPI5TC,11331
10/10/2025,Y3,Y_2028,BPI5TC,11343
10/13/2025,M0,M_Oct_2025,BPI5TC,15300
10/13/2025,M1,M_Nov_2025,BPI5TC,15400
10/13/2025,M2,M_Dec_2025,BPI5TC,14400
10/13/2025,M3,M_Jan_2026,BPI5TC,11900
10/13/2025,Q0,Q_4_2025,BPI5TC,15125
10/13/2025,Q1,Q_1_2026,BPI5TC,11400
10/13/2025,Q2,Q_2_2026,BPI5TC,13250
10/13/2025,Q3,Q_3_2026,BPI5TC,12756
10/13/2025,Y0,Y_2025,BPI5TC,10050
10/13/2025,Y1,Y_2026,BPI5TC,12375
10/13/2025,Y2,Y_2027,BPI5TC,11338
10/13/2025,Y3,Y_2028,BPI5TC,11325
10/14/2025,M0,M_Oct_2025,BPI5TC,14850
10/14/2025,M1,M_Nov_2025,BPI5TC,14775
10/14/2025,M2,M_Dec_2025,BPI5TC,13900
10/14/2025,M3,M_Jan_2026,BPI5TC,11675
10/14/2025,Q0,Q_4_2025,BPI5TC,14325
10/14/2025,Q1,Q_1_2026,BPI5TC,11150
10/14/2025,Q2,Q_2_2026,BPI5TC,12875
10/14/2025,Q3,Q_3_2026,BPI5TC,12468
10/14/2025,Y0,Y_2025,BPI5TC,10050
10/14/2025,Y1,Y_2026,BPI5TC,12075
10/14/2025,Y2,Y_2027,BPI5TC,11177
10/14/2025,Y3,Y_2028,BPI5TC,11231
10/15/2025,M0,M_Oct_2025,BPI5TC,14850
10/15/2025,M1,M_Nov_2025,BPI5TC,14775
10/15/2025,M2,M_Dec_2025,BPI5TC,13900
10/15/2025,M3,M_Jan_2026,BPI5TC,11675
10/15/2025,Q0,Q_4_2025,BPI5TC,14325
10/15/2025,Q1,Q_1_2026,BPI5TC,11150
10/15/2025,Q2,Q_2_2026,BPI5TC,12875
10/15/2025,Q3,Q_3_2026,BPI5TC,12546
10/15/2025,Y0,Y_2025,BPI5TC,10050
10/15/2025,Y1,Y_2026,BPI5TC,12075
10/15/2025,Y2,Y_2027,BPI5TC,11265
10/15/2025,Y3,Y_2028,BPI5TC,11272
10/16/2025,M0,M_Oct_2025,BPI5TC,14850
10/16/2025,M1,M_Nov_2025,BPI5TC,14775
10/16/2025,M2,M_Dec_2025,BPI5TC,14150
10/16/2025,M3,M_Jan_2026,BPI5TC,11675
10/16/2025,Q0,Q_4_2025,BPI5TC,14650
10/16/2025,Q1,Q_1_2026,BPI5TC,11150
10/16/2025,Q2,Q_2_2026,BPI5TC,12875
10/16/2025,Q3,Q_3_2026,BPI5TC,12568
10/16/2025,Y0,Y_2025,BPI5TC,10050
10/16/2025,Y1,Y_2026,BPI5TC,12225
10/16/2025,Y2,Y_2027,BPI5TC,11296
10/16/2025,Y3,Y_2028,BPI5TC,11298
10/17/2025,M0,M_Oct_2025,BPI5TC,14800
10/17/2025,M1,M_Nov_2025,BPI5TC,14750
10/17/2025,M2,M_Dec_2025,BPI5TC,14075
10/17/2025,M3,M_Jan_2026,BPI5TC,11425
10/17/2025,Q0,Q_4_2025,BPI5TC,14537.5
10/17/2025,Q1,Q_1_2026,BPI5TC,11275
10/17/2025,Q2,Q_2_2026,BPI5TC,13025
10/17/2025,Q3,Q_3_2026,BPI5TC,12556
10/17/2025,Y0,Y_2025,BPI5TC,10050
10/17/2025,Y1,Y_2026,BPI5TC,12212.5
10/17/2025,Y2,Y_2027,BPI5TC,11293
10/17/2025,Y3,Y_2028,BPI5TC,11293
10/20/2025,M0,M_Oct_2025,BPI5TC,14775
10/20/2025,M1,M_Nov_2025,BPI5TC,14650
10/20/2025,M2,M_Dec_2025,BPI5TC,14175
10/20/2025,M3,M_Jan_2026,BPI5TC,11500
10/20/2025,Q0,Q_4_2025,BPI5TC,14525
10/20/2025,Q1,Q_1_2026,BPI5TC,11225
10/20/2025,Q2,Q_2_2026,BPI5TC,13175
10/20/2025,Q3,Q_3_2026,BPI5TC,12663
10/20/2025,Y0,Y_2025,BPI5TC,10050
10/20/2025,Y1,Y_2026,BPI5TC,12350
10/20/2025,Y2,Y_2027,BPI5TC,11356
10/20/2025,Y3,Y_2028,BPI5TC,11315
10/21/2025,M0,M_Oct_2025,BPI5TC,14975
10/21/2025,M1,M_Nov_2025,BPI5TC,15300
10/21/2025,M2,M_Dec_2025,BPI5TC,14700
10/21/2025,M3,M_Jan_2026,BPI5TC,12075
10/21/2025,Q0,Q_4_2025,BPI5TC,14950
10/21/2025,Q1,Q_1_2026,BPI5TC,11675
10/21/2025,Q2,Q_2_2026,BPI5TC,13425
10/21/2025,Q3,Q_3_2026,BPI5TC,12836
10/21/2025,Y0,Y_2025,BPI5TC,10050
10/21/2025,Y1,Y_2026,BPI5TC,12575
10/21/2025,Y2,Y_2027,BPI5TC,11431
10/21/2025,Y3,Y_2028,BPI5TC,11388
10/22/2025,M0,M_Oct_2025,BPI5TC,14900
10/22/2025,M1,M_Nov_2025,BPI5TC,15100
10/22/2025,M2,M_Dec_2025,BPI5TC,14525
10/22/2025,M3,M_Jan_2026,BPI5TC,11975
10/22/2025,Q0,Q_4_2025,BPI5TC,14837.5
10/22/2025,Q1,Q_1_2026,BPI5TC,11775
10/22/2025,Q2,Q_2_2026,BPI5TC,13575
10/22/2025,Q3,Q_3_2026,BPI5TC,12850
10/22/2025,Y0,Y_2025,BPI5TC,10050
10/22/2025,Y1,Y_2026,BPI5TC,12525
10/22/2025,Y2,Y_2027,BPI5TC,11427
10/22/2025,Y3,Y_2028,BPI5TC,11388
10/23/2025,M0,M_Oct_2025,BPI5TC,14825
10/23/2025,M1,M_Nov_2025,BPI5TC,14600
10/23/2025,M2,M_Dec_2025,BPI5TC,13800
10/23/2025,M3,M_Jan_2026,BPI5TC,11625
10/23/2025,Q0,Q_4_2025,BPI5TC,14425
10/23/2025,Q1,Q_1_2026,BPI5TC,11425
10/23/2025,Q2,Q_2_2026,BPI5TC,13225
10/23/2025,Q3,Q_3_2026,BPI5TC,12671
10/23/2025,Y0,Y_2025,BPI5TC,10050
10/23/2025,Y1,Y_2026,BPI5TC,12325
10/23/2025,Y2,Y_2027,BPI5TC,11350
10/23/2025,Y3,Y_2028,BPI5TC,11373
10/24/2025,M0,M_Oct_2025,BPI5TC,14750
10/24/2025,M1,M_Nov_2025,BPI5TC,14900
10/24/2025,M2,M_Dec_2025,BPI5TC,13850
10/24/2025,M3,M_Jan_2026,BPI5TC,11750
10/24/2025,Q0,Q_4_2025,BPI5TC,14500
10/24/2025,Q1,Q_1_2026,BPI5TC,11500
10/24/2025,Q2,Q_2_2026,BPI5TC,13400
10/24/2025,Q3,Q_3_2026,BPI5TC,12741
10/24/2025,Y0,Y_2025,BPI5TC,10050
10/24/2025,Y1,Y_2026,BPI5TC,12425
10/24/2025,Y2,Y_2027,BPI5TC,11368
10/24/2025,Y3,Y_2028,BPI5TC,11381
10/27/2025,M0,M_Oct_2025,BPI5TC,14825
10/27/2025,M1,M_Nov_2025,BPI5TC,15300
10/27/2025,M2,M_Dec_2025,BPI5TC,14550
10/27/2025,M3,M_Jan_2026,BPI5TC,11950
10/27/2025,Q0,Q_4_2025,BPI5TC,14875
10/27/2025,Q1,Q_1_2026,BPI5TC,11825
10/27/2025,Q2,Q_2_2026,BPI5TC,13575
10/27/2025,Q3,Q_3_2026,BPI5TC,12845
10/27/2025,Y0,Y_2025,BPI5TC,10050
10/27/2025,Y1,Y_2026,BPI5TC,12525
10/27/2025,Y2,Y_2027,BPI5TC,11422
10/27/2025,Y3,Y_2028,BPI5TC,11383
10/28/2025,M0,M_Oct_2025,BPI5TC,14875
10/28/2025,M1,M_Nov_2025,BPI5TC,15050
10/28/2025,M2,M_Dec_2025,BPI5TC,14500
10/28/2025,M3,M_Jan_2026,BPI5TC,12275
10/28/2025,Q0,Q_4_2025,BPI5TC,14800
10/28/2025,Q1,Q_1_2026,BPI5TC,11825
10/28/2025,Q2,Q_2_2026,BPI5TC,13425
10/28/2025,Q3,Q_3_2026,BPI5TC,12806
10/28/2025,Y0,Y_2025,BPI5TC,10050
10/28/2025,Y1,Y_2026,BPI5TC,12575
10/28/2025,Y2,Y_2027,BPI5TC,11393
10/28/2025,Y3,Y_2028,BPI5TC,11393
10/29/2025,M0,M_Oct_2025,BPI5TC,14900
10/29/2025,M1,M_Nov_2025,BPI5TC,15175
10/29/2025,M2,M_Dec_2025,BPI5TC,14825
10/29/2025,M3,M_Jan_2026,BPI5TC,12575
10/29/2025,Q0,Q_4_2025,BPI5TC,14950
10/29/2025,Q1,Q_1_2026,BPI5TC,12350
10/29/2025,Q2,Q_2_2026,BPI5TC,13775
10/29/2025,Q3,Q_3_2026,BPI5TC,13034
10/29/2025,Y0,Y_2025,BPI5TC,10050
10/29/2025,Y1,Y_2026,BPI5TC,12887.5
10/29/2025,Y2,Y_2027,BPI5TC,11512
10/29/2025,Y3,Y_2028,BPI5TC,11504
10/30/2025,M0,M_Oct_2025,BPI5TC,14875
10/30/2025,M1,M_Nov_2025,BPI5TC,15300
10/30/2025,M2,M_Dec_2025,BPI5TC,15250
10/30/2025,M3,M_Jan_2026,BPI5TC,13000
10/30/2025,Q0,Q_4_2025,BPI5TC,15150
10/30/2025,Q1,Q_1_2026,BPI5TC,12750
10/30/2025,Q2,Q_2_2026,BPI5TC,13900
10/30/2025,Q3,Q_3_2026,BPI5TC,13138
10/30/2025,Y0,Y_2025,BPI5TC,10050
10/30/2025,Y1,Y_2026,BPI5TC,13087.5
10/30/2025,Y2,Y_2027,BPI5TC,11600
10/30/2025,Y3,Y_2028,BPI5TC,11580
10/31/2025,M0,M_Oct_2025,BPI5TC,14900
10/31/2025,M1,M_Nov_2025,BPI5TC,14875
10/31/2025,M2,M_Dec_2025,BPI5TC,12825
10/31/2025,M3,M_Jan_2026,BPI5TC,11500
10/31/2025,Q0,Q_4_2025,BPI5TC,15150
10/31/2025,Q1,Q_1_2026,BPI5TC,12550
10/31/2025,Q2,Q_2_2026,BPI5TC,13525
10/31/2025,Q3,Q_3_2026,BPI5TC,12968
10/31/2025,Y0,Y_2025,BPI5TC,10050
10/31/2025,Y1,Y_2026,BPI5TC,12775
10/31/2025,Y2,Y_2027,BPI5TC,11583
10/31/2025,Y3,Y_2028,BPI5TC,11552
11/3/2025,M0,M_Nov_2025,BPI5TC,14775
11/3/2025,M1,M_Dec_2025,BPI5TC,14875
11/3/2025,M2,M_Jan_2026,BPI5TC,13000
11/3/2025,M3,M_Feb_2026,BPI5TC,11725
11/3/2025,Q0,Q_4_2025,BPI5TC,15150
11/3/2025,Q1,Q_1_2026,BPI5TC,12750
11/3/2025,Q2,Q_2_2026,BPI5TC,13750
11/3/2025,Q3,Q_3_2026,BPI5TC,12988
11/3/2025,Y0,Y_2025,BPI5TC,10050
11/3/2025,Y1,Y_2026,BPI5TC,13000
11/3/2025,Y2,Y_2027,BPI5TC,11566
11/3/2025,Y3,Y_2028,BPI5TC,11479
11/4/2025,M0,M_Nov_2025,BPI5TC,15050
11/4/2025,M1,M_Dec_2025,BPI5TC,15175
11/4/2025,M2,M_Jan_2026,BPI5TC,13175
11/4/2025,M3,M_Feb_2026,BPI5TC,11800
11/4/2025,Q0,Q_4_2025,BPI5TC,15150
11/4/2025,Q1,Q_1_2026,BPI5TC,12925
11/4/2025,Q2,Q_2_2026,BPI5TC,13875
11/4/2025,Q3,Q_3_2026,BPI5TC,13109
11/4/2025,Y0,Y_2025,BPI5TC,10050
11/4/2025,Y1,Y_2026,BPI5TC,13125
11/4/2025,Y2,Y_2027,BPI5TC,11629
11/4/2025,Y3,Y_2028,BPI5TC,11500
11/5/2025,M0,M_Nov_2025,BPI5TC,15375
11/5/2025,M1,M_Dec_2025,BPI5TC,15625
11/5/2025,M2,M_Jan_2026,BPI5TC,13375
11/5/2025,M3,M_Feb_2026,BPI5TC,12000
11/5/2025,Q0,Q_4_2025,BPI5TC,15150
11/5/2025,Q1,Q_1_2026,BPI5TC,13100
11/5/2025,Q2,Q_2_2026,BPI5TC,14075
11/5/2025,Q3,Q_3_2026,BPI5TC,13228
11/5/2025,Y0,Y_2025,BPI5TC,10050
11/5/2025,Y1,Y_2026,BPI5TC,13287.5
11/5/2025,Y2,Y_2027,BPI5TC,11793
11/5/2025,Y3,Y_2028,BPI5TC,11571
11/6/2025,M0,M_Nov_2025,BPI5TC,15650
11/6/2025,M1,M_Dec_2025,BPI5TC,15600
11/6/2025,M2,M_Jan_2026,BPI5TC,13550
11/6/2025,M3,M_Feb_2026,BPI5TC,12125
11/6/2025,Q0,Q_4_2025,BPI5TC,15150
11/6/2025,Q1,Q_1_2026,BPI5TC,13200
11/6/2025,Q2,Q_2_2026,BPI5TC,14100
11/6/2025,Q3,Q_3_2026,BPI5TC,13296
11/6/2025,Y0,Y_2025,BPI5TC,10050
11/6/2025,Y1,Y_2026,BPI5TC,13350
11/6/2025,Y2,Y_2027,BPI5TC,11839
11/6/2025,Y3,Y_2028,BPI5TC,11591
11/7/2025,M0,M_Nov_2025,BPI5TC,15450
11/7/2025,M1,M_Dec_2025,BPI5TC,15450
11/7/2025,M2,M_Jan_2026,BPI5TC,13525
11/7/2025,M3,M_Feb_2026,BPI5TC,12125
11/7/2025,Q0,Q_4_2025,BPI5TC,15150
11/7/2025,Q1,Q_1_2026,BPI5TC,13250
11/7/2025,Q2,Q_2_2026,BPI5TC,14250
11/7/2025,Q3,Q_3_2026,BPI5TC,13305
11/7/2025,Y0,Y_2025,BPI5TC,10050
11/7/2025,Y1,Y_2026,BPI5TC,13400
11/7/2025,Y2,Y_2027,BPI5TC,11909
11/7/2025,Y3,Y_2028,BPI5TC,11607
11/10/2025,M0,M_Nov_2025,BPI5TC,15500
11/10/2025,M1,M_Dec_2025,BPI5TC,15600
11/10/2025,M2,M_Jan_2026,BPI5TC,13625
11/10/2025,M3,M_Feb_2026,BPI5TC,12300
11/10/2025,Q0,Q_4_2025,BPI5TC,15150
11/10/2025,Q1,Q_1_2026,BPI5TC,13350
11/10/2025,Q2,Q_2_2026,BPI5TC,14300
11/10/2025,Q3,Q_3_2026,BPI5TC,13348
11/10/2025,Y0,Y_2025,BPI5TC,10050
11/10/2025,Y1,Y_2026,BPI5TC,13437.5
11/10/2025,Y2,Y_2027,BPI5TC,11989
11/10/2025,Y3,Y_2028,BPI5TC,11675
11/11/2025,M0,M_Nov_2025,BPI5TC,15850
11/11/2025,M1,M_Dec_2025,BPI5TC,16175
11/11/2025,M2,M_Jan_2026,BPI5TC,13950
11/11/2025,M3,M_Feb_2026,BPI5TC,12700
11/11/2025,Q0,Q_4_2025,BPI5TC,15150
11/11/2025,Q1,Q_1_2026,BPI5TC,13775
11/11/2025,Q2,Q_2_2026,BPI5TC,14425
11/11/2025,Q3,Q_3_2026,BPI5TC,13404
11/11/2025,Y0,Y_2025,BPI5TC,10050
11/11/2025,Y1,Y_2026,BPI5TC,13675
11/11/2025,Y2,Y_2027,BPI5TC,12113
11/11/2025,Y3,Y_2028,BPI5TC,11809
11/12/2025,M0,M_Nov_2025,BPI5TC,15750
11/12/2025,M1,M_Dec_2025,BPI5TC,15775
11/12/2025,M2,M_Jan_2026,BPI5TC,14025
11/12/2025,M3,M_Feb_2026,BPI5TC,12600
11/12/2025,Q0,Q_4_2025,BPI5TC,15150
11/12/2025,Q1,Q_1_2026,BPI5TC,13625
11/12/2025,Q2,Q_2_2026,BPI5TC,14475
11/12/2025,Q3,Q_3_2026,BPI5TC,13468
11/12/2025,Y0,Y_2025,BPI5TC,10050
11/12/2025,Y1,Y_2026,BPI5TC,13550
11/12/2025,Y2,Y_2027,BPI5TC,12054
11/12/2025,Y3,Y_2028,BPI5TC,11795
11/13/2025,M0,M_Nov_2025,BPI5TC,15750
11/13/2025,M1,M_Dec_2025,BPI5TC,15775
11/13/2025,M2,M_Jan_2026,BPI5TC,14025
11/13/2025,M3,M_Feb_2026,BPI5TC,12600
11/13/2025,Q0,Q_4_2025,BPI5TC,15150
11/13/2025,Q1,Q_1_2026,BPI5TC,13650
11/13/2025,Q2,Q_2_2026,BPI5TC,14475
11/13/2025,Q3,Q_3_2026,BPI5TC,13573
11/13/2025,Y0,Y_2025,BPI5TC,10050
11/13/2025,Y1,Y_2026,BPI5TC,13550
11/13/2025,Y2,Y_2027,BPI5TC,12131
11/13/2025,Y3,Y_2028,BPI5TC,11818
11/14/2025,M0,M_Nov_2025,BPI5TC,15500
11/14/2025,M1,M_Dec_2025,BPI5TC,15550
11/14/2025,M2,M_Jan_2026,BPI5TC,13875
11/14/2025,M3,M_Feb_2026,BPI5TC,12500
11/14/2025,Q0,Q_4_2025,BPI5TC,15150
11/14/2025,Q1,Q_1_2026,BPI5TC,13475
11/14/2025,Q2,Q_2_2026,BPI5TC,14225
11/14/2025,Q3,Q_3_2026,BPI5TC,13342
11/14/2025,Y0,Y_2025,BPI5TC,10050
11/14/2025,Y1,Y_2026,BPI5TC,13475
11/14/2025,Y2,Y_2027,BPI5TC,12019
11/14/2025,Y3,Y_2028,BPI5TC,11777
11/17/2025,M0,M_Nov_2025,BPI5TC,15425
11/17/2025,M1,M_Dec_2025,BPI5TC,15725
11/17/2025,M2,M_Jan_2026,BPI5TC,14025
11/17/2025,M3,M_Feb_2026,BPI5TC,12800
11/17/2025,Q0,Q_4_2025,BPI5TC,15150
11/17/2025,Q1,Q_1_2026,BPI5TC,13700
11/17/2025,Q2,Q_2_2026,BPI5TC,14625
11/17/2025,Q3,Q_3_2026,BPI5TC,13514
11/17/2025,Y0,Y_2025,BPI5TC,10050
11/17/2025,Y1,Y_2026,BPI5TC,13650
11/17/2025,Y2,Y_2027,BPI5TC,12143
11/17/2025,Y3,Y_2028,BPI5TC,11825
11/18/2025,M0,M_Nov_2025,BPI5TC,15600
11/18/2025,M1,M_Dec_2025,BPI5TC,15950
11/18/2025,M2,M_Jan_2026,BPI5TC,14300
11/18/2025,M3,M_Feb_2026,BPI5TC,13075
11/18/2025,Q0,Q_4_2025,BPI5TC,15150
11/18/2025,Q1,Q_1_2026,BPI5TC,13900
11/18/2025,Q2,Q_2_2026,BPI5TC,14625
11/18/2025,Q3,Q_3_2026,BPI5TC,13489
11/18/2025,Y0,Y_2025,BPI5TC,10050
11/18/2025,Y1,Y_2026,BPI5TC,13687.5
11/18/2025,Y2,Y_2027,BPI5TC,12141
11/18/2025,Y3,Y_2028,BPI5TC,11840
11/19/2025,M0,M_Nov_2025,BPI5TC,15550
11/19/2025,M1,M_Dec_2025,BPI5TC,15975
11/19/2025,M2,M_Jan_2026,BPI5TC,14375
11/19/2025,M3,M_Feb_2026,BPI5TC,13050
11/19/2025,Q0,Q_4_2025,BPI5TC,15150
11/19/2025,Q1,Q_1_2026,BPI5TC,13912.5
11/19/2025,Q2,Q_2_2026,BPI5TC,14550
11/19/2025,Q3,Q_3_2026,BPI5TC,13414
11/19/2025,Y0,Y_2025,BPI5TC,10050
11/19/2025,Y1,Y_2026,BPI5TC,13650
11/19/2025,Y2,Y_2027,BPI5TC,12064
11/19/2025,Y3,Y_2028,BPI5TC,11873
11/20/2025,M0,M_Nov_2025,BPI5TC,15575
11/20/2025,M1,M_Dec_2025,BPI5TC,16575
11/20/2025,M2,M_Jan_2026,BPI5TC,14700
11/20/2025,M3,M_Feb_2026,BPI5TC,13400
11/20/2025,Q0,Q_4_2025,BPI5TC,15150
11/20/2025,Q1,Q_1_2026,BPI5TC,14350
11/20/2025,Q2,Q_2_2026,BPI5TC,14750
11/20/2025,Q3,Q_3_2026,BPI5TC,13543
11/20/2025,Y0,Y_2025,BPI5TC,10050
11/20/2025,Y1,Y_2026,BPI5TC,13862.5
11/20/2025,Y2,Y_2027,BPI5TC,12221
11/20/2025,Y3,Y_2028,BPI5TC,11941
11/21/2025,M0,M_Nov_2025,BPI5TC,15575
11/21/2025,M1,M_Dec_2025,BPI5TC,16400
11/21/2025,M2,M_Jan_2026,BPI5TC,14500
11/21/2025,M3,M_Feb_2026,BPI5TC,13325
11/21/2025,Q0,Q_4_2025,BPI5TC,15150
11/21/2025,Q1,Q_1_2026,BPI5TC,14150
11/21/2025,Q2,Q_2_2026,BPI5TC,14600
11/21/2025,Q3,Q_3_2026,BPI5TC,13520
11/21/2025,Y0,Y_2025,BPI5TC,10050
11/21/2025,Y1,Y_2026,BPI5TC,13750
11/21/2025,Y2,Y_2027,BPI5TC,12275
11/21/2025,Y3,Y_2028,BPI5TC,11956
11/24/2025,M0,M_Nov_2025,BPI5TC,15600
11/24/2025,M1,M_Dec_2025,BPI5TC,17050
11/24/2025,M2,M_Jan_2026,BPI5TC,15000
11/24/2025,M3,M_Feb_2026,BPI5TC,13875
11/24/2025,Q0,Q_4_2025,BPI5TC,15150
11/24/2025,Q1,Q_1_2026,BPI5TC,14675
11/24/2025,Q2,Q_2_2026,BPI5TC,14950
11/24/2025,Q3,Q_3_2026,BPI5TC,13707
11/24/2025,Y0,Y_2025,BPI5TC,10050
11/24/2025,Y1,Y_2026,BPI5TC,14050
11/24/2025,Y2,Y_2027,BPI5TC,12432
11/24/2025,Y3,Y_2028,BPI5TC,12048
11/25/2025,M0,M_Nov_2025,BPI5TC,15625
11/25/2025,M1,M_Dec_2025,BPI5TC,16850
11/25/2025,M2,M_Jan_2026,BPI5TC,14825
11/25/2025,M3,M_Feb_2026,BPI5TC,13675
11/25/2025,Q0,Q_4_2025,BPI5TC,15150
11/25/2025,Q1,Q_1_2026,BPI5TC,14450
11/25/2025,Q2,Q_2_2026,BPI5TC,14700
11/25/2025,Q3,Q_3_2026,BPI5TC,13413
11/25/2025,Y0,Y_2025,BPI5TC,10050
11/25/2025,Y1,Y_2026,BPI5TC,13800
11/25/2025,Y2,Y_2027,BPI5TC,12364
11/25/2025,Y3,Y_2028,BPI5TC,12031
11/26/2025,M0,M_Nov_2025,BPI5TC,15675
11/26/2025,M1,M_Dec_2025,BPI5TC,16425
11/26/2025,M2,M_Jan_2026,BPI5TC,14375
11/26/2025,M3,M_Feb_2026,BPI5TC,13300
11/26/2025,Q0,Q_4_2025,BPI5TC,15150
11/26/2025,Q1,Q_1_2026,BPI5TC,14062.5
11/26/2025,Q2,Q_2_2026,BPI5TC,14387.5
11/26/2025,Q3,Q_3_2026,BPI5TC,13214
11/26/2025,Y0,Y_2025,BPI5TC,10050
11/26/2025,Y1,Y_2026,BPI5TC,13562.5
11/26/2025,Y2,Y_2027,BPI5TC,12263
11/26/2025,Y3,Y_2028,BPI5TC,12009
11/27/2025,M0,M_Nov_2025,BPI5TC,15600
11/27/2025,M1,M_Dec_2025,BPI5TC,15900
11/27/2025,M2,M_Jan_2026,BPI5TC,14100
11/27/2025,M3,M_Feb_2026,BPI5TC,13125
11/27/2025,Q0,Q_4_2025,BPI5TC,15150
11/27/2025,Q1,Q_1_2026,BPI5TC,13787.5
11/27/2025,Q2,Q_2_2026,BPI5TC,14125
11/27/2025,Q3,Q_3_2026,BPI5TC,13043
11/27/2025,Y0,Y_2025,BPI5TC,10050
11/27/2025,Y1,Y_2026,BPI5TC,13225
11/27/2025,Y2,Y_2027,BPI5TC,12200
11/27/2025,Y3,Y_2028,BPI5TC,11955
11/28/2025,M0,M_Nov_2025,BPI5TC,15800
11/28/2025,M1,M_Dec_2025,BPI5TC,13800
11/28/2025,M2,M_Jan_2026,BPI5TC,12950
11/28/2025,M3,M_Feb_2026,BPI5TC,14225
11/28/2025,Q0,Q_4_2025,BPI5TC,15150
11/28/2025,Q1,Q_1_2026,BPI5TC,13625
11/28/2025,Q2,Q_2_2026,BPI5TC,14100
11/28/2025,Q3,Q_3_2026,BPI5TC,12941
11/28/2025,Y0,Y_2025,BPI5TC,10050
11/28/2025,Y1,Y_2026,BPI5TC,13300
11/28/2025,Y2,Y_2027,BPI5TC,12127
11/28/2025,Y3,Y_2028,BPI5TC,11932
12/1/2025,M0,M_Dec_2025,BPI5TC,15700
12/1/2025,M1,M_Jan_2026,BPI5TC,13850
12/1/2025,M2,M_Feb_2026,BPI5TC,13075
12/1/2025,M3,M_Mar_2026,BPI5TC,14275
12/1/2025,Q0,Q_4_2025,BPI5TC,15150
12/1/2025,Q1,Q_1_2026,BPI5TC,13712.5
12/1/2025,Q2,Q_2_2026,BPI5TC,14300
12/1/2025,Q3,Q_3_2026,BPI5TC,13206
12/1/2025,Y0,Y_2025,BPI5TC,10050
12/1/2025,Y1,Y_2026,BPI5TC,13475
12/1/2025,Y2,Y_2027,BPI5TC,12314
12/1/2025,Y3,Y_2028,BPI5TC,12026
12/2/2025,M0,M_Dec_2025,BPI5TC,15375
12/2/2025,M1,M_Jan_2026,BPI5TC,13350
12/2/2025,M2,M_Feb_2026,BPI5TC,12775
12/2/2025,M3,M_Mar_2026,BPI5TC,14000
12/2/2025,Q0,Q_4_2025,BPI5TC,15150
12/2/2025,Q1,Q_1_2026,BPI5TC,13375
12/2/2025,Q2,Q_2_2026,BPI5TC,14075
12/2/2025,Q3,Q_3_2026,BPI5TC,13075
12/2/2025,Y0,Y_2025,BPI5TC,10050
12/2/2025,Y1,Y_2026,BPI5TC,13287.5
12/2/2025,Y2,Y_2027,BPI5TC,12132
12/2/2025,Y3,Y_2028,BPI5TC,12041
12/3/2025,M0,M_Dec_2025,BPI5TC,15500
12/3/2025,M1,M_Jan_2026,BPI5TC,13300
12/3/2025,M2,M_Feb_2026,BPI5TC,12750
12/3/2025,M3,M_Mar_2026,BPI5TC,14100
12/3/2025,Q0,Q_4_2025,BPI5TC,15150
12/3/2025,Q1,Q_1_2026,BPI5TC,13400
12/3/2025,Q2,Q_2_2026,BPI5TC,14300
12/3/2025,Q3,Q_3_2026,BPI5TC,13154
12/3/2025,Y0,Y_2025,BPI5TC,10050
12/3/2025,Y1,Y_2026,BPI5TC,13375
12/3/2025,Y2,Y_2027,BPI5TC,12208
12/3/2025,Y3,Y_2028,BPI5TC,12083
12/4/2025,M0,M_Dec_2025,BPI5TC,15100
12/4/2025,M1,M_Jan_2026,BPI5TC,13025
12/4/2025,M2,M_Feb_2026,BPI5TC,12625
12/4/2025,M3,M_Mar_2026,BPI5TC,14175
12/4/2025,Q0,Q_4_2025,BPI5TC,15150
12/4/2025,Q1,Q_1_2026,BPI5TC,13325
12/4/2025,Q2,Q_2_2026,BPI5TC,14275
12/4/2025,Q3,Q_3_2026,BPI5TC,13016
12/4/2025,Y0,Y_2025,BPI5TC,10050
12/4/2025,Y1,Y_2026,BPI5TC,13337.5
12/4/2025,Y2,Y_2027,BPI5TC,12127
12/4/2025,Y3,Y_2028,BPI5TC,12047
12/5/2025,M0,M_Dec_2025,BPI5TC,15100
12/5/2025,M1,M_Jan_2026,BPI5TC,13025
12/5/2025,M2,M_Feb_2026,BPI5TC,12625
12/5/2025,M3,M_Mar_2026,BPI5TC,14175
12/5/2025,Q0,Q_4_2025,BPI5TC,15150
12/5/2025,Q1,Q_1_2026,BPI5TC,13100
12/5/2025,Q2,Q_2_2026,BPI5TC,14125
12/5/2025,Q3,Q_3_2026,BPI5TC,13048
12/5/2025,Y0,Y_2025,BPI5TC,10050
12/5/2025,Y1,Y_2026,BPI5TC,13337.5
12/5/2025,Y2,Y_2027,BPI5TC,12125
12/5/2025,Y3,Y_2028,BPI5TC,12040
12/8/2025,M0,M_Dec_2025,BPI5TC,14850
12/8/2025,M1,M_Jan_2026,BPI5TC,12875
12/8/2025,M2,M_Feb_2026,BPI5TC,12675
12/8/2025,M3,M_Mar_2026,BPI5TC,14025
12/8/2025,Q0,Q_4_2025,BPI5TC,15150
12/8/2025,Q1,Q_1_2026,BPI5TC,13200
12/8/2025,Q2,Q_2_2026,BPI5TC,14200
12/8/2025,Q3,Q_3_2026,BPI5TC,13082
12/8/2025,Y0,Y_2025,BPI5TC,10050
12/8/2025,Y1,Y_2026,BPI5TC,13225
12/8/2025,Y2,Y_2027,BPI5TC,12152
12/8/2025,Y3,Y_2028,BPI5TC,12064
12/9/2025,M0,M_Dec_2025,BPI5TC,14525
12/9/2025,M1,M_Jan_2026,BPI5TC,12125
12/9/2025,M2,M_Feb_2026,BPI5TC,12000
12/9/2025,M3,M_Mar_2026,BPI5TC,13375
12/9/2025,Q0,Q_4_2025,BPI5TC,15150
12/9/2025,Q1,Q_1_2026,BPI5TC,12500
12/9/2025,Q2,Q_2_2026,BPI5TC,13850
12/9/2025,Q3,Q_3_2026,BPI5TC,12807
12/9/2025,Y0,Y_2025,BPI5TC,10050
12/9/2025,Y1,Y_2026,BPI5TC,12875
12/9/2025,Y2,Y_2027,BPI5TC,11950
12/9/2025,Y3,Y_2028,BPI5TC,11931
12/10/2025,M0,M_Dec_2025,BPI5TC,14775
12/10/2025,M1,M_Jan_2026,BPI5TC,12175
12/10/2025,M2,M_Feb_2026,BPI5TC,12050
12/10/2025,M3,M_Mar_2026,BPI5TC,13550
12/10/2025,Q0,Q_4_2025,BPI5TC,15150
12/10/2025,Q1,Q_1_2026,BPI5TC,12625
12/10/2025,Q2,Q_2_2026,BPI5TC,13950
12/10/2025,Q3,Q_3_2026,BPI5TC,12995
12/10/2025,Y0,Y_2025,BPI5TC,10050
12/10/2025,Y1,Y_2026,BPI5TC,13019
12/10/2025,Y2,Y_2027,BPI5TC,12048
12/10/2025,Y3,Y_2028,BPI5TC,11935
12/11/2025,M0,M_Dec_2025,BPI5TC,14775
12/11/2025,M1,M_Jan_2026,BPI5TC,12175
12/11/2025,M2,M_Feb_2026,BPI5TC,11250
12/11/2025,M3,M_Mar_2026,BPI5TC,13550
12/11/2025,Q0,Q_4_2025,BPI5TC,15150
12/11/2025,Q1,Q_1_2026,BPI5TC,11950
12/11/2025,Q2,Q_2_2026,BPI5TC,13600
12/11/2025,Q3,Q_3_2026,BPI5TC,12725
12/11/2025,Y0,Y_2025,BPI5TC,10050
12/11/2025,Y1,Y_2026,BPI5TC,13019
12/11/2025,Y2,Y_2027,BPI5TC,11873
12/11/2025,Y3,Y_2028,BPI5TC,11885
12/12/2025,M0,M_Dec_2025,BPI5TC,14775
12/12/2025,M1,M_Jan_2026,BPI5TC,12175
12/12/2025,M2,M_Feb_2026,BPI5TC,11250
12/12/2025,M3,M_Mar_2026,BPI5TC,13550
12/12/2025,Q0,Q_4_2025,BPI5TC,15150
12/12/2025,Q1,Q_1_2026,BPI5TC,11950
12/12/2025,Q2,Q_2_2026,BPI5TC,13600
12/12/2025,Q3,Q_3_2026,BPI5TC,12745
12/12/2025,Y0,Y_2025,BPI5TC,10050
12/12/2025,Y1,Y_2026,BPI5TC,13019
12/12/2025,Y2,Y_2027,BPI5TC,11847
12/12/2025,Y3,Y_2028,BPI5TC,11825
12/15/2025,M0,M_Dec_2025,BPI5TC,14125
12/15/2025,M1,M_Jan_2026,BPI5TC,11125
12/15/2025,M2,M_Feb_2026,BPI5TC,10875
12/15/2025,M3,M_Mar_2026,BPI5TC,12750
12/15/2025,Q0,Q_4_2025,BPI5TC,15150
12/15/2025,Q1,Q_1_2026,BPI5TC,11566.5
12/15/2025,Q2,Q_2_2026,BPI5TC,13625
12/15/2025,Q3,Q_3_2026,BPI5TC,12761
12/15/2025,Y0,Y_2025,BPI5TC,10050
12/15/2025,Y1,Y_2026,BPI5TC,12610.5
12/15/2025,Y2,Y_2027,BPI5TC,11821
12/15/2025,Y3,Y_2028,BPI5TC,11801
12/16/2025,M0,M_Dec_2025,BPI5TC,13800
12/16/2025,M1,M_Jan_2026,BPI5TC,10475
12/16/2025,M2,M_Feb_2026,BPI5TC,10125
12/16/2025,M3,M_Mar_2026,BPI5TC,12350
12/16/2025,Q0,Q_4_2025,BPI5TC,15150
12/16/2025,Q1,Q_1_2026,BPI5TC,11125
12/16/2025,Q2,Q_2_2026,BPI5TC,13525
12/16/2025,Q3,Q_3_2026,BPI5TC,12725
12/16/2025,Y0,Y_2025,BPI5TC,10050
12/16/2025,Y1,Y_2026,BPI5TC,12475
12/16/2025,Y2,Y_2027,BPI5TC,11721
12/16/2025,Y3,Y_2028,BPI5TC,11723
12/17/2025,M0,M_Dec_2025,BPI5TC,13750
12/17/2025,M1,M_Jan_2026,BPI5TC,10275
12/17/2025,M2,M_Feb_2026,BPI5TC,10125
12/17/2025,M3,M_Mar_2026,BPI5TC,12500
12/17/2025,Q0,Q_4_2025,BPI5TC,15150
12/17/2025,Q1,Q_1_2026,BPI5TC,10975
12/17/2025,Q2,Q_2_2026,BPI5TC,13300
12/17/2025,Q3,Q_3_2026,BPI5TC,12636
12/17/2025,Y0,Y_2025,BPI5TC,10050
12/17/2025,Y1,Y_2026,BPI5TC,12325
12/17/2025,Y2,Y_2027,BPI5TC,11627
12/17/2025,Y3,Y_2028,BPI5TC,11673
12/18/2025,M0,M_Dec_2025,BPI5TC,13550
12/18/2025,M1,M_Jan_2026,BPI5TC,10225
12/18/2025,M2,M_Feb_2026,BPI5TC,10300
12/18/2025,M3,M_Mar_2026,BPI5TC,12550
12/18/2025,Q0,Q_4_2025,BPI5TC,15150
12/18/2025,Q1,Q_1_2026,BPI5TC,11150
12/18/2025,Q2,Q_2_2026,BPI5TC,13275
12/18/2025,Q3,Q_3_2026,BPI5TC,12731
12/18/2025,Y0,Y_2025,BPI5TC,10050
12/18/2025,Y1,Y_2026,BPI5TC,12437.5
12/18/2025,Y2,Y_2027,BPI5TC,11635
12/18/2025,Y3,Y_2028,BPI5TC,11618
12/19/2025,M0,M_Dec_2025,BPI5TC,13550
12/19/2025,M1,M_Jan_2026,BPI5TC,10300
12/19/2025,M2,M_Feb_2026,BPI5TC,10150
12/19/2025,M3,M_Mar_2026,BPI5TC,12725
12/19/2025,Q0,Q_4_2025,BPI5TC,15150
12/19/2025,Q1,Q_1_2026,BPI5TC,11075
12/19/2025,Q2,Q_2_2026,BPI5TC,13275
12/19/2025,Q3,Q_3_2026,BPI5TC,12981
12/19/2025,Y0,Y_2025,BPI5TC,10050
12/19/2025,Y1,Y_2026,BPI5TC,12425
12/19/2025,Y2,Y_2027,BPI5TC,11707
12/19/2025,Y3,Y_2028,BPI5TC,11634
12/22/2025,M0,M_Dec_2025,BPI5TC,13550
12/22/2025,M1,M_Jan_2026,BPI5TC,10600
12/22/2025,M2,M_Feb_2026,BPI5TC,10500
12/22/2025,M3,M_Mar_2026,BPI5TC,13375
12/22/2025,Q0,Q_4_2025,BPI5TC,15150
12/22/2025,Q1,Q_1_2026,BPI5TC,11475
12/22/2025,Q2,Q_2_2026,BPI5TC,13650
12/22/2025,Q3,Q_3_2026,BPI5TC,13146
12/22/2025,Y0,Y_2025,BPI5TC,10050
12/22/2025,Y1,Y_2026,BPI5TC,12750
12/22/2025,Y2,Y_2027,BPI5TC,11793
12/22/2025,Y3,Y_2028,BPI5TC,11725
12/23/2025,M0,M_Dec_2025,BPI5TC,13550
12/23/2025,M1,M_Jan_2026,BPI5TC,10750
12/23/2025,M2,M_Feb_2026,BPI5TC,10675
12/23/2025,M3,M_Mar_2026,BPI5TC,13450
12/23/2025,Q0,Q_4_2025,BPI5TC,15150
12/23/2025,Q1,Q_1_2026,BPI5TC,11575
12/23/2025,Q2,Q_2_2026,BPI5TC,13725
12/23/2025,Q3,Q_3_2026,BPI5TC,13195
12/23/2025,Y0,Y_2025,BPI5TC,10050
12/23/2025,Y1,Y_2026,BPI5TC,12875
12/23/2025,Y2,Y_2027,BPI5TC,11800
12/23/2025,Y3,Y_2028,BPI5TC,11735
12/24/2025,M0,M_Dec_2025,BPI5TC,10650
12/24/2025,M1,M_Jan_2026,BPI5TC,10750
12/24/2025,M2,M_Feb_2026,BPI5TC,13450
12/24/2025,M3,M_Mar_2026,BPI5TC,13450
12/24/2025,Q0,Q_4_2025,BPI5TC,11687.5
12/24/2025,Q1,Q_1_2026,BPI5TC,13725
12/24/2025,Q2,Q_2_2026,BPI5TC,13225
12/24/2025,Q3,Q_3_2026,BPI5TC,12713
12/24/2025,Y0,Y_2025,BPI5TC,12875
12/24/2025,Y1,Y_2026,BPI5TC,11825
12/24/2025,Y2,Y_2027,BPI5TC,11734
12/24/2025,Y3,Y_2028,BPI5TC,11733
12/25/2025,M0,M_Dec_2025,BPI5TC,10650
12/25/2025,M1,M_Jan_2026,BPI5TC,10750
12/25/2025,M2,M_Feb_2026,BPI5TC,13450
12/25/2025,M3,M_Mar_2026,BPI5TC,13450
12/25/2025,Q0,Q_4_2025,BPI5TC,11687.5
12/25/2025,Q1,Q_1_2026,BPI5TC,13725
12/25/2025,Q2,Q_2_2026,BPI5TC,13225
12/25/2025,Q3,Q_3_2026,BPI5TC,12713
12/25/2025,Y0,Y_2025,BPI5TC,12875
12/25/2025,Y1,Y_2026,BPI5TC,11825
12/25/2025,Y2,Y_2027,BPI5TC,11734
12/25/2025,Y3,Y_2028,BPI5TC,11733
12/26/2025,M0,M_Dec_2025,BPI5TC,10650
12/26/2025,M1,M_Jan_2026,BPI5TC,10750
12/26/2025,M2,M_Feb_2026,BPI5TC,13450
12/26/2025,M3,M_Mar_2026,BPI5TC,13450
12/26/2025,Q0,Q_4_2025,BPI5TC,11687.5
12/26/2025,Q1,Q_1_2026,BPI5TC,13725
12/26/2025,Q2,Q_2_2026,BPI5TC,13225
12/26/2025,Q3,Q_3_2026,BPI5TC,12713
12/26/2025,Y0,Y_2025,BPI5TC,12875
12/26/2025,Y1,Y_2026,BPI5TC,11825
12/26/2025,Y2,Y_2027,BPI5TC,11734
12/26/2025,Y3,Y_2028,BPI5TC,11733
12/29/2025,M0,M_Dec_2025,BPI5TC,10525
12/29/2025,M1,M_Jan_2026,BPI5TC,10625
12/29/2025,M2,M_Feb_2026,BPI5TC,13350
12/29/2025,M3,M_Mar_2026,BPI5TC,13450
12/29/2025,Q0,Q_4_2025,BPI5TC,11575
12/29/2025,Q1,Q_1_2026,BPI5TC,13575
12/29/2025,Q2,Q_2_2026,BPI5TC,13150
12/29/2025,Q3,Q_3_2026,BPI5TC,12683
12/29/2025,Y0,Y_2025,BPI5TC,12775
12/29/2025,Y1,Y_2026,BPI5TC,11775
12/29/2025,Y2,Y_2027,BPI5TC,11730
12/29/2025,Y3,Y_2028,BPI5TC,11727
12/30/2025,M0,M_Dec_2025,BPI5TC,10700
12/30/2025,M1,M_Jan_2026,BPI5TC,10675
12/30/2025,M2,M_Feb_2026,BPI5TC,13525
12/30/2025,M3,M_Mar_2026,BPI5TC,13450
12/30/2025,Q0,Q_4_2025,BPI5TC,11575
12/30/2025,Q1,Q_1_2026,BPI5TC,13575
12/30/2025,Q2,Q_2_2026,BPI5TC,13150
12/30/2025,Q3,Q_3_2026,BPI5TC,12654
12/30/2025,Y0,Y_2025,BPI5TC,12775
12/30/2025,Y1,Y_2026,BPI5TC,11775
12/30/2025,Y2,Y_2027,BPI5TC,11725
12/30/2025,Y3,Y_2028,BPI5TC,11724
12/31/2025,M0,M_Dec_2025,BPI5TC,10700
12/31/2025,M1,M_Jan_2026,BPI5TC,10625
12/31/2025,M2,M_Feb_2026,BPI5TC,13475
12/31/2025,M3,M_Mar_2026,BPI5TC,13300
12/31/2025,Q0,Q_4_2025,BPI5TC,11600
12/31/2025,Q1,Q_1_2026,BPI5TC,13575
12/31/2025,Q2,Q_2_2026,BPI5TC,13150
12/31/2025,Q3,Q_3_2026,BPI5TC,12666
12/31/2025,Y0,Y_2025,BPI5TC,12775
12/31/2025,Y1,Y_2026,BPI5TC,11775
12/31/2025,Y2,Y_2027,BPI5TC,11708
12/31/2025,Y3,Y_2028,BPI5TC,11720
1/1/2026,M0,M_Jan_2026,BPI5TC,10700
1/1/2026,M1,M_Feb_2026,BPI5TC,10625
1/1/2026,M2,M_Mar_2026,BPI5TC,13475
1/1/2026,M3,M_Apr_2026,BPI5TC,13300
1/1/2026,Q0,Q_1_2026,BPI5TC,11600
1/1/2026,Q1,Q_2_2026,BPI5TC,13575
1/1/2026,Q2,Q_3_2026,BPI5TC,13150
1/1/2026,Q3,Q_4_2026,BPI5TC,12666
1/1/2026,Y0,Y_2026,BPI5TC,12775
1/1/2026,Y1,Y_2027,BPI5TC,11775
1/1/2026,Y2,Y_2028,BPI5TC,11708
1/1/2026,Y3,Y_2029,BPI5TC,11720
1/2/2026,M0,M_Jan_2026,BPI5TC,10375
1/2/2026,M1,M_Feb_2026,BPI5TC,10350
1/2/2026,M2,M_Mar_2026,BPI5TC,13175
1/2/2026,M3,M_Apr_2026,BPI5TC,13200
1/2/2026,Q0,Q_1_2026,BPI5TC,11450
1/2/2026,Q1,Q_2_2026,BPI5TC,13525
1/2/2026,Q2,Q_3_2026,BPI5TC,13250
1/2/2026,Q3,Q_4_2026,BPI5TC,12702
1/2/2026,Y0,Y_2026,BPI5TC,12762.5
1/2/2026,Y1,Y_2027,BPI5TC,11800
1/2/2026,Y2,Y_2028,BPI5TC,11700
1/2/2026,Y3,Y_2029,BPI5TC,11715
1/5/2026,M0,M_Jan_2026,BPI5TC,10550
1/5/2026,M1,M_Feb_2026,BPI5TC,10450
1/5/2026,M2,M_Mar_2026,BPI5TC,13525
1/5/2026,M3,M_Apr_2026,BPI5TC,13900
1/5/2026,Q0,Q_1_2026,BPI5TC,11500
1/5/2026,Q1,Q_2_2026,BPI5TC,13775
1/5/2026,Q2,Q_3_2026,BPI5TC,13275
1/5/2026,Q3,Q_4_2026,BPI5TC,12807
1/5/2026,Y0,Y_2026,BPI5TC,12825
1/5/2026,Y1,Y_2027,BPI5TC,11925
1/5/2026,Y2,Y_2028,BPI5TC,11771
1/5/2026,Y3,Y_2029,BPI5TC,11779
1/6/2026,M0,M_Jan_2026,BPI5TC,10750
1/6/2026,M1,M_Feb_2026,BPI5TC,10675
1/6/2026,M2,M_Mar_2026,BPI5TC,13700
1/6/2026,M3,M_Apr_2026,BPI5TC,14050
1/6/2026,Q0,Q_1_2026,BPI5TC,11700
1/6/2026,Q1,Q_2_2026,BPI5TC,14075
1/6/2026,Q2,Q_3_2026,BPI5TC,13325
1/6/2026,Q3,Q_4_2026,BPI5TC,12986
1/6/2026,Y0,Y_2026,BPI5TC,13075
1/6/2026,Y1,Y_2027,BPI5TC,12075
1/6/2026,Y2,Y_2028,BPI5TC,11821
1/6/2026,Y3,Y_2029,BPI5TC,11814
1/7/2026,M0,M_Jan_2026,BPI5TC,10850
1/7/2026,M1,M_Feb_2026,BPI5TC,10850
1/7/2026,M2,M_Mar_2026,BPI5TC,13925
1/7/2026,M3,M_Apr_2026,BPI5TC,14400
1/7/2026,Q0,Q_1_2026,BPI5TC,11787.5
1/7/2026,Q1,Q_2_2026,BPI5TC,14225
1/7/2026,Q2,Q_3_2026,BPI5TC,13500
1/7/2026,Q3,Q_4_2026,BPI5TC,13082
1/7/2026,Y0,Y_2026,BPI5TC,13150
1/7/2026,Y1,Y_2027,BPI5TC,12200
1/7/2026,Y2,Y_2028,BPI5TC,11899
1/7/2026,Y3,Y_2029,BPI5TC,11882
1/8/2026,M0,M_Jan_2026,BPI5TC,11125
1/8/2026,M1,M_Feb_2026,BPI5TC,11250
1/8/2026,M2,M_Mar_2026,BPI5TC,14250
1/8/2026,M3,M_Apr_2026,BPI5TC,14750
1/8/2026,Q0,Q_1_2026,BPI5TC,12200
1/8/2026,Q1,Q_2_2026,BPI5TC,14575
1/8/2026,Q2,Q_3_2026,BPI5TC,13750
1/8/2026,Q3,Q_4_2026,BPI5TC,13296
1/8/2026,Y0,Y_2026,BPI5TC,13450
1/8/2026,Y1,Y_2027,BPI5TC,12300
1/8/2026,Y2,Y_2028,BPI5TC,11980
1/8/2026,Y3,Y_2029,BPI5TC,11945
1/9/2026,M0,M_Jan_2026,BPI5TC,10650
1/9/2026,M1,M_Feb_2026,BPI5TC,10650
1/9/2026,M2,M_Mar_2026,BPI5TC,13800
1/9/2026,M3,M_Apr_2026,BPI5TC,14475
1/9/2026,Q0,Q_1_2026,BPI5TC,11700
1/9/2026,Q1,Q_2_2026,BPI5TC,14200
1/9/2026,Q2,Q_3_2026,BPI5TC,13425
1/9/2026,Q3,Q_4_2026,BPI5TC,13129
1/9/2026,Y0,Y_2026,BPI5TC,13125
1/9/2026,Y1,Y_2027,BPI5TC,12100
1/9/2026,Y2,Y_2028,BPI5TC,11956
1/9/2026,Y3,Y_2029,BPI5TC,11902
1/12/2026,M0,M_Jan_2026,BPI5TC,10450
1/12/2026,M1,M_Feb_2026,BPI5TC,10500
1/12/2026,M2,M_Mar_2026,BPI5TC,13850
1/12/2026,M3,M_Apr_2026,BPI5TC,14275
1/12/2026,Q0,Q_1_2026,BPI5TC,11550
1/12/2026,Q1,Q_2_2026,BPI5TC,14200
1/12/2026,Q2,Q_3_2026,BPI5TC,13337.5
1/12/2026,Q3,Q_4_2026,BPI5TC,13080
1/12/2026,Y0,Y_2026,BPI5TC,13050
1/12/2026,Y1,Y_2027,BPI5TC,12050
1/12/2026,Y2,Y_2028,BPI5TC,11940
1/12/2026,Y3,Y_2029,BPI5TC,11898
1/13/2026,M0,M_Jan_2026,BPI5TC,10850
1/13/2026,M1,M_Feb_2026,BPI5TC,11150
1/13/2026,M2,M_Mar_2026,BPI5TC,14150
1/13/2026,M3,M_Apr_2026,BPI5TC,14725
1/13/2026,Q0,Q_1_2026,BPI5TC,12050
1/13/2026,Q1,Q_2_2026,BPI5TC,14475
1/13/2026,Q2,Q_3_2026,BPI5TC,13750
1/13/2026,Q3,Q_4_2026,BPI5TC,13200
1/13/2026,Y0,Y_2026,BPI5TC,13387.5
1/13/2026,Y1,Y_2027,BPI5TC,12300
1/13/2026,Y2,Y_2028,BPI5TC,12025
1/13/2026,Y3,Y_2029,BPI5TC,11931
1/14/2026,M0,M_Jan_2026,BPI5TC,10975
1/14/2026,M1,M_Feb_2026,BPI5TC,11925
1/14/2026,M2,M_Mar_2026,BPI5TC,14625
1/14/2026,M3,M_Apr_2026,BPI5TC,15525
1/14/2026,Q0,Q_1_2026,BPI5TC,12512.5
1/14/2026,Q1,Q_2_2026,BPI5TC,15200
1/14/2026,Q2,Q_3_2026,BPI5TC,14200
1/14/2026,Q3,Q_4_2026,BPI5TC,13396
1/14/2026,Y0,Y_2026,BPI5TC,13862.5
1/14/2026,Y1,Y_2027,BPI5TC,12500
1/14/2026,Y2,Y_2028,BPI5TC,12152
1/14/2026,Y3,Y_2029,BPI5TC,11971
1/15/2026,M0,M_Jan_2026,BPI5TC,11550
1/15/2026,M1,M_Feb_2026,BPI5TC,12800
1/15/2026,M2,M_Mar_2026,BPI5TC,14625
1/15/2026,M3,M_Apr_2026,BPI5TC,15525
1/15/2026,Q0,Q_1_2026,BPI5TC,13225
1/15/2026,Q1,Q_2_2026,BPI5TC,15450
1/15/2026,Q2,Q_3_2026,BPI5TC,14350
1/15/2026,Q3,Q_4_2026,BPI5TC,13461
1/15/2026,Y0,Y_2026,BPI5TC,13862.5
1/15/2026,Y1,Y_2027,BPI5TC,12500
1/15/2026,Y2,Y_2028,BPI5TC,12233
1/15/2026,Y3,Y_2029,BPI5TC,12036
1/16/2026,M0,M_Jan_2026,BPI5TC,13125
1/16/2026,M1,M_Feb_2026,BPI5TC,15000
1/16/2026,M2,M_Mar_2026,BPI5TC,16900
1/16/2026,M3,M_Apr_2026,BPI5TC,17425
1/16/2026,Q0,Q_1_2026,BPI5TC,15000
1/16/2026,Q1,Q_2_2026,BPI5TC,16900
1/16/2026,Q2,Q_3_2026,BPI5TC,15750
1/16/2026,Q3,Q_4_2026,BPI5TC,13632
1/16/2026,Y0,Y_2026,BPI5TC,15650
1/16/2026,Y1,Y_2027,BPI5TC,13950
1/16/2026,Y2,Y_2028,BPI5TC,12282
1/16/2026,Y3,Y_2029,BPI5TC,12042
1/19/2026,M0,M_Jan_2026,BPI5TC,13325
1/19/2026,M1,M_Feb_2026,BPI5TC,15300
1/19/2026,M2,M_Mar_2026,BPI5TC,17150
1/19/2026,M3,M_Apr_2026,BPI5TC,17475
1/19/2026,Q0,Q_1_2026,BPI5TC,15262.5
1/19/2026,Q1,Q_2_2026,BPI5TC,16775
1/19/2026,Q2,Q_3_2026,BPI5TC,15550
1/19/2026,Q3,Q_4_2026,BPI5TC,13585
1/19/2026,Y0,Y_2026,BPI5TC,15650
1/19/2026,Y1,Y_2027,BPI5TC,14100
1/19/2026,Y2,Y_2028,BPI5TC,12278
1/19/2026,Y3,Y_2029,BPI5TC,12031
1/20/2026,M0,M_Jan_2026,BPI5TC,13300
1/20/2026,M1,M_Feb_2026,BPI5TC,15100
1/20/2026,M2,M_Mar_2026,BPI5TC,17050
1/20/2026,M3,M_Apr_2026,BPI5TC,17300
1/20/2026,Q0,Q_1_2026,BPI5TC,15150
1/20/2026,Q1,Q_2_2026,BPI5TC,16550
1/20/2026,Q2,Q_3_2026,BPI5TC,15550
1/20/2026,Q3,Q_4_2026,BPI5TC,13458
1/20/2026,Y0,Y_2026,BPI5TC,15550
1/20/2026,Y1,Y_2027,BPI5TC,13950
1/20/2026,Y2,Y_2028,BPI5TC,12275
1/20/2026,Y3,Y_2029,BPI5TC,12014
1/21/2026,M0,M_Jan_2026,BPI5TC,13075
1/21/2026,M1,M_Feb_2026,BPI5TC,14725
1/21/2026,M2,M_Mar_2026,BPI5TC,16675
1/21/2026,M3,M_Apr_2026,BPI5TC,16900
1/21/2026,Q0,Q_1_2026,BPI5TC,14825
1/21/2026,Q1,Q_2_2026,BPI5TC,16700
1/21/2026,Q2,Q_3_2026,BPI5TC,15400
1/21/2026,Q3,Q_4_2026,BPI5TC,13403
1/21/2026,Y0,Y_2026,BPI5TC,15400
1/21/2026,Y1,Y_2027,BPI5TC,13900
1/21/2026,Y2,Y_2028,BPI5TC,12278
1/21/2026,Y3,Y_2029,BPI5TC,12006
1/22/2026,M0,M_Jan_2026,BPI5TC,13100
1/22/2026,M1,M_Feb_2026,BPI5TC,14750
1/22/2026,M2,M_Mar_2026,BPI5TC,16950
1/22/2026,M3,M_Apr_2026,BPI5TC,17000
1/22/2026,Q0,Q_1_2026,BPI5TC,14937.5
1/22/2026,Q1,Q_2_2026,BPI5TC,16800
1/22/2026,Q2,Q_3_2026,BPI5TC,15550
1/22/2026,Q3,Q_4_2026,BPI5TC,13375
1/22/2026,Y0,Y_2026,BPI5TC,15500
1/22/2026,Y1,Y_2027,BPI5TC,13950
1/22/2026,Y2,Y_2028,BPI5TC,12243
1/22/2026,Y3,Y_2029,BPI5TC,11992
1/23/2026,M0,M_Jan_2026,BPI5TC,13100
1/23/2026,M1,M_Feb_2026,BPI5TC,14750
1/23/2026,M2,M_Mar_2026,BPI5TC,16950
1/23/2026,M3,M_Apr_2026,BPI5TC,17000
1/23/2026,Q0,Q_1_2026,BPI5TC,14937.5
1/23/2026,Q1,Q_2_2026,BPI5TC,16800
1/23/2026,Q2,Q_3_2026,BPI5TC,15550
1/23/2026,Q3,Q_4_2026,BPI5TC,13375
1/23/2026,Y0,Y_2026,BPI5TC,15500
1/23/2026,Y1,Y_2027,BPI5TC,13950
1/23/2026,Y2,Y_2028,BPI5TC,12243
1/23/2026,Y3,Y_2029,BPI5TC,11992
